CAnumber,Name
1,D0001
2,D0002
3,D0003
4,D0004
5,D0005
6,D0006
7,D0007
8,D0008
9,D0009
10,D0010
11,D0011
12,D0012
13,D0013
14,D0014
15,D0015
16,D0016
17,D0017
18,D0018
19,D0019
20,D0020
21,D0021
22,D0022
23,D0023
24,D0024
25,D0025
26,D0026
27,D0027
28,D0028
29,D0029
30,D0030
31,D0031
32,D0032
33,D0033
34,D0034
35,D0035
36,D0036
37,D0037
38,D0038
39,D0039
40,D0040
41,D0041
42,D0042
43,D0043
44,D0044
45,D0045
46,D0046
47,D0047
48,D0048
49,D0049
50,D0050
51,D0051
52,D0052
53,D0053
54,D0054
55,D0055
56,D0056
57,D0057
58,D0058
59,D0059
60,D0060
61,D0061
62,D0062
63,D0063
64,D0064
65,D0065
66,D0066
67,D0067
68,D0068
69,D0069
70,D0070
71,D0071
72,D0072
73,D0073
74,D0074
75,D0075
76,D0076
77,D0077
78,D0078
79,D0079
80,D0080
81,D0081
82,D0082
83,D0083
84,D0084
85,D0085
86,D0086
87,D0087
88,D0088
89,D0089
90,D0090
91,D0091
92,D0092
93,D0093
94,D0094
95,D0095
96,D0096
97,D0097
98,D0098
99,D0099
100,D0100
101,D0101
102,D0102
103,D0103
104,D0104
105,D0105
106,D0106
107,D0107
108,D0108
109,D0109
110,D0110
111,D0111
112,D0112
113,D0113
114,D0114
115,D0115
116,D0116
117,D0117
118,D0118
119,D0119
120,D0120
121,D0121
122,D0122
123,D0123
124,D0124
125,D0125
126,D0126
127,D0127
128,D0128
129,D0129
130,D0130
131,D0131
132,D0132
133,D0133
134,D0134
135,D0135
136,D0136
137,D0137
138,D0138
139,D0139
140,D0140
141,D0141
142,D0142
143,D0143
144,D0144
145,D0145
146,D0146
147,D0147
148,D0148
149,D0149
150,D0150
151,D0151
152,D0152
153,D0153
154,D0154
155,D0155
156,D0156
157,D0157
158,D0158
159,D0159
160,D0160
161,D0161
162,D0162
163,D0163
164,D0164
165,D0165
166,D0166
167,D0167
168,D0168
169,D0169
170,D0170
171,D0171
172,D0172
173,D0173
174,D0174
175,D0175
176,D0176
177,D0177
178,D0178
179,D0179
180,D0180
181,D0181
182,D0182
183,D0183
184,D0184
185,D0185
186,D0186
187,D0187
188,D0188
189,D0189
190,D0190
191,D0191
192,D0192
193,D0193
194,D0194
195,D0195
196,D0196
197,D0197
198,D0198
199,D0199
200,D0200
201,D0201
202,D0202
203,D0203
204,D0204
205,D0205
206,D0206
207,D0207
208,D0208
209,D0209
210,D0210
211,D0211
212,D0212
213,D0213
214,D0214
215,D0215
216,D0216
217,D0217
218,D0218
219,D0219
220,D0220
221,D0221
222,D0222
223,D0223
224,D0224
225,D0225
226,D0226
227,D0227
228,D0228
229,D0229
230,D0230
231,D0231
232,D0232
233,D0233
234,D0234
235,D0235
236,D0236
237,D0237
238,D0238
239,D0239
240,D0240
241,D0241
242,D0242
243,D0243
244,D0244
245,D0245
246,D0246
247,D0247
248,D0248
249,D0249
250,D0250
251,D0251
252,D0252
253,D0253
254,D0254
255,D0255
256,D0256
257,D0257
258,D0258
259,D0259
260,D0260
261,D0261
262,D0262
263,D0263
264,D0264
265,D0265
266,D0266
267,D0267
268,D0268
269,D0269
270,D0270
271,D0271
272,D0272
273,D0273
274,D0274
275,D0275
276,D0276
277,D0277
278,D0278
279,D0279
280,D0280
281,D0281
282,D0282
283,D0283
284,D0284
285,D0285
286,D0286
287,D0287
288,D0288
289,D0289
290,D0290
291,D0291
292,D0292
293,D0293
294,D0294
295,D0295
296,D0296
297,D0297
298,D0298
299,D0299
300,D0300
301,D0301
302,D0302
303,D0303
304,D0304
305,D0305
306,D0306
307,D0307
308,D0308
309,D0309
310,D0310
311,D0311
312,D0312
313,D0313
314,D0314
315,D0315
316,D0316
317,D0317
318,D0318
319,D0319
320,D0320
321,D0321
322,D0322
323,D0323
324,D0324
325,D0325
326,D0326
327,D0327
328,D0328
329,D0329
330,D0330
331,D0331
332,D0332
333,D0333
334,D0334
335,D0335
336,D0336
337,D0337
338,D0338
339,D0339
340,D0340
341,D0341
342,D0342
343,D0343
344,D0344
345,D0345
346,D0346
347,D0347
348,D0348
349,D0349
350,D0350
351,D0351
352,D0352
353,D0353
354,D0354
355,D0355
356,D0356
357,D0357
358,D0358
359,D0359
360,D0360
361,D0361
362,D0362
363,D0363
364,D0364
365,D0365
366,D0366
367,D0367
368,D0368
369,D0369
370,D0370
371,D0371
372,D0372
373,D0373
374,D0374
375,D0375
376,D0376
377,D0377
378,D0378
379,D0379
380,D0380
381,D0381
382,D0382
383,D0383
384,D0384
385,D0385
386,D0386
387,D0387
388,D0388
389,D0389
390,D0390
391,D0391
392,D0392
393,D0393
394,D0394
395,D0395
396,D0396
397,D0397
398,D0398
399,D0399
400,D0400
401,D0401
402,D0402
403,D0403
404,D0404
405,D0405
406,D0406
407,D0407
408,D0408
409,D0409
410,D0410
411,D0411
412,D0412
413,D0413
414,D0414
415,D0415
416,D0416
417,D0417
418,D0418
419,D0419
420,D0420
421,D0421
422,D0422
423,D0423
424,D0424
425,D0425
426,D0426
427,D0427
428,D0428
429,D0429
430,D0430
431,D0431
432,D0432
433,D0433
434,D0434
435,D0435
436,D0436
437,D0437
438,D0438
439,D0439
440,D0440
441,D0441
442,D0442
443,D0443
444,D0444
445,D0445
446,D0446
447,D0447
448,D0448
449,D0449
450,D0450
451,D0451
452,D0452
453,D0453
454,D0454
455,D0455
456,D0456
457,D0457
458,D0458
459,D0459
460,D0460
461,D0461
462,D0462
463,D0463
464,D0464
465,D0465
466,D0466
467,D0467
468,D0468
469,D0469
470,D0470
471,D0471
472,D0472
473,D0473
474,D0474
475,D0475
476,D0476
477,D0477
478,D0478
479,D0479
480,D0480
481,D0481
482,D0482
483,D0483
484,D0484
485,D0485
486,D0486
487,D0487
488,D0488
489,D0489
490,D0490
491,D0491
492,D0492
493,D0493
494,D0494
495,D0495
496,D0496
497,D0497
498,D0498
499,D0499
500,D0500
501,D0501
502,D0502
503,D0503
504,D0504
505,D0505
506,D0506
507,D0507
508,D0508
509,D0509
510,D0510
511,D0511
512,D0512
513,D0513
514,D0514
515,D0515
516,D0516
517,D0517
518,D0518
519,D0519
520,D0520
521,D0521
522,D0522
523,D0523
524,D0524
525,D0525
526,D0526
527,D0527
528,D0528
529,D0529
530,D0530
531,D0531
532,D0532
533,D0533
534,D0534
535,D0535
536,D0536
537,D0537
538,D0538
539,D0539
540,D0540
541,D0541
542,D0542
543,D0543
544,D0544
545,D0545
546,D0546
547,D0547
548,D0548
549,D0549
550,D0550
551,D0551
552,D0552
553,D0553
554,D0554
555,D0555
556,D0556
557,D0557
558,D0558
559,D0559
560,D0560
561,D0561
562,D0562
563,D0563
564,D0564
565,D0565
566,D0566
567,D0567
568,D0568
569,D0569
570,D0570
571,D0571
572,D0572
573,D0573
574,D0574
575,D0575
576,D0576
577,D0577
578,D0578
579,D0579
580,D0580
581,D0581
582,D0582
583,D0583
584,D0584
585,D0585
586,D0586
587,D0587
588,D0588
589,D0589
590,D0590
591,D0591
592,D0592
593,D0593
594,D0594
595,D0595
596,D0596
597,D0597
598,D0598
599,D0599
600,D0600
601,D0601
602,D0602
603,D0603
604,D0604
605,D0605
606,D0606
607,D0607
608,D0608
609,D0609
610,D0610
611,D0611
612,D0612
613,D0613
614,D0614
615,D0615
616,D0616
617,D0617
618,D0618
619,D0619
620,D0620
621,D0621
622,D0622
623,D0623
624,D0624
625,D0625
626,D0626
627,D0627
628,D0628
629,D0629
630,D0630
631,D0631
632,D0632
633,D0633
634,D0634
635,D0635
636,D0636
637,D0637
638,D0638
639,D0639
640,D0640
641,D0641
642,D0642
643,D0643
644,D0644
645,D0645
646,D0646
647,D0647
648,D0648
649,D0649
650,D0650
651,D0651
652,D0652
653,D0653
654,D0654
655,D0655
656,D0656
657,D0657
658,D0658
659,D0659
660,D0660
661,D0661
662,D0662
663,D0663
664,D0664
665,D0665
666,D0666
667,D0667
668,D0668
669,D0669
670,D0670
671,D0671
672,D0672
673,D0673
674,D0674
675,D0675
676,D0676
677,D0677
678,D0678
679,D0679
680,D0680
681,D0681
682,D0682
683,D0683
684,D0684
685,D0685
686,D0686
687,D0687
688,D0688
689,D0689
690,D0690
691,D0691
692,D0692
693,D0693
694,D0694
695,D0695
696,D0696
697,D0697
698,D0698
699,D0699
700,D0700
701,D0701
702,D0702
703,D0703
704,D0704
705,D0705
706,D0706
707,D0707
708,D0708
709,D0709
710,D0710
711,D0711
712,D0712
713,D0713
714,D0714
715,D0715
716,D0716
717,D0717
718,D0718
719,D0719
720,D0720
721,D0721
722,D0722
723,D0723
724,D0724
725,D0725
726,D0726
727,D0727
728,D0728
729,D0729
730,D0730
731,D0731
732,D0732
733,D0733
734,D0734
735,D0735
736,D0736
737,D0737
738,D0738
739,D0739
740,D0740
741,D0741
742,D0742
743,D0743
744,D0744
745,D0745
746,D0746
747,D0747
748,D0748
749,D0749
750,D0750
751,D0751
752,D0752
753,D0753
754,D0754
755,D0755
756,D0756
757,D0757
758,D0758
759,D0759
760,D0760
761,D0761
762,D0762
763,D0763
764,D0764
765,D0765
766,D0766
767,D0767
768,D0768
769,D0769
770,D0770
771,D0771
772,D0772
773,D0773
774,D0774
775,D0775
776,D0776
777,D0777
778,D0778
779,D0779
780,D0780
781,D0781
782,D0782
783,D0783
784,D0784
785,D0785
786,D0786
787,D0787
788,D0788
789,D0789
790,D0790
791,D0791
792,D0792
793,D0793
794,D0794
795,D0795
796,D0796
797,D0797
798,D0798
799,D0799
800,D0800
801,D0801
802,D0802
803,D0803
804,D0804
805,D0805
806,D0806
807,D0807
808,D0808
809,D0809
810,D0810
811,D0811
812,D0812
813,D0813
814,D0814
815,D0815
816,D0816
817,D0817
818,D0818
819,D0819
820,D0820
821,D0821
822,D0822
823,D0823
824,D0824
825,D0825
826,D0826
827,D0827
828,D0828
829,D0829
830,D0830
831,D0831
832,D0832
833,D0833
834,D0834
835,D0835
836,D0836
837,D0837
838,D0838
839,D0839
840,D0840
841,D0841
842,D0842
843,D0843
844,D0844
845,D0845
846,D0846
847,D0847
848,D0848
849,D0849
850,D0850
851,D0851
852,D0852
853,D0853
854,D0854
855,D0855
856,D0856
857,D0857
858,D0858
859,D0859
860,D0860
861,D0861
862,D0862
863,D0863
864,D0864
865,D0865
866,D0866
867,D0867
868,D0868
869,D0869
870,D0870
871,D0871
872,D0872
873,D0873
874,D0874
875,D0875
876,D0876
877,D0877
878,D0878
879,D0879
880,D0880
881,D0881
882,D0882
883,D0883
884,D0884
885,D0885
886,D0886
887,D0887
888,D0888
889,D0889
890,D0890
891,D0891
892,D0892
893,D0893
894,D0894
895,D0895
896,D0896
897,D0897
898,D0898
899,D0899
900,D0900
901,D0901
902,D0902
903,D0903
904,D0904
905,D0905
906,D0906
907,D0907
908,D0908
909,D0909
910,D0910
911,D0911
912,D0912
913,D0913
914,D0914
915,D0915
916,D0916
917,D0917
918,D0918
919,D0919
920,D0920
921,D0921
922,D0922
923,D0923
924,D0924
925,D0925
926,D0926
927,D0927
928,D0928
929,D0929
930,D0930
931,D0931
932,D0932
933,D0933
934,D0934
935,D0935
936,D0936
937,D0937
938,D0938
939,D0939
940,D0940
941,D0941
942,D0942
943,D0943
944,D0944
945,D0945
946,D0946
947,D0947
948,D0948
949,D0949
950,D0950
951,D0951
952,D0952
953,D0953
954,D0954
955,D0955
956,D0956
957,D0957
958,D0958
959,D0959
960,D0960
961,D0961
962,D0962
963,D0963
964,D0964
965,D0965
966,D0966
967,D0967
968,D0968
969,D0969
970,D0970
971,D0971
972,D0972
973,D0973
974,D0974
975,D0975
976,D0976
977,D0977
978,D0978
979,D0979
980,D0980
981,D0981
982,D0982
983,D0983
984,D0984
985,D0985
986,D0986
987,D0987
988,D0988
989,D0989
990,D0990
991,D0991
992,D0992
993,D0993
994,D0994
995,D0995
996,D0996
997,D0997
998,D0998
999,D0999
1000,D1000
1001,D1001
1002,D1002
1003,D1003
1004,D1004
1005,D1005
1006,D1006
1007,D1007
1008,D1008
1009,D1009
1010,D1010
1011,D1011
1012,D1012
1013,D1013
1014,D1014
1015,D1015
1016,D1016
1017,D1017
1018,D1018
1019,D1019
1020,D1020
1021,D1021
1022,D1022
1023,D1023
1024,D1024
1025,D1025
1026,D1026
1027,D1027
1028,D1028
1029,D1029
1030,D1030
1031,D1031
1032,D1032
1033,D1033
1034,D1034
1035,D1035
1036,D1036
1037,D1037
1038,D1038
1039,D1039
1040,D1040
1041,D1041
1042,D1042
1043,D1043
1044,D1044
1045,D1045
1046,D1046
1047,D1047
1048,D1048
1049,D1049
1050,D1050
1051,D1051
1052,D1052
1053,D1053
1054,D1054
1055,D1055
1056,D1056
1057,D1057
1058,D1058
1059,D1059
1060,D1060
1061,D1061
1062,D1062
1063,D1063
1064,D1064
1065,D1065
1066,D1066
1067,D1067
1068,D1068
1069,D1069
1070,D1070
1071,D1071
1072,D1072
1073,D1073
1074,D1074
1075,D1075
1076,D1076
1077,D1077
1078,D1078
1079,D1079
1080,D1080
1081,D1081
1082,D1082
1083,D1083
1084,D1084
1085,D1085
1086,D1086
1087,D1087
1088,D1088
1089,D1089
1090,D1090
1091,D1091
1092,D1092
1093,D1093
1094,D1094
1095,D1095
1096,D1096
1097,D1097
1098,D1098
1099,D1099
1100,D1100
1101,D1101
1102,D1102
1103,D1103
1104,D1104
1105,D1105
1106,D1106
1107,D1107
1108,D1108
1109,D1109
1110,D1110
1111,D1111
1112,D1112
1113,D1113
1114,D1114
1115,D1115
1116,D1116
1117,D1117
1118,D1118
1119,D1119
1120,D1120
1121,D1121
1122,D1122
1123,D1123
1124,D1124
1125,D1125
1126,D1126
1127,D1127
1128,D1128
1129,D1129
1130,D1130
1131,D1131
1132,D1132
1133,D1133
1134,D1134
1135,D1135
1136,D1136
1137,D1137
1138,D1138
1139,D1139
1140,D1140
1141,D1141
1142,D1142
1143,D1143
1144,D1144
1145,D1145
1146,D1146
1147,D1147
1148,D1148
1149,D1149
1150,D1150
1151,D1151
1152,D1152
1153,D1153
1154,D1154
1155,D1155
1156,D1156
1157,D1157
1158,D1158
1159,D1159
1160,D1160
1161,D1161
1162,D1162
1163,D1163
1164,D1164
1165,D1165
1166,D1166
1167,D1167
1168,D1168
1169,D1169
1170,D1170
1171,D1171
1172,D1172
1173,D1173
1174,D1174
1175,D1175
1176,D1176
1177,D1177
1178,D1178
1179,D1179
1180,D1180
1181,D1181
1182,D1182
1183,D1183
1184,D1184
1185,D1185
1186,D1186
1187,D1187
1188,D1188
1189,D1189
1190,D1190
1191,D1191
1192,D1192
1193,D1193
1194,D1194
1195,D1195
1196,D1196
1197,D1197
1198,D1198
1199,D1199
1200,D1200
1201,D1201
1202,D1202
1203,D1203
1204,D1204
1205,D1205
1206,D1206
1207,D1207
1208,D1208
1209,D1209
1210,D1210
1211,OC001
1212,OC002
1213,OC003
1214,OC004
1215,OC005
1216,OC006
1217,OC007
1218,OC008
1219,OC009
1220,OC010
1221,OC011
1222,OC012
1223,OC013
1224,OC014
1225,OC015
1226,OC016
1227,OC017
1228,OC018
1229,OC019
1230,OC020
1231,OC021
1232,OC022
1233,OC023
1234,OC024
1235,OC025
1236,OC026
1237,OC027
1238,OC028
1239,OC029
1240,OC030
1241,OC031
1242,OC032
1243,OC033
1244,OC034
1245,OC035
1246,OC036
1247,OC037
1248,OC038
1249,OC039
1250,OC040
1251,OC041
1252,OC042
1253,OC043
1254,OC044
1255,OC045
1256,OC046
1257,OC047
1258,OC048
1259,OC049
1260,OC050
1261,OC051
1262,OC052
1263,OC053
1264,OC054
1265,OC055
1266,OC056
1267,OC057
1268,OC058
1269,OC059
1270,OC060
1271,OC061
1272,OC062
1273,OC063
1274,OC064
1275,OC065
1276,OC066
1277,OC067
1278,OC068
1279,OC069
1280,OC070
1281,OC071
1282,OC072
1283,OC073
1284,OC074
1285,OC075
1286,OC076
1287,OC077
1288,OC078
1289,OC079
1290,OC080
1291,OC081
1292,OC082
1293,OC083
1294,OC084
1295,OC085
1296,OC086
1297,OC087
1298,OC088
1299,OC089
1300,OC090
1301,OC091
1302,OC092
1303,OC093
1304,OC094
1305,OC095
1306,OC096
1307,OC097
1308,OC098
1309,OC099
1310,OC100
1311,OC101
1312,OC102
1313,OC103
1314,OC104
1315,OC105
1316,OC106
1317,OC107
1318,OC108
1319,OC109
1320,OC110
1321,OC111
1322,OC112
1323,OC113
1324,OC114
1325,OC115
1326,OC116
1327,OC117
1328,OC118
1329,OC119
1330,OC120
1331,OC121
1332,OC122
1333,OC123
1334,OC124
1335,OC125
1336,OC126
1337,OC127
1338,OC128
1339,OC129
1340,OC130
1341,OC131
1342,OC132
1343,OC133
1344,OC134
1345,OC135
1346,OC136
1347,OC137
1348,OC138
1349,OC139
1350,OC140
1351,OC141
1352,OC142
1353,OC143
1354,OC144
1355,OC145
1356,OC146
1357,OC147
1358,OC148
1359,OC149
1360,OC150
1361,OC151
1362,OC152
1363,OC153
1364,OC154
1365,OC155
1366,OC156
1367,OC157
1368,OC158
1369,OC159
1370,OC160
1371,OC161
1372,OC162
1373,OC163
1374,OC164
1375,OC165
1376,OC166
1377,OC167
1378,OC168
1379,OC169
1380,OC170
1381,OC171
1382,OC172
1383,OC173
1384,OC174
1385,OC175
1386,OC176
1387,OC177
1388,OC178
1389,OC179
1390,OC180
1391,OC181
1392,OC182
1393,OC183
1394,OC184
1395,OC185
1396,OC186
1397,OC187
1398,OC188
1399,OC189
1400,OC190
1401,OC191
1402,OC192
1403,OC193
1404,OC194
1405,OC195
1406,OC196
1407,OC197
1408,OC198
1409,OC199
1410,OC200
1411,OC201
1412,OC202
1413,OC203
1414,OC204
1415,OC205
1416,OC206
1417,OC207
1418,OC208
1419,OC209
1420,OC210
1421,OC211
1422,OC212
1423,OC213
1424,OC214
1425,OC215
1426,OC216
1427,OC217
1428,OC218
1429,OC219
1430,OC220
1431,OC221
1432,OC222
1433,OC223
1434,OC224
1435,OC225
1436,OC226
1437,OC227
1438,OC228
1439,OC229
1440,OC230
1441,OC231
1442,OC232
1443,OC233
1444,OC234
1445,OC235
1446,OC236
1447,OC237
1448,OC238
1449,OC239
1450,OC240
1451,OC241
1452,OC242
1453,OC243
1454,OC244
1455,OC245
1456,OC246
1457,OC247
1458,OC248
1459,OC249
1460,OC250
1461,OC251
1462,OC252
1463,OC253
1464,OC254
1465,OC255
1466,OC256
1467,OC257
1468,OC258
1469,OC259
1470,OC260
1471,OC261
1472,OC262
1473,OC263
1474,OC264
1475,OC265
1476,OC266
1477,OC267
1478,OC268
1479,OC269
1480,OC270
1481,OC271
1482,OC272
1483,OC273
1484,OC274
1485,OC275
1486,OC276
1487,OC277
1488,OC278
1489,OC279
1490,OC280
1491,OC281
1492,OC282
1493,OC283
1494,OC284
1495,OC285
1496,OC286
1497,OC287
1498,OC288
1499,OC289
1500,OC290
1501,OC291
1502,OC292
1503,OC293
1504,OC294
1505,OC295
1506,OC296
1507,OC297
1508,OC298
1509,OC299
1510,OC300
1511,OC301
1512,OC302
1513,OC303
1514,OC304
1515,OC305
1516,OC306
1517,OC307
1518,OC308
1519,OC309
1520,OC310
1521,OC311
1522,OC312
1523,OC313
1524,OC314
1525,OC315
1526,OC316
1527,OC317
1528,OC318
1529,OC319
1530,OC320
1531,OC321
1532,OC322
1533,OC323
1534,OC324
1535,OC325
1536,OC326
1537,OC327
1538,OC328
1539,OC329
1540,OC330
1541,OC331
1542,OC332
1543,OC333
1544,OC334
1545,OC335
1546,OC336
1547,OC337
1548,OC338
1549,OC339
1550,OC340
1551,OC341
1552,OC342
1553,OC343
1554,OC344
1555,OC345
1556,OC346
1557,OC347
1558,OC348
1559,OC349
1560,OC350
1561,OC351
1562,OC352
1563,OC353
1564,OC354
1565,OC355
1566,OC356
1567,OC357
1568,OC358
1569,OC359
1570,OC360
1571,OC361
1572,OC362
1573,OC363
1574,OC364
1575,OC365
1576,OC366
1577,OC367
1578,OC368
1579,OC369
1580,OC370
1581,OC371
1582,OC372
1583,OC373
1584,OC374
1585,OC375
1586,OC376
1587,OC377
1588,OC378
1589,OC379
1590,OC380
1591,OC381
1592,OC382
1593,OC383
1594,OC384
1595,OC385
1596,OC386
1597,OC387
1598,OC388
1599,OC389
1600,OC390
1601,OC391
1602,OC392
1603,OC393
1604,OC394
1605,OC395
1606,OC396
1607,OC397
1608,OC398
1609,OC399
1610,OC400
1611,OC401
1612,OC402
1613,OC403
1614,OC404
1615,OC405
1616,OC406
1617,OC407
1618,OC408
1619,OC409
1620,OC410
1621,OC411
1622,OC412
1623,OC413
1624,OC414
1625,OC415
1626,OC416
1627,OC417
1628,OC418
1629,OC419
1630,OC420
1631,OC421
1632,OC422
1633,OC423
1634,OC424
1635,OC425
1636,OC426
1637,OC427
1638,OC428
1639,OC429
1640,OC430
1641,OC431
1642,OC432
1643,OC433
1644,OC434
1645,OC435
1646,OC436
1647,OC437
1648,OC438
1649,OC439
1650,OC440
1651,OC441
1652,OC442
1653,OC443
1654,OC444
1655,OC445
1656,OC446
1657,OC447
1658,OC448
1659,OC449
1660,OC450
1661,OC451
1662,OC452
1663,OC453
1664,OC454
1665,OC455
1666,OC456
1667,OC457
1668,OC458
1669,OC459
1670,OC460
1671,OC461
1672,OC462
1673,OC463
1674,OC464
1675,OC465
1676,OC466
1677,OC467
1678,OC468
1679,OC469
1680,OC470
1681,OC471
1682,OC472
1683,OC473
1684,OC474
1685,OC475
1686,OC476
1687,OC477
1688,OC478
1689,OC479
1690,OC480
1691,OC481
1692,OC482
1693,OC483
1694,OC484
1695,OC485
1696,OC486
1697,OC487
1698,OC488
1699,OC489
1700,OC490
1701,OC491
1702,OC492
1703,OC493
1704,OC494
1705,OC495
1706,OC496
1707,OC497
1708,OC498
1709,OC499
1710,OC500
1711,OC501
1712,OC502
1713,OC503
1714,OC504
1715,OC505
1716,OC506
1717,OC507
1718,OC508
1719,OC509
1720,OC510
1721,OC511
1722,OC512
1723,OC513
1724,OC514
1725,OC515
1726,OC516
1727,OC517
1728,OC518
1729,OC519
1730,OC520
1731,OC521
1732,OC522
1733,OC523
1734,OC524
1735,OC525
1736,OC526
1737,OC527
1738,OC528
1739,OC529
1740,OC530
1741,OC531
1742,OC532
1743,OC533
1744,OC534
1745,OC535
1746,OC536
1747,OC537
1748,OC538
1749,OC539
1750,OC540
1751,OC541
1752,OC542
1753,OC543
1754,OC544
1755,OC545
1756,OC546
1757,OC547
1758,OC548
1759,OC549
1760,OC550
1761,OC551
1762,OC552
1763,OC553
1764,OC554
1765,OC555
1766,OC556
1767,OC557
1768,OC558
1769,OC559
1770,OC560
1771,OC561
1772,OC562
1773,OC563
1774,OC564
1775,OC565
1776,OC566
1777,OC567
1778,OC568
1779,OC569
1780,OC570
1781,OC571
1782,OC572
1783,OC573
1784,OC574
1785,OC575
1786,OC576
1787,OC577
1788,OC578
1789,OC579
1790,OC580
1791,OC581
1792,OC582
1793,OC583
1794,OC584
1795,OC585
1796,OC586
1797,OC587
1798,OC588
1799,OC589
1800,OC590
1801,OC591
1802,OC592
1803,OC593
1804,OC594
1805,OC595
1806,OC596
1807,OC597
1808,OC598
1809,OC599
1810,OC600
1811,OC601
1812,OC602
1813,OC603
1814,OC604
1815,OC605
1816,OC606
1817,OC607
1818,OC608
1819,OC609
1820,OC610
1821,OC611
1822,OC612
1823,OC613
1824,OC614
1825,OC615
1826,OC616
1827,OC617
1828,OC618
1829,OC619
1830,OC620
1831,OC621
1832,OC622
1833,OC623
1834,OC624
1835,OC625
1836,OC626
1837,OC627
1838,OC628
1839,OC629
1840,OC630
1841,OC631
1842,OC632
1843,OC633
1844,OC634
1845,OC635
1846,OC636
1847,OC637
1848,OC638
1849,OC639
1850,OC640
1851,OC641
1852,OC642
1853,OC643
1854,OC644
1855,OC645
1856,OC646
1857,OC647
1858,OC648
1859,OC649
1860,OC650
1861,OC651
1862,OC652
1863,OC653
1864,OC654
1865,OC655
1866,OC656
1867,OC657
1868,OC658
1869,OC659
1870,OC660
1871,OC661
1872,OC662
1873,OC663
1874,OC664
1875,OC665
1876,OC666
1877,OC667
1878,OC668
1879,L0001
1880,L0002
1881,L0003
1882,L0004
1883,L0005
1884,L0006
1885,L0007
1886,L0008
1887,L0009
1888,L0010
1889,L0011
1890,L0012
1891,L0013
1892,L0014
1893,L0015
1894,L0016
1895,L0017
1896,L0018
1897,L0019
1898,L0020
1899,L0021
1900,L0022
1901,L0023
1902,L0024
1903,L0025
1904,L0026
1905,L0027
1906,L0028
1907,L0029
1908,L0030
1909,L0031
1910,L0032
1911,L0033
1912,L0034
1913,L0035
1914,L0036
1915,L0037
1916,L0038
1917,L0039
1918,L0040
1919,L0041
1920,L0042
1921,L0043
1922,L0044
1923,L0045
1924,L0046
1925,L0047
1926,L0048
1927,L0049
1928,L0050
1929,L0051
1930,L0052
1931,L0053
1932,L0054
1933,L0055
1934,L0056
1935,L0057
1936,L0058
1937,L0059
1938,L0060
1939,L0061
1940,L0062
1941,L0063
1942,L0064
1943,L0065
1944,L0066
1945,L0067
1946,L0068
1947,L0069
1948,L0070
1949,L0071
1950,L0072
1951,L0073
1952,L0074
1953,L0075
1954,L0076
1955,L0077
1956,L0078
1957,L0079
1958,L0080
1959,L0081
1960,L0082
1961,L0083
1962,L0084
1963,L0085
1964,L0086
1965,L0087
1966,L0088
1967,L0089
1968,L0090
1969,L0091
1970,L0092
1971,L0093
1972,L0094
1973,L0095
1974,L0096
1975,L0097
1976,L0098
1977,L0099
1978,L0100
1979,L0101
1980,L0102
1981,L0103
1982,L0104
1983,L0105
1984,L0106
1985,L0107
1986,L0108
1987,L0109
1988,L0110
1989,L0111
1990,L0112
1991,L0113
1992,L0114
1993,L0115
1994,L0116
1995,L0117
1996,L0118
1997,L0119
1998,L0120
1999,L0121
2000,L0122
2001,L0123
2002,L0124
2003,L0125
2004,L0126
2005,L0127
2006,L0128
2007,L0129
2008,L0130
2009,L0131
2010,L0132
2011,L0133
2012,L0134
2013,L0135
2014,L0136
2015,L0137
2016,L0138
2017,L0139
2018,L0140
2019,L0141
2020,L0142
2021,L0143
2022,L0144
2023,L0145
2024,L0146
2025,L0147
2026,L0148
2027,L0149
2028,L0150
2029,L0151
2030,L0152
2031,L0153
2032,L0154
2033,L0155
2034,L0156
2035,L0157
2036,L0158
2037,L0159
2038,L0160
2039,L0161
2040,L0162
2041,L0163
2042,L0164
2043,L0165
2044,L0166
2045,L0167
2046,L0168
2047,L0169
2048,L0170
2049,L0171
2050,L0172
2051,L0173
2052,L0174
2053,L0175
2054,L0176
2055,L0177
2056,L0178
2057,L0179
2058,L0180
2059,L0181
2060,L0182
2061,L0183
2062,L0184
2063,L0185
2064,L0186
2065,L0187
2066,L0188
2067,L0189
2068,L0190
2069,L0191
2070,L0192
2071,L0193
2072,L0194
2073,L0195
2074,L0196
2075,L0197
2076,L0198
2077,L0199
2078,L0200
2079,L0201
2080,L0202
2081,L0203
2082,L0204
2083,L0205
2084,L0206
2085,L0207
2086,L0208
2087,L0209
2088,L0210
2089,L0211
2090,L0212
2091,L0213
2092,L0214
2093,L0215
2094,L0216
2095,L0217
2096,L0218
2097,L0219
2098,L0220
2099,L0221
2100,L0222
2101,L0223
2102,L0224
2103,L0225
2104,L0226
2105,L0227
2106,L0228
2107,L0229
2108,L0230
2109,L0231
2110,L0232
2111,L0233
2112,L0234
2113,L0235
2114,L0236
2115,L0237
2116,L0238
2117,L0239
2118,L0240
2119,L0241
2120,L0242
2121,L0243
2122,L0244
2123,L0245
2124,L0246
2125,L0247
2126,L0248
2127,L0249
2128,L0250
2129,L0251
2130,L0252
2131,L0253
2132,L0254
2133,L0255
2134,L0256
2135,L0257
2136,L0258
2137,L0259
2138,L0260
2139,L0261
2140,L0262
2141,L0263
2142,L0264
2143,L0265
2144,L0266
2145,L0267
2146,L0268
2147,L0269
2148,L0270
2149,L0271
2150,L0272
2151,L0273
2152,L0274
2153,L0275
2154,L0276
2155,L0277
2156,L0278
2157,L0279
2158,L0280
2159,L0281
2160,L0282
2161,L0283
2162,L0284
2163,L0285
2164,L0286
2165,L0287
2166,L0288
2167,L0289
2168,L0290
2169,L0291
2170,L0292
2171,L0293
2172,L0294
2173,L0295
2174,L0296
2175,L0297
2176,L0298
2177,L0299
2178,L0300
2179,L0301
2180,L0302
2181,L0303
2182,L0304
2183,L0305
2184,L0306
2185,L0307
2186,L0308
2187,L0309
2188,L0310
2189,L0311
2190,L0312
2191,L0313
2192,L0314
2193,L0315
2194,L0316
2195,L0317
2196,L0318
2197,L0319
2198,L0320
2199,L0321
2200,L0322
2201,L0323
2202,L0324
2203,L0325
2204,L0326
2205,L0327
2206,L0328
2207,L0329
2208,L0330
2209,L0331
2210,L0332
2211,L0333
2212,L0334
2213,L0335
2214,L0336
2215,L0337
2216,L0338
2217,L0339
2218,L0340
2219,L0341
2220,L0342
2221,L0343
2222,L0344
2223,L0345
2224,L0346
2225,L0347
2226,L0348
2227,L0349
2228,L0350
2229,L0351
2230,L0352
2231,L0353
2232,L0354
2233,L0355
2234,L0356
2235,L0357
2236,L0358
2237,L0359
2238,L0360
2239,L0361
2240,L0362
2241,L0363
2242,L0364
2243,L0365
2244,L0366
2245,L0367
2246,L0368
2247,L0369
2248,L0370
2249,L0371
2250,L0372
2251,L0373
2252,L0374
2253,L0375
2254,L0376
2255,L0377
2256,L0378
2257,L0379
2258,L0380
2259,L0381
2260,L0382
2261,L0383
2262,L0384
2263,L0385
2264,L0386
2265,L0387
2266,L0388
2267,L0389
2268,L0390
2269,L0391
2270,L0392
2271,L0393
2272,L0394
2273,L0395
2274,L0396
2275,L0397
2276,L0398
2277,L0399
2278,L0400
2279,L0401
2280,L0402
2281,L0403
2282,L0404
2283,L0405
2284,L0406
2285,L0407
2286,L0408
2287,L0409
2288,L0410
2289,L0411
2290,L0412
2291,L0413
2292,L0414
2293,L0415
2294,L0416
2295,L0417
2296,L0418
2297,L0419
2298,L0420
2299,L0421
2300,L0422
2301,L0423
2302,L0424
2303,L0425
2304,L0426
2305,L0427
2306,L0428
2307,L0429
2308,L0430
2309,L0431
2310,L0432
2311,L0433
2312,L0434
2313,L0435
2314,L0436
2315,L0437
2316,L0438
2317,L0439
2318,L0440
2319,L0441
2320,L0442
2321,L0443
2322,L0444
2323,L0445
2324,L0446
2325,L0447
2326,L0448
2327,L0449
2328,L0450
2329,L0451
2330,L0452
2331,L0453
2332,L0454
2333,L0455
2334,L0456
2335,L0457
2336,L0458
2337,L0459
2338,L0460
2339,L0461
2340,L0462
2341,L0463
2342,L0464
2343,L0465
2344,L0466
2345,L0467
2346,L0468
2347,L0469
2348,L0470
2349,L0471
2350,L0472
2351,L0473
2352,L0474
2353,L0475
2354,L0476
2355,L0477
2356,L0478
2357,L0479
2358,L0480
2359,L0481
2360,L0482
2361,L0483
2362,L0484
2363,L0485
2364,L0486
2365,L0487
2366,L0488
2367,L0489
2368,L0490
2369,L0491
2370,L0492
2371,L0493
2372,L0494
2373,L0495
2374,L0496
2375,L0497
2376,L0498
2377,L0499
2378,L0500
2379,L0501
2380,L0502
2381,L0503
2382,L0504
2383,L0505
2384,L0506
2385,L0507
2386,L0508
2387,L0509
2388,L0510
2389,L0511
2390,L0512
2391,L0513
2392,L0514
2393,L0515
2394,L0516
2395,L0517
2396,L0518
2397,L0519
2398,L0520
2399,L0521
2400,L0522
2401,L0523
2402,L0524
2403,L0525
2404,L0526
2405,L0527
2406,L0528
2407,L0529
2408,L0530
2409,L0531
2410,L0532
2411,L0533
2412,L0534
2413,L0535
2414,L0536
2415,L0537
2416,L0538
2417,L0539
2418,L0540
2419,L0541
2420,L0542
2421,L0543
2422,L0544
2423,L0545
2424,L0546
2425,L0547
2426,L0548
2427,L0549
2428,L0550
2429,L0551
2430,L0552
2431,L0553
2432,L0554
2433,L0555
2434,L0556
2435,L0557
2436,L0558
2437,L0559
2438,L0560
2439,L0561
2440,L0562
2441,L0563
2442,L0564
2443,L0565
2444,L0566
2445,L0567
2446,L0568
2447,L0569
2448,L0570
2449,L0571
2450,L0572
2451,L0573
2452,L0574
2453,L0575
2454,L0576
2455,L0577
2456,L0578
2457,L0579
2458,L0580
2459,L0581
2460,L0582
2461,L0583
2462,L0584
2463,L0585
2464,L0586
2465,L0587
2466,L0588
2467,L0589
2468,L0590
2469,L0591
2470,L0592
2471,L0593
2472,L0594
2473,L0595
2474,L0596
2475,L0597
2476,L0598
2477,L0599
2478,L0600
2479,L0601
2480,L0602
2481,L0603
2482,L0604
2483,L0605
2484,L0606
2485,L0607
2486,L0608
2487,L0609
2488,L0610
2489,L0611
2490,L0612
2491,L0613
2492,L0614
2493,L0615
2494,L0616
2495,L0617
2496,L0618
2497,L0619
2498,L0620
2499,L0621
2500,L0622
2501,L0623
2502,L0624
2503,L0625
2504,L0626
2505,L0627
2506,L0628
2507,L0629
2508,L0630
2509,L0631
2510,L0632
2511,L0633
2512,L0634
2513,L0635
2514,L0636
2515,L0637
2516,L0638
2517,L0639
2518,L0640
2519,L0641
2520,L0642
2521,L0643
2522,L0644
2523,L0645
2524,L0646
2525,L0647
2526,L0648
2527,L0649
2528,L0650
2529,L0651
2530,L0652
2531,L0653
2532,L0654
2533,L0655
2534,L0656
2535,L0657
2536,L0658
2537,L0659
2538,L0660
2539,L0661
2540,L0662
2541,L0663
2542,L0664
2543,L0665
2544,L0666
2545,L0667
2546,L0668
2547,L0669
2548,L0670
2549,L0671
2550,L0672
2551,L0673
2552,L0674
2553,L0675
2554,L0676
2555,L0677
2556,L0678
2557,L0679
2558,L0680
2559,L0681
2560,L0682
2561,L0683
2562,L0684
2563,L0685
2564,L0686
2565,L0687
2566,L0688
2567,L0689
2568,L0690
2569,L0691
2570,L0692
2571,L0693
2572,L0694
2573,L0695
2574,L0696
2575,L0697
2576,L0698
2577,L0699
2578,L0700
2579,L0701
2580,L0702
2581,L0703
2582,L0704
2583,L0705
2584,L0706
2585,L0707
2586,L0708
2587,L0709
2588,L0710
2589,L0711
2590,L0712
2591,L0713
2592,L0714
2593,L0715
2594,L0716
2595,L0717
2596,L0718
2597,L0719
2598,L0720
2599,L0721
2600,L0722
2601,L0723
2602,L0724
2603,L0725
2604,L0726
2605,L0727
2606,L0728
2607,L0729
2608,L0730
2609,L0731
2610,L0732
2611,L0733
2612,L0734
2613,L0735
2614,L0736
2615,L0737
2616,L0738
2617,L0739
2618,L0740
2619,L0741
2620,L0742
2621,L0743
2622,L0744
2623,L0745
2624,L0746
2625,L0747
2626,L0748
2627,L0749
2628,L0750
2629,L0751
2630,L0752
2631,L0753
2632,L0754
2633,L0755
2634,L0756
2635,L0757
2636,L0758
2637,L0759
2638,L0760
2639,L0761
2640,L0762
2641,L0763
2642,L0764
2643,L0765
2644,L0766
2645,L0767
2646,L0768
2647,L0769
2648,L0770
2649,L0771
2650,L0772
2651,L0773
2652,L0774
2653,L0775
2654,L0776
2655,L0777
2656,L0778
2657,L0779
2658,L0780
2659,L0781
2660,L0782
2661,L0783
2662,L0784
2663,L0785
2664,L0786
2665,L0787
2666,L0788
2667,L0789
2668,L0790
2669,L0791
2670,L0792
2671,L0793
2672,L0794
2673,L0795
2674,L0796
2675,L0797
2676,L0798
2677,L0799
2678,L0800
2679,L0801
2680,L0802
2681,L0803
2682,L0804
2683,L0805
2684,L0806
2685,L0807
2686,L0808
2687,L0809
2688,L0810
2689,L0811
2690,L0812
2691,L0813
2692,L0814
2693,L0815
2694,L0816
2695,L0817
2696,L0818
2697,L0819
2698,L0820
2699,L0821
2700,L0822
2701,L0823
2702,L0824
2703,L0825
2704,L0826
2705,L0827
2706,L0828
2707,L0829
2708,L0830
2709,L0831
2710,L0832
2711,L0833
2712,L0834
2713,L0835
2714,L0836
2715,L0837
2716,L0838
2717,L0839
2718,L0840
2719,L0841
2720,L0842
2721,L0843
2722,L0844
2723,L0845
2724,L0846
2725,L0847
2726,L0848
2727,L0849
2728,L0850
2729,L0851
2730,L0852
2731,L0853
2732,L0854
2733,L0855
2734,L0856
2735,L0857
2736,L0858
2737,L0859
2738,L0860
2739,L0861
2740,L0862
2741,L0863
2742,L0864
2743,L0865
2744,L0866
2745,L0867
2746,L0868
2747,L0869
2748,L0870
2749,L0871
2750,L0872
2751,L0873
2752,L0874
2753,L0875
2754,L0876
2755,L0877
2756,L0878
2757,L0879
2758,L0880
2759,L0881
2760,L0882
2761,L0883
2762,L0884
2763,L0885
2764,L0886
2765,L0887
2766,L0888
2767,L0889
2768,L0890
2769,L0891
2770,L0892
2771,L0893
2772,L0894
2773,L0895
2774,L0896
2775,L0897
2776,L0898
2777,L0899
2778,L0900
2779,L0901
2780,L0902
2781,L0903
2782,L0904
2783,L0905
2784,L0906
2785,L0907
2786,L0908
2787,L0909
2788,L0910
2789,L0911
2790,L0912
2791,L0913
2792,L0914
2793,L0915
2794,L0916
2795,L0917
2796,L0918
2797,L0919
2798,L0920
2799,L0921
2800,L0922
2801,L0923
2802,L0924
2803,L0925
2804,L0926
2805,L0927
2806,L0928
2807,L0929
2808,L0930
2809,L0931
2810,L0932
2811,L0933
2812,L0934
2813,L0935
2814,L0936
2815,L0937
2816,L0938
2817,L0939
2818,L0940
2819,L0941
2820,L0942
2821,L0943
2822,L0944
2823,L0945
2824,L0946
2825,L0947
2826,L0948
2827,L0949
2828,L0950
2829,L0951
2830,L0952
2831,L0953
2832,L0954
2833,L0955
2834,L0956
2835,L0957
2836,L0958
2837,L0959
2838,L0960
2839,L0961
2840,L0962
2841,L0963
2842,L0964
2843,L0965
2844,L0966
2845,L0967
2846,L0968
2847,L0969
2848,L0970
2849,L0971
2850,L0972
2851,L0973
2852,L0974
2853,L0975
2854,L0976
2855,L0977
2856,L0978
2857,L0979
2858,L0980
2859,L0981
2860,L0982
2861,L0983
2862,L0984
2863,L0985
2864,L0986
2865,L0987
2866,L0988
2867,L0989
2868,L0990
2869,L0991
2870,L0992
2871,L0993
2872,L0994
2873,L0995
2874,L0996
2875,L0997
2876,L0998
2877,L0999
2878,L1000
2879,L1001
2880,L1002
2881,L1003
2882,L1004
2883,L1005
2884,L1006
2885,L1007
2886,L1008
2887,L1009
2888,L1010
2889,L1011
2890,L1012
2891,L1013
2892,L1014
2893,L1015
2894,L1016
2895,L1017
2896,L1018
2897,L1019
2898,L1020
2899,L1021
2900,L1022
2901,L1023
2902,L1024
2903,L1025
2904,L1026
2905,L1027
2906,L1028
2907,L1029
2908,L1030
2909,L1031
2910,L1032
2911,L1033
2912,L1034
2913,L1035
2914,L1036
2915,L1037
2916,L1038
2917,L1039
2918,L1040
2919,L1041
2920,L1042
2921,L1043
2922,L1044
2923,L1045
2924,L1046
2925,L1047
2926,L1048
2927,L1049
2928,L1050
2929,L1051
2930,L1052
2931,L1053
2932,L1054
2933,L1055
2934,L1056
2935,L1057
2936,L1058
2937,L1059
2938,L1060
2939,L1061
2940,L1062
2941,L1063
2942,L1064
2943,L1065
2944,L1066
2945,L1067
2946,L1068
2947,L1069
2948,L1070
2949,L1071
2950,L1072
2951,L1073
2952,L1074
2953,L1075
2954,L1076
2955,L1077
2956,L1078
2957,L1079
2958,L1080
2959,L1081
2960,L1082
2961,L1083
2962,L1084
2963,L1085
2964,L1086
2965,L1087
2966,L1088
2967,L1089
2968,L1090
2969,L1091
2970,L1092
2971,L1093
2972,L1094
2973,L1095
2974,L1096
2975,L1097
2976,L1098
2977,L1099
2978,L1100
2979,L1101
2980,L1102
2981,L1103
2982,L1104
2983,L1105
2984,L1106
2985,L1107
2986,L1108
2987,L1109
2988,L1110
2989,L1111
2990,L1112
2991,L1113
2992,L1114
2993,L1115
2994,L1116
2995,L1117
2996,L1118
2997,L1119
2998,L1120
2999,L1121
3000,L1122
3001,L1123
3002,L1124
3003,L1125
3004,L1126
3005,L1127
3006,L1128
3007,L1129
3008,L1130
3009,L1131
3010,L1132
3011,L1133
3012,L1134
3013,L1135
3014,L1136
3015,L1137
3016,L1138
3017,L1139
3018,L1140
3019,L1141
3020,L1142
3021,L1143
3022,L1144
3023,L1145
3024,L1146
3025,L1147
3026,L1148
3027,L1149
3028,L1150
3029,L1151
3030,L1152
3031,L1153
3032,L1154
3033,L1155
3034,L1156
3035,L1157
3036,L1158
3037,L1159
3038,L1160
3039,L1161
3040,L1162
3041,L1163
3042,L1164
3043,L1165
3044,L1166
3045,L1167
3046,L1168
3047,L1169
3048,L1170
3049,L1171
3050,L1172
3051,L1173
3052,L1174
3053,L1175
3054,L1176
3055,L1177
3056,L1178
3057,L1179
3058,L1180
3059,L1181
3060,L1182
3061,L1183
3062,L1184
3063,L1185
3064,VE001
3065,VE002
3066,VE003
3067,VE004
3068,VE005
3069,VE006
3070,VE007
3071,VE008
3072,VE009
3073,VE010
3074,VE011
3075,VE012
3076,VE013
3077,VE014
3078,VE015
3079,VE016
3080,VE017
3081,VE018
3082,VE019
3083,VE020
3084,VE021
3085,VE022
3086,VE023
3087,VE024
3088,VE025
3089,VE026
3090,VE027
3091,VE028
3092,VE029
3093,VE030
3094,VE031
3095,VE032
3096,VE033
3097,VE034
3098,VE035
3099,VE036
3100,VE037
3101,VE038
3102,VE039
3103,VE040
3104,VE041
3105,VE042
3106,VE043
3107,VE044
3108,VE045
3109,VE046
3110,VE047
3111,VE048
3112,VE049
3113,VE050
3114,VE051
3115,VE052
3116,VE053
3117,VE054
3118,VE055
3119,VE056
3120,VE057
3121,VE058
3122,VE059
3123,VE060
3124,VE061
3125,VE062
3126,VE063
3127,VE064
3128,VE065
3129,VE066
3130,VE067
3131,VE068
3132,VE069
3133,VE070
3134,VE071
3135,VE072
3136,VE073
3137,VE074
3138,VE075
3139,VE076
3140,VE077
3141,VE078
3142,VE079
3143,VE080
3144,VE081
3145,VE082
3146,VE083
3147,VE084
3148,VE085
3149,VE086
3150,VE087
3151,VE088
3152,VE089
3153,VE090
3154,VE091
3155,VE092
3156,VE093
3157,VE094
3158,VE095
3159,VE096
3160,VE097
3161,VE098
3162,VE099
3163,VE100
3164,VE101
3165,VE102
3166,VE103
3167,VE104
3168,VE105
3169,VE106
3170,VE107
3171,VE108
3172,VE109
3173,VE110
3174,VE111
3175,VE112
3176,VE113
3177,VE114
3178,VE115
3179,VE116
3180,VE117
3181,VE118
3182,VE119
3183,VE120
3184,VE121
3185,VE122
3186,VE123
3187,VE124
3188,VE125
3189,VE126
3190,VE127
3191,VE128
3192,VE129
3193,VE130
3194,VE131
3195,VE132
3196,VE133
3197,VE134
3198,VE135
3199,VE136
3200,VE137
3201,VE138
3202,VE139
3203,VE140
3204,VE141
3205,VE142
3206,VE143
3207,VE144
3208,VE145
3209,VE146
3210,VE147
3211,VE148
3212,VE149
3213,VE150
3214,VE151
3215,VE152
3216,VE153
3217,VE154
3218,VE155
3219,VE156
3220,VE157
3221,VE158
3222,VE159
3223,VE160
3224,VE161
3225,VE162
3226,VE163
3227,VE164
3228,VE165
3229,VE166
3230,VE167
3231,VE168
3232,VE169
3233,VE170
3234,VE171
3235,VE172
3236,VE173
3237,VE174
3238,VE175
3239,VE176
3240,VE177
3241,VE178
3242,VE179
3243,VE180
3244,VE181
3245,VE182
3246,VE183
3247,VE184
3248,VE185
3249,VE186
3250,VE187
3251,VE188
3252,VE189
3253,VE190
3254,VE191
3255,VE192
3256,VE193
3257,VE194
3258,VE195
3259,VE196
3260,VE197
3261,VE198
3262,VE199
3263,VE200
3264,VE201
3265,VE202
3266,VE203
3267,VE204
3268,VE205
3269,VE206
3270,VE207
3271,VE208
3272,VE209
3273,VE210
3274,VE211
3275,VE212
3276,VE213
3277,VE214
3278,VE215
3279,VE216
3280,VE217
3281,VE218
3282,VE219
3283,VE220
3284,VE221
3285,VE222
3286,VE223
3287,VE224
3288,VE225
3289,VE226
3290,VE227
3291,VE228
3292,VE229
3293,VE230
3294,VE231
3295,VE232
3296,VE233
3297,VE234
3298,VE235
3299,VE236
3300,VE237
3301,VE238
3302,VE239
3303,VE240
3304,VE241
3305,VE242
3306,VE243
3307,VE244
3308,VE245
3309,VE246
3310,VE247
3311,VE248
3312,VE249
3313,VE250
3314,VE251
3315,VE252
3316,VE253
3317,VE254
3318,VE255
3319,VE256
3320,VE257
3321,VE258
3322,VE259
3323,VE260
3324,VE261
3325,VE262
3326,VE263
3327,VE264
3328,VE265
3329,VE266
3330,VE267
3331,VE268
3332,VE269
3333,VE270
3334,VE271
3335,VE272
3336,VE273
3337,VE274
3338,VE275
3339,VE276
3340,VE277
3341,VE278
3342,VE279
3343,VE280
3344,VE281
3345,VE282
3346,VE283
3347,VE284
3348,VE285
3349,VE286
3350,VE287
3351,VE288
3352,VE289
3353,VE290
3354,VE291
3355,VE292
3356,VE293
3357,VE294
3358,VE295
3359,VE296
3360,VE297
3361,VE298
3362,VE299
3363,VE300
3364,VE301
3365,VE302
3366,VE303
3367,VE304
3368,VE305
3369,VE306
3370,VE307
3371,VE308
3372,VE309
3373,VE310
3374,VE311
3375,VE312
3376,VE313
3377,VE314
3378,VE315
3379,VE316
3380,VE317
3381,VE318
3382,VE319
3383,VE320
3384,VE321
3385,VE322
3386,VE323
3387,VE324
3388,VE325
3389,VE326
3390,VE327
3391,VE328
3392,VE329
3393,VE330
3394,VE331
3395,VE332
3396,VE333
3397,VE334
3398,VE335
3399,VE336
3400,VE337
3401,VE338
3402,VE339
3403,VE340
3404,VE341
3405,VE342
3406,VE343
3407,VE344
3408,VE345
3409,VE346
3410,VE347
3411,VE348
3412,VE349
3413,VE350
3414,VE351
3415,VE352
3416,VE353
3417,VE354
3418,VE355
3419,VE356
3420,VE357
3421,VE358
3422,VE359
3423,VE360
3424,VE361
3425,VE362
3426,VE363
3427,VE364
3428,VE365
3429,VE366
3430,VE367
3431,VE368
3432,VE369
3433,VE370
3434,VE371
3435,VE372
3436,VE373
3437,VE374
3438,VE375
3439,VE376
3440,VE377
3441,VE378
3442,VE379
3443,VE380
3444,VE381
3445,VE382
3446,VE383
3447,VE384
3448,VE385
3449,VE386
3450,VE387
3451,VE388
3452,VE389
3453,VE390
3454,VE391
3455,VE392
3456,VE393
3457,VE394
3458,VE395
3459,VE396
3460,VE397
3461,VE398
3462,VE399
3463,VE400
3464,VE401
3465,VE402
3466,VE403
3467,VE404
3468,VE405
3469,VE406
3470,VE407
3471,VE408
3472,VE409
3473,VE410
3474,VE411
3475,VE412
3476,VE413
3477,VE414
3478,VE415
3479,VE416
3480,VE417
3481,VE418
3482,VE419
3483,VE420
3484,VE421
3485,VE422
3486,VE423
3487,VE424
3488,VE425
3489,VE426
3490,VE427
3491,VE428
3492,VE429
3493,VE430
3494,VE431
3495,VE432
3496,VE433
3497,VE434
3498,VE435
3499,VE436
3500,VE437
3501,VE438
3502,VE439
3503,VE440
3504,VE441
3505,VE442
3506,VE443
3507,VE444
3508,VE445
3509,VE446
3510,VE447
3511,VE448
3512,VE449
3513,VE450
3514,VE451
3515,VE452
3516,VE453
3517,VE454
3518,VE455
3519,VE456
3520,VE457
3521,VE458
3522,VE459
3523,VE460
3524,VE461
3525,VE462
3526,VE463
3527,VE464
3528,VE465
3529,VE466
3530,VE467
3531,VE468
3532,VE469
3533,VE470
3534,VE471
3535,VE472
3536,VE473
3537,VE474
3538,VE475
3539,VE476
3540,VE477
3541,VE478
3542,VE479
3543,VE480
3544,VE481
3545,VE482
3546,VE483
3547,VE484
3548,VE485
3549,VE486
3550,VE487
3551,VE488
3552,VE489
3553,VE490
3554,VE491
3555,VE492
3556,VE493
3557,VE494
3558,VE495
3559,VE496
3560,VE497
3561,VE498
3562,VE499
3563,VE500
3564,VE501
3565,VE502
3566,VE503
3567,VE504
3568,VE505
3569,VE506
3570,VE507
3571,VE508
3572,VE509
3573,VE510
3574,VE511
3575,VE512
3576,VE513
3577,VE514
3578,VE515
3579,VE516
3580,VE517
3581,VE518
3582,VE519
3583,VE520
3584,VE521
3585,VE522
3586,VE523
3587,VE524
3588,VE525
3589,VE526
3590,VE527
3591,VE528
3592,VE529
3593,VE530
3594,VE531
3595,VE532
3596,VE533
3597,VE534
3598,VE535
3599,VE536
3600,VE537
3601,VE538
3602,VE539
3603,VE540
3604,VE541
3605,VE542
3606,VE543
3607,VE544
3608,VE545
3609,VE546
3610,VE547
3611,VE548
3612,VE549
3613,VE550
3614,VE551
3615,VE552
3616,VE553
3617,VE554
3618,VE555
3619,VE556
3620,VE557
3621,VE558
3622,VE559
3623,VE560
3624,VE561
3625,VE562
3626,VE563
3627,VE564
3628,VE565
3629,VE566
3630,VE567
3631,VE568
3632,VE569
3633,VE570
3634,VE571
3635,VE572
3636,VE573
3637,VE574
3638,VE575
3639,VE576
3640,VE577
3641,VE578
3642,VE579
3643,VE580
3644,VE581
3645,VE582
3646,VE583
3647,VE584
3648,VE585
3649,VE586
3650,VE587
3651,VE588
3652,VE589
3653,VE590
3654,VE591
3655,VE592
3656,VE593
3657,VE594
3658,VE595
3659,VE596
3660,VE597
3661,VE598
3662,VE599
3663,VE600
3664,VE601
3665,VE602
3666,VE603
3667,VE604
3668,VE605
3669,VE606
3670,VE607
3671,VE608
3672,VE609
3673,VE610
3674,VE611
3675,VE612
3676,VE613
3677,VE614
3678,VE615
3679,VE616
3680,VE617
3681,VE618
3682,VE619
3683,VE620
3684,VE621
3685,VE622
3686,VE623
3687,VE624
3688,VE625
3689,VE626
3690,VE627
3691,VE628
3692,VE629
3693,VE630
3694,VE631
3695,VE632
3696,VE633
3697,VE634
3698,VE635
3699,VE636
3700,VE637
3701,VE638
3702,VE639
3703,VE640
3704,VE641
3705,VE642
3706,VE643
3707,VE644
3708,VE645
3709,VE646
3710,VE647
3711,VE648
3712,VE649
3713,VE650
3714,VE651
3715,VE652
3716,VE653
3717,VE654
3718,VE655
3719,VE656
3720,VE657
3721,VE658
3722,VE659
3723,VE660
3724,VE661
3725,VE662
3726,VE663
3727,VE664
3728,VE665
3729,VE666
3730,VE667
3731,VE668
3732,VE669
3733,VE670
3734,VE671
3735,VE672
3736,VE673
3737,VE674
3738,VE675
3739,VE676
3740,VE677
3741,VE678
3742,B0001
3743,B0002
3744,B0003
3745,B0004
3746,B0005
3747,B0006
3748,B0007
3749,B0008
3750,B0009
3751,B0010
3752,B0011
3753,B0012
3754,B0013
3755,B0014
3756,B0015
3757,B0016
3758,B0017
3759,B0018
3760,B0019
3761,B0020
3762,B0021
3763,B0022
3764,B0023
3765,B0024
3766,B0025
3767,B0026
3768,B0027
3769,B0028
3770,B0029
3771,B0030
3772,B0031
3773,B0032
3774,B0033
3775,B0034
3776,B0035
3777,B0036
3778,B0037
3779,B0038
3780,B0039
3781,B0040
3782,B0041
3783,B0042
3784,B0043
3785,B0044
3786,B0045
3787,B0046
3788,B0047
3789,B0048
3790,B0049
3791,B0050
3792,B0051
3793,B0052
3794,B0053
3795,B0054
3796,B0055
3797,B0056
3798,B0057
3799,B0058
3800,B0059
3801,B0060
3802,B0061
3803,B0062
3804,B0063
3805,B0064
3806,B0065
3807,B0066
3808,B0067
3809,B0068
3810,B0069
3811,B0070
3812,B0071
3813,B0072
3814,B0073
3815,B0074
3816,B0075
3817,B0076
3818,B0077
3819,B0078
3820,B0079
3821,B0080
3822,B0081
3823,B0082
3824,B0083
3825,B0084
3826,B0085
3827,B0086
3828,B0087
3829,B0088
3830,B0089
3831,B0090
3832,B0091
3833,B0092
3834,B0093
3835,B0094
3836,B0095
3837,B0096
3838,B0097
3839,B0098
3840,B0099
3841,B0100
3842,B0101
3843,B0102
3844,B0103
3845,B0104
3846,B0105
3847,B0106
3848,B0107
3849,B0108
3850,B0109
3851,B0110
3852,B0111
3853,B0112
3854,B0113
3855,B0114
3856,B0115
3857,B0116
3858,B0117
3859,B0118
3860,B0119
3861,B0120
3862,B0121
3863,B0122
3864,B0123
3865,B0124
3866,B0125
3867,B0126
3868,B0127
3869,B0128
3870,B0129
3871,B0130
3872,B0131
3873,B0132
3874,B0133
3875,B0134
3876,B0135
3877,B0136
3878,B0137
3879,B0138
3880,B0139
3881,B0140
3882,B0141
3883,B0142
3884,B0143
3885,B0144
3886,B0145
3887,B0146
3888,B0147
3889,B0148
3890,B0149
3891,B0150
3892,B0151
3893,B0152
3894,B0153
3895,B0154
3896,B0155
3897,B0156
3898,B0157
3899,B0158
3900,B0159
3901,B0160
3902,B0161
3903,B0162
3904,B0163
3905,B0164
3906,B0165
3907,B0166
3908,B0167
3909,B0168
3910,B0169
3911,B0170
3912,B0171
3913,B0172
3914,B0173
3915,B0174
3916,B0175
3917,B0176
3918,B0177
3919,B0178
3920,B0179
3921,B0180
3922,B0181
3923,B0182
3924,B0183
3925,B0184
3926,B0185
3927,B0186
3928,B0187
3929,B0188
3930,B0189
3931,B0190
3932,B0191
3933,B0192
3934,B0193
3935,B0194
3936,B0195
3937,B0196
3938,B0197
3939,B0198
3940,B0199
3941,B0200
3942,B0201
3943,B0202
3944,B0203
3945,B0204
3946,B0205
3947,B0206
3948,B0207
3949,B0208
3950,B0209
3951,B0210
3952,B0211
3953,B0212
3954,B0213
3955,B0214
3956,B0215
3957,B0216
3958,B0217
3959,B0218
3960,B0219
3961,B0220
3962,B0221
3963,B0222
3964,B0223
3965,B0224
3966,B0225
3967,B0226
3968,B0227
3969,B0228
3970,B0229
3971,B0230
3972,B0231
3973,B0232
3974,B0233
3975,B0234
3976,B0235
3977,B0236
3978,B0237
3979,B0238
3980,B0239
3981,B0240
3982,B0241
3983,B0242
3984,B0243
3985,B0244
3986,B0245
3987,B0246
3988,B0247
3989,B0248
3990,B0249
3991,B0250
3992,B0251
3993,B0252
3994,B0253
3995,B0254
3996,B0255
3997,B0256
3998,B0257
3999,B0258
4000,B0259
4001,B0260
4002,B0261
4003,B0262
4004,B0263
4005,B0264
4006,B0265
4007,B0266
4008,B0267
4009,B0268
4010,B0269
4011,B0270
4012,B0271
4013,B0272
4014,B0273
4015,B0274
4016,B0275
4017,B0276
4018,B0277
4019,B0278
4020,B0279
4021,B0280
4022,B0281
4023,B0282
4024,B0283
4025,B0284
4026,B0285
4027,B0286
4028,B0287
4029,B0288
4030,B0289
4031,B0290
4032,B0291
4033,B0292
4034,B0293
4035,B0294
4036,B0295
4037,B0296
4038,B0297
4039,B0298
4040,B0299
4041,B0300
4042,B0301
4043,B0302
4044,B0303
4045,B0304
4046,B0305
4047,B0306
4048,B0307
4049,B0308
4050,B0309
4051,B0310
4052,B0311
4053,B0312
4054,B0313
4055,B0314
4056,B0315
4057,B0316
4058,B0317
4059,B0318
4060,B0319
4061,B0320
4062,B0321
4063,B0322
4064,B0323
4065,B0324
4066,B0325
4067,B0326
4068,B0327
4069,B0328
4070,B0329
4071,B0330
4072,B0331
4073,B0332
4074,B0333
4075,B0334
4076,B0335
4077,B0336
4078,B0337
4079,B0338
4080,B0339
4081,B0340
4082,B0341
4083,B0342
4084,B0343
4085,B0344
4086,B0345
4087,B0346
4088,B0347
4089,B0348
4090,B0349
4091,B0350
4092,B0351
4093,B0352
4094,B0353
4095,B0354
4096,B0355
4097,B0356
4098,B0357
4099,B0358
4100,B0359
4101,B0360
4102,B0361
4103,B0362
4104,B0363
4105,B0364
4106,B0365
4107,B0366
4108,B0367
4109,B0368
4110,B0369
4111,B0370
4112,B0371
4113,B0372
4114,B0373
4115,B0374
4116,B0375
4117,B0376
4118,B0377
4119,B0378
4120,B0379
4121,B0380
4122,B0381
4123,B0382
4124,B0383
4125,B0384
4126,B0385
4127,B0386
4128,B0387
4129,B0388
4130,B0389
4131,B0390
4132,B0391
4133,B0392
4134,B0393
4135,B0394
4136,B0395
4137,B0396
4138,B0397
4139,B0398
4140,B0399
4141,B0400
4142,B0401
4143,B0402
4144,B0403
4145,B0404
4146,B0405
4147,B0406
4148,B0407
4149,B0408
4150,B0409
4151,B0410
4152,B0411
4153,B0412
4154,B0413
4155,B0414
4156,B0415
4157,B0416
4158,B0417
4159,B0418
4160,B0419
4161,B0420
4162,B0421
4163,B0422
4164,B0423
4165,B0424
4166,B0425
4167,B0426
4168,B0427
4169,B0428
4170,B0429
4171,B0430
4172,B0431
4173,B0432
4174,B0433
4175,B0434
4176,B0435
4177,B0436
4178,B0437
4179,B0438
4180,B0439
4181,B0440
4182,B0441
4183,B0442
4184,B0443
4185,B0444
4186,B0445
4187,B0446
4188,B0447
4189,B0448
4190,B0449
4191,B0450
4192,B0451
4193,B0452
4194,B0453
4195,B0454
4196,B0455
4197,B0456
4198,B0457
4199,B0458
4200,B0459
4201,B0460
4202,B0461
4203,B0462
4204,B0463
4205,B0464
4206,B0465
4207,B0466
4208,B0467
4209,B0468
4210,B0469
4211,B0470
4212,B0471
4213,B0472
4214,B0473
4215,B0474
4216,B0475
4217,B0476
4218,B0477
4219,B0478
4220,B0479
4221,B0480
4222,B0481
4223,B0482
4224,B0483
4225,B0484
4226,B0485
4227,B0486
4228,B0487
4229,B0488
4230,B0489
4231,B0490
4232,B0491
4233,B0492
4234,B0493
4235,B0494
4236,B0495
4237,B0496
4238,B0497
4239,B0498
4240,B0499
4241,B0500
4242,B0501
4243,B0502
4244,B0503
4245,B0504
4246,B0505
4247,B0506
4248,B0507
4249,B0508
4250,B0509
4251,B0510
4252,B0511
4253,B0512
4254,B0513
4255,B0514
4256,B0515
4257,B0516
4258,B0517
4259,B0518
4260,B0519
4261,B0520
4262,B0521
4263,B0522
4264,B0523
4265,B0524
4266,B0525
4267,B0526
4268,B0527
4269,B0528
4270,B0529
4271,B0530
4272,B0531
4273,B0532
4274,B0533
4275,B0534
4276,B0535
4277,B0536
4278,B0537
4279,B0538
4280,B0539
4281,B0540
4282,B0541
4283,B0542
4284,B0543
4285,B0544
4286,B0545
4287,B0546
4288,B0547
4289,B0548
4290,B0549
4291,B0550
4292,B0551
4293,B0552
4294,B0553
4295,B0554
4296,B0555
4297,B0556
4298,B0557
4299,B0558
4300,B0559
4301,B0560
4302,B0561
4303,B0562
4304,B0563
4305,B0564
4306,B0565
4307,B0566
4308,B0567
4309,B0568
4310,B0569
4311,B0570
4312,B0571
4313,B0572
4314,B0573
4315,B0574
4316,B0575
4317,B0576
4318,B0577
4319,B0578
4320,B0579
4321,B0580
4322,B0581
4323,B0582
4324,B0583
4325,B0584
4326,B0585
4327,B0586
4328,B0587
4329,B0588
4330,B0589
4331,B0590
4332,B0591
4333,B0592
4334,B0593
4335,B0594
4336,B0595
4337,B0596
4338,B0597
4339,B0598
4340,B0599
4341,B0600
4342,B0601
4343,B0602
4344,B0603
4345,B0604
4346,B0605
4347,B0606
4348,B0607
4349,B0608
4350,B0609
4351,B0610
4352,B0611
4353,B0612
4354,B0613
4355,B0614
4356,B0615
4357,B0616
4358,B0617
4359,B0618
4360,B0619
4361,B0620
4362,B0621
4363,B0622
4364,B0623
4365,B0624
4366,B0625
4367,B0626
4368,B0627
4369,B0628
4370,B0629
4371,B0630
4372,B0631
4373,B0632
4374,B0633
4375,B0634
4376,B0635
4377,B0636
4378,B0637
4379,B0638
4380,B0639
4381,B0640
4382,B0641
4383,B0642
4384,B0643
4385,B0644
4386,B0645
4387,B0646
4388,B0647
4389,B0648
4390,B0649
4391,B0650
4392,B0651
4393,B0652
4394,B0653
4395,B0654
4396,B0655
4397,B0656
4398,B0657
4399,B0658
4400,B0659
4401,B0660
4402,B0661
4403,B0662
4404,B0663
4405,B0664
4406,B0665
4407,B0666
4408,B0667
4409,B0668
4410,B0669
4411,B0670
4412,B0671
4413,B0672
4414,B0673
4415,B0674
4416,B0675
4417,B0676
4418,B0677
4419,B0678
4420,B0679
4421,B0680
4422,B0681
4423,B0682
4424,B0683
4425,B0684
4426,B0685
4427,B0686
4428,B0687
4429,B0688
4430,B0689
4431,B0690
4432,B0691
4433,B0692
4434,B0693
4435,B0694
4436,B0695
4437,B0696
4438,B0697
4439,B0698
4440,B0699
4441,B0700
4442,B0701
4443,B0702
4444,B0703
4445,B0704
4446,B0705
4447,B0706
4448,B0707
4449,B0708
4450,B0709
4451,B0710
4452,B0711
4453,B0712
4454,B0713
4455,B0714
4456,B0715
4457,B0716
4458,B0717
4459,B0718
4460,B0719
4461,B0720
4462,B0721
4463,B0722
4464,B0723
4465,B0724
4466,B0725
4467,B0726
4468,B0727
4469,B0728
4470,B0729
4471,B0730
4472,B0731
4473,B0732
4474,B0733
4475,B0734
4476,B0735
4477,B0736
4478,B0737
4479,B0738
4480,B0739
4481,B0740
4482,B0741
4483,B0742
4484,B0743
4485,B0744
4486,B0745
4487,B0746
4488,B0747
4489,B0748
4490,B0749
4491,B0750
4492,B0751
4493,B0752
4494,B0753
4495,B0754
4496,B0755
4497,B0756
4498,B0757
4499,B0758
4500,B0759
4501,B0760
4502,B0761
4503,B0762
4504,B0763
4505,B0764
4506,B0765
4507,B0766
4508,B0767
4509,B0768
4510,B0769
4511,B0770
4512,B0771
4513,B0772
4514,B0773
4515,B0774
4516,B0775
4517,B0776
4518,B0777
4519,B0778
4520,B0779
4521,B0780
4522,B0781
4523,B0782
4524,B0783
4525,B0784
4526,B0785
4527,B0786
4528,B0787
4529,B0788
4530,B0789
4531,B0790
4532,B0791
4533,B0792
4534,B0793
4535,B0794
4536,B0795
4537,B0796
4538,B0797
4539,B0798
4540,B0799
4541,B0800
4542,B0801
4543,B0802
4544,B0803
4545,B0804
4546,B0805
4547,B0806
4548,B0807
4549,B0808
4550,B0809
4551,B0810
4552,B0811
4553,B0812
4554,B0813
4555,B0814
4556,B0815
4557,B0816
4558,B0817
4559,B0818
4560,B0819
4561,B0820
4562,B0821
4563,B0822
4564,B0823
4565,B0824
4566,B0825
4567,B0826
4568,B0827
4569,B0828
4570,B0829
4571,B0830
4572,B0831
4573,B0832
4574,B0833
4575,B0834
4576,B0835
4577,B0836
4578,B0837
4579,B0838
4580,B0839
4581,B0840
4582,B0841
4583,B0842
4584,B0843
4585,B0844
4586,B0845
4587,B0846
4588,B0847
4589,B0848
4590,B0849
4591,B0850
4592,B0851
4593,B0852
4594,B0853
4595,B0854
4596,B0855
4597,B0856
4598,B0857
4599,B0858
4600,B0859
4601,B0860
4602,B0861
4603,B0862
4604,B0863
4605,B0864
4606,B0865
4607,B0866
4608,B0867
4609,B0868
4610,B0869
4611,B0870
4612,B0871
4613,B0872
4614,B0873
4615,B0874
4616,B0875
4617,B0876
4618,B0877
4619,B0878
4620,B0879
4621,B0880
4622,B0881
4623,B0882
4624,B0883
4625,B0884
4626,B0885
4627,B0886
4628,B0887
4629,B0888
4630,B0889
4631,B0890
4632,B0891
4633,B0892
4634,B0893
4635,B0894
4636,B0895
4637,B0896
4638,B0897
4639,B0898
4640,B0899
4641,B0900
4642,B0901
4643,B0902
4644,B0903
4645,B0904
4646,B0905
4647,B0906
4648,B0907
4649,B0908
4650,B0909
4651,B0910
4652,B0911
4653,B0912
4654,B0913
4655,B0914
4656,B0915
4657,B0916
4658,B0917
4659,B0918
4660,B0919
4661,B0920
4662,B0921
4663,B0922
4664,B0923
4665,B0924
4666,B0925
4667,B0926
4668,B0927
4669,B0928
4670,B0929
4671,B0930
4672,B0931
4673,B0932
4674,B0933
4675,B0934
4676,B0935
4677,B0936
4678,B0937
4679,B0938
4680,B0939
4681,B0940
4682,B0941
4683,B0942
4684,B0943
4685,B0944
4686,B0945
4687,B0946
4688,B0947
4689,B0948
4690,B0949
4691,B0950
4692,B0951
4693,B0952
4694,B0953
4695,B0954
4696,B0955
4697,B0956
4698,B0957
4699,B0958
4700,B0959
4701,B0960
4702,B0961
4703,B0962
4704,B0963
4705,B0964
4706,B0965
4707,B0966
4708,B0967
4709,B0968
4710,B0969
4711,B0970
4712,B0971
4713,B0972
4714,B0973
4715,B0974
4716,B0975
4717,B0976
4718,B0977
4719,B0978
4720,B0979
4721,B0980
4722,B0981
4723,B0982
4724,B0983
4725,B0984
4726,B0985
4727,B0986
4728,B0987
4729,B0988
4730,B0989
4731,B0990
4732,B0991
4733,B0992
4734,B0993
4735,B0994
4736,B0995
4737,B0996
4738,B0997
4739,B0998
4740,B0999
4741,B1000
4742,B1001
4743,B1002
4744,B1003
4745,B1004
4746,B1005
4747,B1006
4748,B1007
4749,B1008
4750,B1009
4751,B1010
4752,B1011
4753,B1012
4754,B1013
4755,B1014
4756,B1015
4757,B1016
4758,B1017
4759,B1018
4760,B1019
4761,B1020
4762,B1021
4763,B1022
4764,B1023
4765,B1024
4766,B1025
4767,B1026
4768,B1027
4769,B1028
4770,B1029
4771,B1030
4772,B1031
4773,B1032
4774,B1033
4775,B1034
4776,B1035
4777,B1036
4778,B1037
4779,B1038
4780,B1039
4781,B1040
4782,B1041
4783,B1042
4784,B1043
4785,B1044
4786,B1045
4787,B1046
4788,B1047
4789,B1048
4790,B1049
4791,B1050
4792,B1051
4793,B1052
4794,B1053
4795,B1054
4796,B1055
4797,B1056
4798,B1057
4799,B1058
4800,B1059
4801,B1060
4802,B1061
4803,B1062
4804,B1063
4805,B1064
4806,B1065
4807,B1066
4808,B1067
4809,B1068
4810,B1069
4811,B1070
4812,B1071
4813,B1072
4814,B1073
4815,B1074
4816,B1075
4817,B1076
4818,B1077
4819,B1078
4820,B1079
4821,B1080
4822,B1081
4823,B1082
4824,B1083
4825,B1084
4826,B1085
4827,B1086
4828,B1087
4829,B1088
4830,B1089
4831,B1090
4832,B1091
4833,B1092
4834,B1093
4835,B1094
4836,B1095
4837,B1096
4838,B1097
4839,B1098
4840,B1099
4841,B1100
4842,B1101
4843,B1102
4844,B1103
4845,B1104
4846,B1105
4847,B1106
4848,B1107
4849,B1108
4850,B1109
4851,B1110
4852,B1111
4853,B1112
4854,B1113
4855,B1114
4856,B1115
4857,B1116
4858,B1117
4859,B1118
4860,B1119
4861,B1120
4862,B1121
4863,B1122
4864,B1123
4865,B1124
4866,B1125
4867,B1126
4868,B1127
4869,B1128
4870,B1129
4871,B1130
4872,B1131
4873,B1132
4874,B1133
4875,B1134
4876,B1135
4877,B1136
4878,B1137
4879,B1138
4880,B1139
4881,B1140
4882,B1141
4883,B1142
4884,B1143
4885,B1144
4886,B1145
4887,B1146
4888,B1147
4889,B1148
4890,B1149
4891,B1150
4892,B1151
4893,B1152
4894,B1153
4895,B1154
4896,B1155
4897,B1156
4898,B1157
4899,B1158
4900,B1159
4901,B1160
4902,B1161
4903,B1162
4904,B1163
4905,B1164
4906,B1165
4907,B1166
4908,B1167
4909,B1168
4910,B1169
4911,B1170
4912,B1171
4913,B1172
4914,B1173
4915,B1174
4916,B1175
4917,B1176
4918,B1177
4919,B1178
4920,B1179
4921,B1180
4922,B1181
4923,B1182
4924,B1183
4925,B1184
4926,B1185
4927,B1186
4928,B1187
4929,B1188
4930,B1189
4931,B1190
4932,B1191
4933,B1192
4934,B1193
4935,B1194
4936,B1195
4937,B1196
4938,B1197
4939,B1198
4940,B1199
4941,B1200
4942,B1201
4943,B1202
4944,B1203
4945,B1204
4946,B1205
4947,B1206
4948,B1207
4949,B1208
4950,B1209
4951,B1210
4952,B1211
4953,B1212
4954,B1213
4955,B1214
4956,B1215
4957,B1216
4958,B1217
4959,B1218
4960,B1219
4961,B1220
4962,B1221
4963,B1222
4964,B1223
4965,B1224
4966,B1225
4967,B1226
4968,B1227
4969,B1228
4970,B1229
4971,B1230
4972,B1231
4973,B1232
4974,B1233
4975,B1234
4976,B1235
4977,B1236
4978,B1237
4979,B1238
4980,B1239
4981,B1240
4982,B1241
4983,B1242
4984,B1243
4985,B1244
4986,B1245
4987,B1246
4988,B1247
4989,B1248
4990,B1249
4991,B1250
4992,B1251
4993,B1252
4994,B1253
4995,B1254
4996,B1255
4997,B1256
4998,B1257
4999,B1258
5000,B1259
5001,B1260
5002,B1261
5003,B1262
5004,B1263
5005,B1264
5006,B1265
5007,B1266
5008,B1267
5009,B1268
5010,B1269
5011,B1270
5012,B1271
5013,B1272
5014,B1273
5015,B1274
5016,B1275
5017,B1276
5018,B1277
5019,B1278
5020,B1279
5021,B1280
5022,B1281
5023,B1282
5024,B1283
5025,B1284
5026,B1285
5027,B1286
5028,B1287
5029,B1288
5030,B1289
5031,B1290
5032,B1291
5033,B1292
5034,B1293
5035,B1294
5036,B1295
5037,B1296
5038,B1297
5039,B1298
5040,B1299
5041,B1300
5042,B1301
5043,B1302
5044,B1303
5045,B1304
5046,B1305
5047,B1306
5048,B1307
5049,B1308
5050,B1309
5051,B1310
5052,B1311
5053,B1312
5054,B1313
5055,B1314
5056,B1315
5057,B1316
5058,B1317
5059,B1318
5060,B1319
5061,B1320
5062,B1321
5063,B1322
5064,B1323
5065,B1324
5066,B1325
5067,B1326
5068,B1327
5069,B1328
5070,B1329
5071,B1330
5072,B1331
5073,B1332
5074,B1333
5075,B1334
5076,B1335
5077,B1336
5078,B1337
5079,B1338
5080,B1339
5081,B1340
5082,B1341
5083,B1342
5084,B1343
5085,B1344
5086,B1345
5087,B1346
5088,B1347
5089,B1348
5090,B1349
5091,B1350
5092,B1351
5093,B1352
5094,B1353
5095,B1354
5096,B1355
5097,B1356
5098,B1357
5099,B1358
5100,B1359
5101,B1360
5102,B1361
5103,B1362
5104,B1363
5105,B1364
5106,B1365
5107,B1366
5108,B1367
5109,B1368
5110,B1369
5111,B1370
5112,B1371
5113,B1372
5114,B1373
5115,B1374
5116,B1375
5117,B1376
5118,B1377
5119,B1378
5120,B1379
5121,B1380
5122,B1381
5123,B1382
5124,B1383
5125,B1384
5126,B1385
5127,B1386
5128,B1387
5129,B1388
5130,B1389
5131,B1390
5132,B1391
5133,B1392
5134,B1393
5135,B1394
5136,B1395
5137,B1396
5138,B1397
5139,B1398
5140,B1399
5141,B1400
5142,B1401
5143,B1402
5144,B1403
5145,B1404
5146,B1405
5147,B1406
5148,B1407
5149,B1408
5150,B1409
5151,B1410
5152,B1411
5153,B1412
5154,B1413
5155,B1414
5156,B1415
5157,B1416
5158,B1417
5159,B1418
5160,B1419
5161,B1420
5162,B1421
5163,B1422
5164,B1423
5165,B1424
5166,B1425
5167,B1426
5168,B1427
5169,B1428
5170,B1429
5171,B1430
5172,B1431
5173,B1432
5174,B1433
5175,B1434
5176,B1435
5177,B1436
5178,B1437
5179,B1438
5180,B1439
5181,B1440
5182,B1441
5183,B1442
5184,B1443
5185,B1444
5186,B1445
5187,B1446
5188,B1447
5189,B1448
5190,B1449
5191,B1450
5192,B1451
5193,B1452
5194,B1453
5195,B1454
5196,B1455
5197,B1456
5198,B1457
5199,B1458
5200,B1459
5201,B1460
5202,B1461
5203,B1462
5204,B1463
5205,B1464
5206,B1465
5207,B1466
5208,B1467
5209,B1468
5210,B1469
5211,B1470
5212,B1471
5213,B1472
5214,B1473
5215,B1474
5216,B1475
5217,B1476
5218,B1477
5219,B1478
5220,B1479
5221,B1480
5222,B1481
5223,B1482
5224,B1483
5225,B1484
5226,B1485
5227,B1486
5228,B1487
5229,B1488
5230,B1489
5231,B1490
5232,B1491
5233,B1492
5234,B1493
5235,B1494
5236,B1495
5237,B1496
5238,B1497
5239,B1498
5240,B1499
5241,B1500
5242,B1501
5243,B1502
5244,B1503
5245,B1504
5246,B1505
5247,B1506
5248,B1507
5249,B1508
5250,B1509
5251,B1510
5252,B1511
5253,B1512
5254,B1513
5255,B1514
5256,B1515
5257,B1516
5258,B1517
5259,B1518
5260,B1519
5261,B1520
5262,B1521
5263,B1522
5264,B1523
5265,B1524
5266,B1525
5267,B1526
5268,B1527
5269,B1528
5270,B1529
5271,B1530
5272,B1531
5273,B1532
5274,B1533
5275,B1534
5276,B1535
5277,B1536
5278,B1537
5279,B1538
5280,B1539
5281,B1540
5282,B1541
5283,B1542
5284,B1543
5285,B1544
5286,B1545
5287,B1546
5288,B1547
5289,B1548
5290,B1549
5291,B1550
5292,B1551
5293,B1552
5294,B1553
5295,B1554
5296,B1555
5297,B1556
5298,B1557
5299,B1558
5300,B1559
5301,B1560
5302,B1561
5303,B1562
5304,B1563
5305,B1564
5306,B1565
5307,B1566
5308,B1567
5309,B1568
5310,B1569
5311,B1570
5312,B1571
5313,B1572
5314,B1573
5315,B1574
5316,B1575
5317,B1576
5318,B1577
5319,B1578
5320,B1579
5321,B1580
5322,B1581
5323,B1582
5324,B1583
5325,B1584
5326,B1585
5327,B1586
5328,B1587
5329,B1588
5330,B1589
5331,B1590
5332,B1591
5333,B1592
5334,B1593
5335,B1594
5336,B1595
5337,B1596
5338,B1597
5339,B1598
5340,B1599
5341,B1600
5342,B1601
5343,B1602
5344,B1603
5345,B1604
5346,B1605
5347,B1606
5348,B1607
5349,B1608
5350,B1609
5351,B1610
5352,B1611
5353,B1612
5354,B1613
5355,B1614
5356,B1615
5357,B1616
5358,B1617
5359,B1618
5360,B1619
5361,B1620
5362,B1621
5363,B1622
5364,B1623
5365,B1624
5366,B1625
5367,B1626
5368,B1627
5369,B1628
5370,B1629
5371,B1630
5372,B1631
5373,B1632
5374,B1633
5375,B1634
5376,B1635
5377,B1636
5378,B1637
5379,B1638
5380,B1639
5381,B1640
5382,B1641
5383,B1642
5384,B1643
5385,B1644
5386,B1645
5387,B1646
5388,B1647
5389,B1648
5390,B1649
5391,B1650
5392,B1651
5393,B1652
5394,B1653
5395,B1654
5396,B1655
5397,B1656
5398,B1657
5399,B1658
5400,B1659
5401,B1660
5402,B1661
5403,B1662
5404,B1663
5405,B1664
5406,B1665
5407,B1666
5408,B1667
5409,B1668
5410,B1669
5411,B1670
5412,B1671
5413,B1672
5414,B1673
5415,B1674
5416,B1675
5417,B1676
5418,B1677
5419,B1678
5420,B1679
5421,B1680
5422,B1681
5423,B1682
5424,B1683
5425,B1684
5426,B1685
5427,B1686
5428,B1687
5429,B1688
5430,B1689
5431,B1690
5432,B1691
5433,B1692
5434,B1693
5435,B1694
5436,B1695
5437,B1696
5438,B1697
5439,B1698
5440,B1699
5441,B1700
5442,B1701
5443,B1702
5444,B1703
5445,B1704
5446,B1705
5447,B1706
5448,B1707
5449,B1708
5450,B1709
5451,B1710
5452,B1711
5453,B1712
5454,B1713
5455,B1714
5456,B1715
5457,B1716
5458,B1717
5459,B1718
5460,B1719
5461,B1720
5462,B1721
5463,B1722
5464,B1723
5465,B1724
5466,B1725
5467,B1726
5468,B1727
5469,B1728
5470,B1729
5471,B1730
5472,B1731
5473,B1732
5474,B1733
5475,B1734
5476,B1735
5477,B1736
5478,B1737
5479,B1738
5480,B1739
5481,B1740
5482,B1741
5483,B1742
5484,B1743
5485,B1744
5486,B1745
5487,B1746
5488,B1747
5489,B1748
5490,B1749
5491,B1750
5492,B1751
5493,B1752
5494,B1753
5495,B1754
5496,B1755
5497,B1756
5498,B1757
5499,B1758
5500,B1759
5501,B1760
5502,B1761
5503,B1762
5504,B1763
5505,B1764
5506,B1765
5507,B1766
5508,B1767
5509,B1768
5510,B1769
5511,B1770
5512,B1771
5513,B1772
5514,B1773
5515,B1774
5516,B1775
5517,B1776
5518,B1777
5519,B1778
5520,B1779
5521,B1780
5522,B1781
5523,B1782
5524,B1783
5525,B1784
5526,B1785
5527,B1786
5528,B1787
5529,B1788
5530,SL001
5531,SL002
5532,SL003
5533,SL004
5534,SL005
5535,SL006
5536,SL007
5537,SL008
5538,SL009
5539,SL010
5540,SL011
5541,SL012
5542,SL013
5543,SL014
5544,SL015
5545,SL016
5546,SL017
5547,SL018
5548,SL019
5549,SL020
5550,SL021
5551,SL022
5552,SL023
5553,SL024
5554,SL025
5555,SL026
5556,SL027
5557,SL028
5558,SL029
5559,SL030
5560,SL031
5561,SL032
5562,SL033
5563,SL034
5564,SL035
5565,SL036
5566,SL037
5567,SL038
5568,SL039
5569,SL040
5570,SL041
5571,SL042
5572,SL043
5573,SL044
5574,SL045
5575,SL046
5576,SL047
5577,SL048
5578,SL049
5579,SL050
5580,SL051
5581,SL052
5582,SL053
5583,SL054
5584,SL055
5585,SL056
5586,SL057
5587,SL058
5588,SL059
5589,SL060
5590,SL061
5591,SL062
5592,SL063
5593,SL064
5594,SL065
5595,SL066
5596,SL067
5597,SL068
5598,SL069
5599,SL070
5600,SL071
5601,SL072
5602,SL073
5603,SL074
5604,SL075
5605,SL076
5606,SL077
5607,SL078
5608,SL079
5609,SL080
5610,SL081
5611,SL082
5612,SL083
5613,SL084
5614,SL085
5615,SL086
5616,SL087
5617,SL088
5618,SL089
5619,SL090
5620,SL091
5621,SL092
5622,SL093
5623,SL094
5624,SL095
5625,SL096
5626,SL097
5627,SL098
5628,SL099
5629,SL100
5630,SL101
5631,SL102
5632,SL103
5633,SL104
5634,SL105
5635,SL106
5636,SL107
5637,SL108
5638,SL109
5639,SL110
5640,SL111
5641,SL112
5642,SL113
5643,SL114
5644,SL115
5645,SL116
5646,SL117
5647,SL118
5648,SL119
5649,SL120
5650,SL121
5651,SL122
5652,SL123
5653,SL124
5654,SL125
5655,SL126
5656,SL127
5657,SL128
5658,SL129
5659,SL130
5660,SL131
5661,SL132
5662,SL133
5663,SL134
5664,SL135
5665,SL136
5666,SL137
5667,SL138
5668,SL139
5669,SL140
5670,SL141
5671,SL142
5672,SL143
5673,SL144
5674,SL145
5675,SL146
5676,SL147
5677,SL148
5678,SL149
5679,SL150
5680,SL151
5681,SL152
5682,SL153
5683,SL154
5684,SL155
5685,SL156
5686,SL157
5687,SL158
5688,SL159
5689,SL160
5690,SL161
5691,SL162
5692,SL163
5693,SL164
5694,SL165
5695,SL166
5696,SL167
5697,SL168
5698,SL169
5699,SL170
5700,SL171
5701,SL172
5702,SL173
5703,SL174
5704,SL175
5705,SL176
5706,SL177
5707,SL178
5708,SL179
5709,SL180
5710,SL181
5711,SL182
5712,SL183
5713,SL184
5714,SL185
5715,SL186
5716,SL187
5717,SL188
5718,SL189
5719,SL190
5720,SL191
5721,SL192
5722,SL193
5723,SL194
5724,SL195
5725,SL196
5726,SL197
5727,SL198
5728,SL199
5729,SL200
5730,SL201
5731,SL202
5732,SL203
5733,SL204
5734,SL205
5735,SL206
5736,SL207
5737,SL208
5738,SL209
5739,SL210
5740,SL211
5741,SL212
5742,SL213
5743,SL214
5744,SL215
5745,SL216
5746,SL217
5747,SL218
5748,SL219
5749,SL220
5750,SL221
5751,SL222
5752,SL223
5753,SL224
5754,SL225
5755,SL226
5756,SL227
5757,SL228
5758,SL229
5759,SL230
5760,SL231
5761,SL232
5762,SL233
5763,SL234
5764,SL235
5765,SL236
5766,SL237
5767,SL238
5768,SL239
5769,SL240
5770,SL241
5771,SL242
5772,SL243
5773,SL244
5774,SL245
5775,SL246
5776,SL247
5777,SL248
5778,SL249
5779,SL250
5780,SL251
5781,SL252
5782,SL253
5783,SL254
5784,SL255
5785,SL256
5786,SL257
5787,SL258
5788,SL259
5789,SL260
5790,SL261
5791,SL262
5792,SL263
5793,SL264
5794,SL265
5795,SL266
5796,SL267
5797,SL268
5798,SL269
5799,SL270
5800,SL271
5801,SL272
5802,SL273
5803,SL274
5804,SL275
5805,SL276
5806,SL277
5807,SL278
5808,SL279
5809,SL280
5810,SL281
5811,SL282
5812,SL283
5813,SL284
5814,SL285
5815,SL286
5816,SL287
5817,SL288
5818,SL289
5819,SL290
5820,SL291
5821,SL292
5822,SL293
5823,SL294
5824,SL295
5825,SL296
5826,SL297
5827,SL298
5828,SL299
5829,SL300
5830,SL301
5831,SL302
5832,SL303
5833,SL304
5834,SL305
5835,SL306
5836,SL307
5837,SL308
5838,SL309
5839,SL310
5840,SL311
5841,SL312
5842,SL313
5843,SL314
5844,SL315
5845,SL316
5846,SL317
5847,SL318
5848,SL319
5849,SL320
5850,SL321
5851,SL322
5852,SL323
5853,SL324
5854,SL325
5855,SL326
5856,SL327
5857,SL328
5858,SL329
5859,SL330
5860,SL331
5861,SL332
5862,SL333
5863,SL334
5864,SL335
5865,SL336
5866,SL337
5867,SL338
5868,SL339
5869,SL340
5870,SL341
5871,SL342
5872,SL343
5873,SL344
5874,SL345
5875,SL346
5876,SL347
5877,SL348
5878,SL349
5879,SL350
5880,SL351
5881,SL352
5882,SL353
5883,SL354
5884,SL355
5885,SL356
5886,SL357
5887,SL358
5888,SL359
5889,SL360
5890,SL361
5891,SL362
5892,SL363
5893,SL364
5894,SL365
5895,SL366
5896,SL367
5897,SL368
5898,SL369
5899,SL370
5900,SL371
5901,SL372
5902,SL373
5903,SL374
5904,SL375
5905,SL376
5906,SL377
5907,SL378
5908,SL379
5909,SL380
5910,SL381
5911,SL382
5912,SL383
5913,SL384
5914,SL385
5915,SL386
5916,SL387
5917,SL388
5918,SL389
5919,SL390
5920,SL391
5921,SL392
5922,SL393
5923,SL394
5924,SL395
5925,SL396
5926,SL397
5927,SL398
5928,SL399
5929,SL400
5930,SL401
5931,SL402
5932,SL403
5933,SL404
5934,SL405
5935,SL406
5936,SL407
5937,SL408
5938,SL409
5939,SL410
5940,SL411
5941,SL412
5942,SL413
5943,SL414
5944,SL415
5945,SL416
5946,SL417
5947,SL418
5948,SL419
5949,SL420
5950,SL421
5951,SL422
5952,SL423
5953,SL424
5954,SL425
5955,SL426
5956,SL427
5957,SL428
5958,SL429
5959,SL430
5960,SL431
5961,SL432
5962,SL433
5963,SL434
5964,SL435
5965,SL436
5966,SL437
5967,SL438
5968,SL439
5969,SL440
5970,SL441
5971,SL442
5972,SL443
5973,SL444
5974,SL445
5975,SL446
5976,SL447
5977,SL448
5978,SL449
5979,SL450
5980,SL451
5981,SL452
5982,SL453
5983,SL454
5984,SL455
5985,SL456
5986,SL457
5987,SL458
5988,SL459
5989,SL460
5990,SL461
5991,SL462
5992,SL463
5993,SL464
5994,SL465
5995,SL466
5996,SL467
5997,SL468
5998,SL469
5999,SL470
6000,SL471
6001,SL472
6002,SL473
6003,SL474
6004,SL475
6005,SL476
6006,SL477
6007,SL478
6008,SL479
6009,SL480
6010,SL481
6011,SL482
6012,SL483
6013,SL484
6014,SL485
6015,SL486
6016,SL487
6017,SL488
6018,SL489
6019,SL490
6020,SL491
6021,SL492
6022,SL493
6023,SL494
6024,SL495
6025,SL496
6026,SL497
6027,SL498
6028,SL499
6029,SL500
6030,SL501
6031,SL502
6032,SL503
6033,SL504
6034,SL505
6035,SL506
6036,SL507
6037,SL508
6038,SL509
6039,SL510
6040,SL511
6041,SL512
6042,SL513
6043,SL514
6044,SL515
6045,SL516
6046,SL517
6047,SL518
6048,SL519
6049,SL520
6050,SL521
6051,SL522
6052,SL523
6053,SL524
6054,SL525
6055,SL526
6056,SL527
6057,SL528
6058,SL529
6059,SL530
6060,SL531
6061,SL532
6062,SL533
6063,SL534
6064,SL535
6065,SL536
6066,SL537
6067,SL538
6068,SL539
6069,SL540
6070,SL541
6071,SL542
6072,SL543
6073,SL544
6074,SL545
6075,SL546
6076,SL547
6077,SL548
6078,SL549
6079,SL550
6080,SL551
6081,SL552
6082,SL553
6083,SL554
6084,SL555
6085,SL556
6086,SL557
6087,SL558
6088,SL559
6089,SL560
6090,SL561
6091,SL562
6092,SL563
6093,SL564
6094,SL565
6095,SL566
6096,SL567
6097,SL568
6098,SL569
6099,SL570
6100,SL571
6101,SL572
6102,SL573
6103,SL574
6104,SL575
6105,SL576
6106,SL577
6107,SL578
6108,SL579
6109,SL580
6110,SL581
6111,SL582
6112,SL583
6113,SL584
6114,SL585
6115,SL586
6116,SL587
6117,SL588
6118,SL589
6119,SL590
6120,SL591
6121,SL592
6122,SL593
6123,SL594
6124,SL595
6125,SL596
6126,SL597
6127,SL598
6128,SL599
6129,SL600
6130,SL601
6131,SL602
6132,SL603
6133,SL604
6134,SL605
6135,SL606
6136,SL607
6137,SL608
6138,SL609
6139,SL610
6140,SL611
6141,SL612
6142,SL613
6143,SL614
6144,SL615
6145,SL616
6146,SL617
6147,SL618
6148,SL619
6149,SL620
6150,SL621
6151,SL622
6152,SL623
6153,SL624
6154,SL625
6155,SL626
6156,SL627
6157,SL628
6158,SL629
6159,SL630
6160,SL631
6161,SL632
6162,SL633
6163,SL634
6164,SL635
6165,SL636
6166,SL637
6167,SL638
6168,SL639
6169,SL640
6170,SL641
6171,SL642
6172,SL643
6173,SL644
6174,SL645
6175,SL646
6176,SL647
6177,SL648
6178,SL649
6179,SL650
6180,SL651
6181,SL652
6182,SL653
6183,SL654
6184,SL655
6185,SL656
6186,SL657
6187,SL658
6188,SL659
6189,SL660
6190,SL661
6191,SL662
6192,SL663
6193,SL664
6194,SL665
6195,SL666
6196,SL667
6197,SL668
6198,SL669
6199,SL670
6200,SL671
6201,SL672
6202,SL673
6203,SL674
6204,SL675
6205,SL676
6206,SL677
6207,SL678
6208,SL679
6209,SL680
6210,SL681
6211,SL682
6212,SL683
6213,SL684
6214,SL685
6215,SL686
6216,SL687
6217,SL688
6218,SL689
6219,SL690
6220,SL691
6221,SL692
6222,SL693
6223,SL694
6224,SL695
6225,SL696
6226,SL697
6227,SL698
6228,SL699
6229,SL700
6230,SL701
6231,SL702
6232,SL703
6233,SL704
6234,SL705
6235,SL706
6236,SL707
6237,SL708
6238,SL709
6239,SL710
6240,SL711
6241,SL712
6242,SL713
6243,SL714
6244,SL715
6245,SL716
6246,SL717
6247,SL718
6248,SL719
6249,SL720
6250,SL721
6251,SL722
6252,SL723
6253,SL724
6254,SL725
6255,SL726
6256,SL727
6257,SL728
6258,SL729
6259,SL730
6260,SL731
6261,SL732
6262,SL733
6263,SL734
6264,SL735
6265,SL736
6266,SL737
6267,SL738
6268,SL739
6269,SL740
6270,SL741
6271,SL742
6272,SL743
6273,SL744
6274,SL745
6275,SL746
6276,SL747
6277,SL748
6278,SL749
6279,SL750
6280,SL751
6281,SL752
6282,MO001
6283,MO002
6284,MO003
6285,MO004
6286,MO005
6287,MO006
6288,MO007
6289,MO008
6290,MO009
6291,MO010
6292,MO011
6293,MO012
6294,MO013
6295,MO014
6296,MO015
6297,MO016
6298,MO017
6299,MO018
6300,MO019
6301,MO020
6302,MO021
6303,MO022
6304,MO023
6305,MO024
6306,MO025
6307,MO026
6308,MO027
6309,MO028
6310,MO029
6311,MO030
6312,MO031
6313,MO032
6314,MO033
6315,MO034
6316,MO035
6317,MO036
6318,MO037
6319,MO038
6320,MO039
6321,MO040
6322,MO041
6323,MO042
6324,MO043
6325,MO044
6326,MO045
6327,MO046
6328,MO047
6329,MO048
6330,MO049
6331,MO050
6332,MO051
6333,MO052
6334,MO053
6335,MO054
6336,MO055
6337,MO056
6338,MO057
6339,MO058
6340,MO059
6341,MO060
6342,MO061
6343,MO062
6344,MO063
6345,MO064
6346,MO065
6347,MO066
6348,MO067
6349,MO068
6350,MO069
6351,MO070
6352,MO071
6353,MO072
6354,MO073
6355,MO074
6356,MO075
6357,MO076
6358,MO077
6359,MO078
6360,MO079
6361,MO080
6362,MO081
6363,MO082
6364,MO083
6365,MO084
6366,MO085
6367,MO086
6368,MO087
6369,MO088
6370,MO089
6371,MO090
6372,MO091
6373,MO092
6374,MO093
6375,MO094
6376,MO095
6377,MO096
6378,MO097
6379,MO098
6380,MO099
6381,MO100
6382,MO101
6383,MO102
6384,MO103
6385,MO104
6386,MO105
6387,MO106
6388,MO107
6389,MO108
6390,MO109
6391,MO110
6392,MO111
6393,MO112
6394,MO113
6395,MO114
6396,MO115
6397,MO116
6398,MO117
6399,MO118
6400,MO119
6401,MO120
6402,MO121
6403,MO122
6404,MO123
6405,MO124
6406,MO125
6407,MO126
6408,MO127
6409,MO128
6410,MO129
6411,MO130
6412,MO131
6413,MO132
6414,MO133
6415,MO134
6416,MO135
6417,MO136
6418,MO137
6419,MO138
6420,MO139
6421,MO140
6422,MO141
6423,MO142
6424,MO143
6425,MO144
6426,MO145
6427,MO146
6428,MO147
6429,MO148
6430,MO149
6431,MO150
6432,MO151
6433,MO152
6434,MO153
6435,MO154
6436,MO155
6437,MO156
6438,MO157
6439,MO158
6440,MO159
6441,MO160
6442,MO161
6443,MO162
6444,MO163
6445,MO164
6446,MO165
6447,MO166
6448,MO167
6449,MO168
6450,MO169
6451,MO170
6452,MO171
6453,MO172
6454,MO173
6455,MO174
6456,MO175
6457,MO176
6458,MO177
6459,MO178
6460,MO179
6461,MO180
6462,MO181
6463,MO182
6464,MO183
6465,MO184
6466,MO185
6467,MO186
6468,MO187
6469,MO188
6470,MO189
6471,MO190
6472,MO191
6473,MO192
6474,MO193
6475,MO194
6476,MO195
6477,MO196
6478,MO197
6479,MO198
6480,MO199
6481,MO200
6482,MO201
6483,MO202
6484,MO203
6485,MO204
6486,MO205
6487,MO206
6488,MO207
6489,MO208
6490,MO209
6491,MO210
6492,MO211
6493,MO212
6494,MO213
6495,MO214
6496,MO215
6497,MO216
6498,MO217
6499,MO218
6500,MO219
6501,MO220
6502,MO221
6503,MO222
6504,MO223
6505,MO224
6506,MO225
6507,MO226
6508,MO227
6509,MO228
6510,MO229
6511,MO230
6512,MO231
6513,MO232
6514,MO233
6515,MO234
6516,MO235
6517,MO236
6518,MO237
6519,MO238
6520,MO239
6521,MO240
6522,MO241
6523,MO242
6524,MO243
6525,MO244
6526,MO245
6527,MO246
6528,MO247
6529,MO248
6530,MO249
6531,MO250
6532,MO251
6533,MO252
6534,MO253
6535,MO254
6536,MO255
6537,MO256
6538,MO257
6539,MO258
6540,MO259
6541,MO260
6542,MO261
6543,MO262
6544,MO263
6545,MO264
6546,MO265
6547,MO266
6548,MO267
6549,MO268
6550,MO269
6551,MO270
6552,MO271
6553,MO272
6554,MO273
6555,MO274
6556,MO275
6557,MO276
6558,MO277
6559,MO278
6560,MO279
6561,MO280
6562,MO281
6563,MO282
6564,MO283
6565,MO284
6566,MO285
6567,MO286
6568,MO287
6569,MO288
6570,MO289
6571,MO290
6572,MO291
6573,MO292
6574,MO293
6575,MO294
6576,MO295
6577,MO296
6578,MO297
6579,MO298
6580,MO299
6581,MO300
6582,MO301
6583,MO302
6584,MO303
6585,MO304
6586,MO305
6587,MO306
6588,MO307
6589,MO308
6590,MO309
6591,MO310
6592,MO311
6593,MO312
6594,MO313
6595,MO314
6596,MO315
6597,MO316
6598,MO317
6599,MO318
6600,MO319
6601,MO320
6602,MO321
6603,MO322
6604,MO323
6605,MO324
6606,MO325
6607,MO326
6608,MO327
6609,MO328
6610,MO329
6611,MO330
6612,MO331
6613,MO332
6614,MO333
6615,MO334
6616,MO335
6617,MO336
6618,MO337
6619,MO338
6620,MO339
6621,MO340
6622,MO341
6623,MO342
6624,MO343
6625,MO344
6626,MO345
6627,MO346
6628,MO347
6629,MO348
6630,MO349
6631,MO350
6632,MO351
6633,MO352
6634,MO353
6635,MO354
6636,MO355
6637,MO356
6638,MO357
6639,MO358
6640,MO359
6641,MO360
6642,MO361
6643,MO362
6644,MO363
6645,MO364
6646,MO365
6647,MO366
6648,MO367
6649,MO368
6650,MO369
6651,MO370
6652,MO371
6653,MO372
6654,MO373
6655,MO374
6656,MO375
6657,MO376
6658,MO377
6659,MO378
6660,MO379
6661,MO380
6662,MO381
6663,MO382
6664,MO383
6665,MO384
6666,MO385
6667,MO386
6668,MO387
6669,MO388
6670,MO389
6671,MO390
6672,MO391
6673,MO392
6674,MO393
6675,MO394
6676,MO395
6677,MO396
6678,MO397
6679,MO398
6680,MO399
6681,MO400
6682,MO401
6683,MO402
6684,MO403
6685,MO404
6686,MO405
6687,MO406
6688,MO407
6689,MO408
6690,MO409
6691,MO410
6692,MO411
6693,MO412
6694,MO413
6695,MO414
6696,MO415
6697,MO416
6698,MO417
6699,MO418
6700,MO419
6701,MO420
6702,MO421
6703,MO422
6704,MO423
6705,MO424
6706,MO425
6707,MO426
6708,MO427
6709,MO428
6710,MO429
6711,MO430
6712,MO431
6713,MO432
6714,MO433
6715,MO434
6716,MO435
6717,MO436
6718,MO437
6719,MO438
6720,MO439
6721,MO440
6722,MO441
6723,MO442
6724,MO443
6725,MO444
6726,MO445
6727,MO446
6728,MO447
6729,MO448
6730,MO449
6731,MO450
6732,MO451
6733,MO452
6734,MO453
6735,MO454
6736,MO455
6737,MO456
6738,MO457
6739,MO458
6740,MO459
6741,MO460
6742,MO461
6743,MO462
6744,MO463
6745,MO464
6746,MO465
6747,MO466
6748,MO467
6749,MO468
6750,MO469
6751,MO470
6752,MO471
6753,MO472
6754,MO473
6755,MO474
6756,MO475
6757,MO476
6758,MO477
6759,MO478
6760,MO479
6761,MO480
6762,MO481
6763,MO482
6764,MO483
6765,MO484
6766,MO485
6767,MO486
6768,MO487
6769,MO488
6770,MO489
6771,MO490
6772,MO491
6773,MO492
6774,MO493
6775,MO494
6776,MO495
6777,MO496
6778,MO497
6779,MO498
6780,MO499
6781,MO500
6782,MO501
6783,MO502
6784,MO503
6785,MO504
6786,MO505
6787,MO506
6788,MO507
6789,MO508
6790,MO509
6791,MO510
6792,MO511
6793,MO512
6794,MO513
6795,MO514
6796,MO515
6797,MO516
6798,MO517
6799,MO518
6800,MO519
6801,MO520
6802,MO521
6803,MO522
6804,MO523
6805,MO524
6806,MO525
6807,MO526
6808,MO527
6809,MO528
6810,MO529
6811,MO530
6812,MO531
6813,MO532
6814,MO533
6815,MO534
6816,MO535
6817,MO536
6818,MO537
6819,MO538
6820,MO539
6821,MO540
6822,MO541
6823,MO542
6824,MO543
6825,MO544
6826,MO545
6827,MO546
6828,MO547
6829,MO548
6830,MO549
6831,MO550
6832,MO551
6833,MO552
6834,MO553
6835,MO554
6836,MO555
6837,MO556
6838,MO557
6839,MO558
6840,MO559
6841,MO560
6842,MO561
6843,MO562
6844,MO563
6845,MO564
6846,MO565
6847,MO566
6848,MO567
6849,MO568
6850,MO569
6851,MO570
6852,MO571
6853,MO572
6854,MO573
6855,MO574
6856,MO575
6857,MO576
6858,MO577
6859,MO578
6860,MO579
6861,MO580
6862,MO581
6863,MO582
6864,MO583
6865,MO584
6866,MO585
6867,MO586
6868,MO587
6869,MO588
6870,MO589
6871,MO590
6872,MO591
6873,MO592
6874,MO593
6875,MO594
6876,MO595
6877,MO596
6878,MO597
6879,MO598
6880,MO599
6881,MO600
6882,MO601
6883,MO602
6884,MO603
6885,MO604
6886,MO605
6887,MO606
6888,MO607
6889,MO608
6890,MO609
6891,MO610
6892,MO611
6893,MO612
6894,MO613
6895,MO614
6896,MO615
6897,MO616
6898,MO617
6899,MO618
6900,MO619
6901,MO620
6902,MO621
6903,MO622
6904,MO623
6905,MO624
6906,MO625
6907,MO626
6908,MO627
6909,MO628
6910,MO629
6911,MO630
6912,MO631
6913,MO632
6914,MO633
6915,MO634
6916,MO635
6917,MO636
6918,MO637
6919,MO638
6920,MO639
6921,MO640
6922,MO641
6923,MO642
6924,MO643
6925,MO644
6926,MO645
6927,MO646
6928,MO647
6929,MO648
6930,MO649
6931,MO650
6932,MO651
6933,MO652
6934,MO653
6935,MO654
6936,MO655
6937,MO656
6938,MO657
6939,MO658
6940,MO659
6941,MO660
6942,MO661
6943,MO662
6944,MO663
6945,MO664
6946,MO665
6947,MO666
6948,MO667
6949,MO668
6950,MO669
6951,MO670
6952,MO671
6953,MO672
6954,MO673
6955,MO674
6956,MO675
6957,MO676
6958,MO677
6959,MO678
6960,MO679
6961,MO680
6962,MO681
6963,MO682
6964,MO683
6965,MO684
6966,MO685
6967,MO686
6968,MO687
6969,MO688
6970,MO689
6971,MO690
6972,MO691
6973,MO692
6974,MO693
6975,MO694
6976,MO695
6977,MO696
6978,MO697
6979,MO698
6980,MO699
6981,MO700
6982,MO701
6983,MO702
6984,MO703
6985,MO704
6986,MO705
6987,MO706
6988,MO707
6989,MO708
6990,MO709
6991,MO710
6992,MO711
6993,MO712
6994,MO713
6995,MO714
6996,MO715
6997,MO716
6998,MO717
6999,MO718
7000,MO719
7001,MO720
7002,MO721
7003,MO722
7004,MO723
7005,MO724
7006,MO725
7007,MO726
7008,MO727
7009,MO728
7010,MO729
7011,MO730
7012,MO731
7013,MO732
7014,MO733
7015,MO734
7016,MO735
7017,MO736
7018,MO737
7019,MO738
7020,MO739
7021,MO740
7022,MO741
7023,MO742
7024,MO743
7025,MO744
7026,MO745
7027,MO746
7028,MO747
7029,MO748
7030,MO749
7031,MO750
7032,MO751
7033,MO752
7034,MO753
7035,MO754
7036,MO755
7037,MO756
7038,MO757
7039,MO758
7040,MO759
7041,MO760
7042,MO761
7043,MO762
7044,MO763
7045,MO764
7046,MO765
7047,MO766
7048,MO767
7049,MO768
7050,MO769
7051,MO770
7052,MO771
7053,MO772
7054,MO773
7055,MO774
7056,MO775
7057,MO776
7058,MO777
7059,MO778
7060,MO779
7061,MO780
7062,MO781
7063,MO782
7064,MO783
7065,MO784
7066,MO785
7067,MO786
7068,MO787
7069,MO788
7070,MO789
7071,MO790
7072,MO791
7073,MO792
7074,MO793
7075,MO794
7076,MO795
7077,MO796
7078,MO797
7079,MO798
7080,MO799
7081,MO800
7082,MO801
7083,MO802
7084,MO803
7085,MO804
7086,MO805
7087,MO806
7088,MO807
7089,MO808
7090,MO809
7091,MO810
7092,MO811
7093,MO812
7094,MO813
7095,MO814
7096,MO815
7097,MO816
7098,MO817
7099,MO818
7100,MO819
7101,MO820
7102,MO821
7103,MO822
7104,MO823
7105,MO824
7106,MO825
7107,MO826
7108,MO827
7109,MO828
7110,MO829
7111,MO830
7112,MO831
7113,MO832
7114,MO833
7115,MO834
7116,MO835
7117,MO836
7118,MO837
7119,MO838
7120,MO839
7121,MO840
7122,MO841
7123,MO842
7124,MO843
7125,MO844
7126,MO845
7127,MO846
7128,MO847
7129,MO848
7130,MO849
7131,MO850
7132,MO851
7133,MO852
7134,MO853
7135,MO854
7136,MO855
7137,MO856
7138,MO857
7139,MO858
7140,MO859
7141,MO860
7142,MO861
7143,MO862
7144,MO863
7145,MO864
7146,MO865
7147,MO866
7148,MO867
7149,MO868
7150,MO869
7151,MO870
7152,MO871
7153,MO872
7154,MO873
7155,MO874
7156,MO875
7157,MO876
7158,MO877
7159,MO878
7160,MO879
7161,MO880
7162,MO881
7163,MO882
7164,MO883
7165,MO884
7166,MO885
7167,MO886
7168,MO887
7169,MO888
7170,MO889
7171,MO890
7172,MO891
7173,MO892
7174,MO893
7175,MO894
7176,MO895
7177,MO896
7178,MO897
7179,MO898
7180,MO899
7181,MO900
7182,MO901
7183,MO902
7184,MO903
7185,MO904
7186,MO905
7187,MO906
7188,MO907
7189,MO908
7190,MO909
7191,MO910
7192,MO911
7193,MO912
7194,MO913
7195,MO914
7196,MO915
7197,MO916
7198,MO917
7199,MO918
7200,MO919
7201,MO920
7202,MO921
7203,SC001
7204,SC002
7205,SC003
7206,SC004
7207,SC005
7208,SC006
7209,SC007
7210,SC008
7211,SC009
7212,SC010
7213,SC011
7214,SC012
7215,SC013
7216,SC014
7217,SC015
7218,SC016
7219,SC017
7220,SC018
7221,SC019
7222,SC020
7223,SC021
7224,SC022
7225,SC023
7226,SC024
7227,SC025
7228,SC026
7229,SC027
7230,SC028
7231,SC029
7232,SC030
7233,SC031
7234,SC032
7235,SC033
7236,SC034
7237,SC035
7238,SC036
7239,SC037
7240,SC038
7241,SC039
7242,SC040
7243,SC041
7244,SC042
7245,SC043
7246,SC044
7247,SC045
7248,SC046
7249,SC047
7250,SC048
7251,SC049
7252,SC050
7253,SC051
7254,SC052
7255,SC053
7256,SC054
7257,SC055
7258,SC056
7259,SC057
7260,SC058
7261,SC059
7262,SC060
7263,SC061
7264,SC062
7265,SC063
7266,SC064
7267,SC065
7268,SC066
7269,SC067
7270,SC068
7271,SC069
7272,SC070
7273,SC071
7274,SC072
7275,SC073
7276,SC074
7277,SC075
7278,SC076
7279,SC077
7280,SC078
7281,SC079
7282,SC080
7283,SC081
7284,SC082
7285,SC083
7286,SC084
7287,SC085
7288,SC086
7289,SC087
7290,SC088
7291,SC089
7292,SC090
7293,SC091
7294,SC092
7295,SC093
7296,SC094
7297,SC095
7298,SC096
7299,SC097
7300,SC098
7301,SC099
7302,SC100
7303,SC101
7304,SC102
7305,SC103
7306,SC104
7307,SC105
7308,SC106
7309,SC107
7310,SC108
7311,SC109
7312,SC110
7313,SC111
7314,SC112
7315,SC113
7316,SC114
7317,SC115
7318,SC116
7319,SC117
7320,SC118
7321,SC119
7322,SC120
7323,SC121
7324,SC122
7325,SC123
7326,SC124
7327,SC125
7328,SC126
7329,SC127
7330,SC128
7331,SC129
7332,SC130
7333,SC131
7334,SC132
7335,SC133
7336,SC134
7337,SC135
7338,SC136
7339,SC137
7340,SC138
7341,SC139
7342,SC140
7343,SC141
7344,SC142
7345,SC143
7346,SC144
7347,SC145
7348,SC146
7349,SC147
7350,SC148
7351,SC149
7352,SC150
7353,SC151
7354,SC152
7355,SC153
7356,SC154
7357,SC155
7358,SC156
7359,SC157
7360,SC158
7361,SC159
7362,SC160
7363,SC161
7364,SC162
7365,SC163
7366,SC164
7367,SC165
7368,SC166
7369,SC167
7370,SC168
7371,SC169
7372,SC170
7373,SC171
7374,SC172
7375,SC173
7376,SC174
7377,SC175
7378,SC176
7379,SC177
7380,SC178
7381,SC179
7382,SC180
7383,SC181
7384,SC182
7385,SC183
7386,SC184
7387,SC185
7388,SC186
7389,SC187
7390,SC188
7391,SC189
7392,SC190
7393,SC191
7394,SC192
7395,SC193
7396,SC194
7397,SC195
7398,SC196
7399,SC197
7400,SC198
7401,SC199
7402,SC200
7403,SC201
7404,SC202
7405,SC203
7406,SC204
7407,SC205
7408,SC206
7409,SC207
7410,SC208
7411,SC209
7412,SC210
7413,SC211
7414,SC212
7415,SC213
7416,SC214
7417,SC215
7418,SC216
7419,SC217
7420,SC218
7421,SC219
7422,SC220
7423,SC221
7424,SC222
7425,SC223
7426,SC224
7427,SC225
7428,SC226
7429,SC227
7430,SC228
7431,SC229
7432,SC230
7433,SC231
7434,SC232
7435,SC233
7436,SC234
7437,SC235
7438,SC236
7439,SC237
7440,SC238
7441,SC239
7442,SC240
7443,SC241
7444,SC242
7445,SC243
7446,SC244
7447,SC245
7448,SC246
7449,SC247
7450,SC248
7451,SC249
7452,SC250
7453,SC251
7454,SC252
7455,SC253
7456,SC254
7457,SC255
7458,SC256
7459,SC257
7460,SC258
7461,SC259
7462,SC260
7463,SC261
7464,SC262
7465,SC263
7466,SC264
7467,SC265
7468,SC266
7469,SC267
7470,SC268
7471,SC269
7472,SC270
7473,SC271
7474,SC272
7475,SC273
7476,SC274
7477,SC275
7478,SC276
7479,SC277
7480,SC278
7481,SC279
7482,SC280
7483,SC281
7484,SC282
7485,SC283
7486,SC284
7487,SC285
7488,SC286
7489,SC287
7490,SC288
7491,SC289
7492,SC290
7493,SC291
7494,SC292
7495,SC293
7496,SC294
7497,SC295
7498,SC296
7499,SC297
7500,SC298
7501,SC299
7502,SC300
7503,SC301
7504,SC302
7505,SC303
7506,SC304
7507,SC305
7508,SC306
7509,SC307
7510,SC308
7511,SC309
7512,SC310
7513,SC311
7514,SC312
7515,SC313
7516,SC314
7517,SC315
7518,SC316
7519,SC317
7520,SC318
7521,SC319
7522,SC320
7523,SC321
7524,SC322
7525,SC323
7526,SC324
7527,SC325
7528,SC326
7529,SC327
7530,SC328
7531,SM001
7532,SM002
7533,SM003
7534,SM004
7535,SM005
7536,SM006
7537,SM007
7538,SM008
7539,SM009
7540,SM010
7541,SM011
7542,SM012
7543,SM013
7544,SM014
7545,SM015
7546,SM016
7547,SM017
7548,SM018
7549,SM019
7550,SM020
7551,SM021
7552,SM022
7553,SM023
7554,SM024
7555,SM025
7556,SM026
7557,SM027
7558,SM028
7559,SM029
7560,SM030
7561,SM031
7562,SM032
7563,SM033
7564,SM034
7565,SM035
7566,SM036
7567,SM037
7568,SM038
7569,SM039
7570,SM040
7571,SM041
7572,SM042
7573,SM043
7574,SM044
7575,SM045
7576,SM046
7577,SM047
7578,SM048
7579,SM049
7580,SM050
7581,SM051
7582,SM052
7583,SM053
7584,SM054
7585,SM055
7586,SM056
7587,SM057
7588,SM058
7589,SM059
7590,SM060
7591,SM061
7592,SM062
7593,SM063
7594,SM064
7595,SM065
7596,SM066
7597,SM067
7598,SM068
7599,SM069
7600,SM070
7601,SM071
7602,SM072
7603,SM073
7604,SM074
7605,SM075
7606,SM076
7607,SM077
7608,SM078
7609,SM079
7610,SM080
7611,SM081
7612,SM082
7613,SM083
7614,SM084
7615,SM085
7616,SM086
7617,SM087
7618,SM088
7619,SM089
7620,SM090
7621,SM091
7622,SM092
7623,SM093
7624,SM094
7625,SM095
7626,SM096
7627,SM097
7628,SM098
7629,SM099
7630,SM100
7631,SM101
7632,SM102
7633,SM103
7634,SM104
7635,SM105
7636,SM106
7637,SM107
7638,SM108
7639,SM109
7640,SM110
7641,SM111
7642,SM112
7643,SM113
7644,SM114
7645,SM115
7646,SM116
7647,SM117
7648,SM118
7649,SM119
7650,SM120
7651,SM121
7652,SM122
7653,SM123
7654,SM124
7655,SM125
7656,SM126
7657,SM127
7658,SM128
7659,SM129
7660,SM130
7661,SM131
7662,SM132
7663,SM133
7664,SM134
7665,SM135
7666,SM136
7667,SM137
7668,SM138
7669,SM139
7670,SM140
7671,SM141
7672,SM142
7673,SM143
7674,SM144
7675,SM145
7676,SM146
7677,SM147
7678,SM148
7679,SM149
7680,SM150
7681,SM151
7682,SM152
7683,SM153
7684,SM154
7685,SM155
7686,SM156
7687,SM157
7688,SM158
7689,SM159
7690,SM160
7691,SM161
7692,SM162
7693,SM163
7694,SM164
7695,SM165
7696,SM166
7697,SM167
7698,SM168
7699,SM169
7700,SM170
7701,SM171
7702,SM172
7703,SM173
7704,SM174
7705,SM175
7706,SM176
7707,SM177
7708,SM178
7709,SM179
7710,SM180
7711,SM181
7712,SM182
7713,SM183
7714,SM184
7715,SM185
7716,SM186
7717,SM187
7718,SM188
7719,SM189
7720,SM190
7721,SM191
7722,SM192
7723,SM193
7724,SM194
7725,SM195
7726,SM196
7727,SM197
7728,SM198
7729,SM199
7730,SM200
7731,SM201
7732,SM202
7733,SM203
7734,SM204
7735,SM205
7736,SM206
7737,SM207
7738,SM208
7739,SM209
7740,SM210
7741,SM211
7742,SM212
7743,SM213
7744,SM214
7745,SM215
7746,SM216
7747,SM217
7748,SM218
7749,SM219
7750,SM220
7751,SM221
7752,SM222
7753,SM223
7754,SM224
7755,SM225
7756,SM226
7757,SM227
7758,SM228
7759,SM229
7760,SM230
7761,SM231
7762,SM232
7763,SM233
7764,SM234
7765,SM235
7766,SM236
7767,SM237
7768,SM238
7769,SM239
7770,SM240
7771,SM241
7772,SM242
7773,SM243
7774,SM244
7775,SM245
7776,SM246
7777,SM247
7778,SM248
7779,SM249
7780,SM250
7781,SM251
7782,SM252
7783,SM253
7784,SM254
7785,SM255
7786,SM256
7787,SM257
7788,SM258
7789,SM259
7790,SM260
7791,SM261
7792,SM262
7793,SM263
7794,SM264
7795,SM265
7796,SM266
7797,SM267
7798,SM268
7799,SM269
7800,SM270
7801,SM271
7802,SM272
7803,SM273
7804,SM274
7805,SM275
7806,SM276
7807,SM277
7808,SM278
7809,SM279
7810,SM280
7811,SM281
7812,SM282
7813,SM283
7814,SM284
7815,SM285
7816,SM286
7817,SM287
7818,SM288
7819,SM289
7820,SM290
7821,SM291
7822,SM292
7823,SM293
7824,SM294
7825,SM295
7826,SM296
7827,SM297
7828,SM298
7829,SM299
7830,SM300
7831,SM301
7832,SM302
7833,SM303
7834,SM304
7835,SM305
7836,SM306
7837,SM307
7838,SM308
7839,SM309
7840,SM310
7841,SM311
7842,SM312
7843,SM313
7844,SM314
7845,SM315
7846,SM316
7847,SM317
7848,SM318
7849,SM319
7850,SM320
7851,SM321
7852,SM322
7853,SM323
7854,SM324
7855,SM325
7856,SM326
7857,SM327
7858,SM328
7859,SM329
7860,SM330
7861,SM331
7862,SM332
7863,SM333
7864,SM334
7865,SM335
7866,SM336
7867,SM337
7868,SM338
7869,SM339
7870,SM340
7871,SM341
7872,SM342
7873,SM343
7874,SM344
7875,SM345
7876,SM346
7877,SM347
7878,SM348
7879,SM349
7880,SM350
7881,SM351
7882,SM352
7883,SM353
7884,SM354
7885,SM355
7886,SM356
7887,SM357
7888,SM358
7889,SM359
7890,SM360
7891,SM361
7892,SM362
7893,SM363
7894,SM364
7895,SM365
7896,SM366
7897,SM367
7898,SM368
7899,SM369
7900,SM370
7901,SM371
7902,SM372
7903,SM373
7904,SM374
7905,SM375
7906,SM376
7907,SM377
7908,SM378
7909,SM379
7910,SM380
7911,SM381
7912,SM382
7913,SM383
7914,SM384
7915,SM385
7916,SM386
7917,SM387
7918,SM388
7919,SM389
7920,SM390
7921,SM391
7922,SM392
7923,SM393
7924,SM394
7925,SM395
7926,SM396
7927,SM397
7928,SM398
7929,SM399
7930,SM400
7931,SM401
7932,SM402
7933,SM403
7934,SM404
7935,SM405
7936,SM406
7937,SM407
7938,SM408
7939,SM409
7940,SM410
7941,SM411
7942,SM412
7943,SM413
7944,SM414
7945,SM415
7946,SM416
7947,SM417
7948,SM418
7949,SM419
7950,SM420
7951,SM421
7952,SM422
7953,SM423
7954,SM424
7955,SM425
7956,SM426
7957,SM427
7958,SM428
7959,SM429
7960,SM430
7961,SM431
7962,SM432
7963,SM433
7964,SM434
7965,SM435
7966,SM436
7967,SM437
7968,SM438
7969,SM439
7970,SM440
7971,SM441
7972,SM442
7973,SM443
7974,SM444
7975,SM445
7976,SM446
7977,SM447
7978,SF001
7979,SF002
7980,SF003
7981,SF004
7982,SF005
7983,SF006
7984,SF007
7985,SF008
7986,SF009
7987,SF010
7988,SF011
7989,SF012
7990,SF013
7991,SF014
7992,SF015
7993,SF016
7994,SF017
7995,SF018
7996,SF019
7997,SF020
7998,SF021
7999,SF022
8000,SF023
8001,SF024
8002,SF025
8003,SF026
8004,SF027
8005,SF028
8006,SF029
8007,SF030
8008,SF031
8009,SF032
8010,SF033
8011,SF034
8012,SF035
8013,SF036
8014,SF037
8015,SF038
8016,SF039
8017,SF040
8018,SF041
8019,SF042
8020,SF043
8021,SF044
8022,SF045
8023,SF046
8024,SF047
8025,SF048
8026,SF049
8027,SF050
8028,SF051
8029,SF052
8030,SF053
8031,SF054
8032,SF055
8033,SF056
8034,SF057
8035,SF058
8036,SF059
8037,SF060
8038,SF061
8039,SF062
8040,SF063
8041,SF064
8042,SF065
8043,SF066
8044,SF067
8045,SF068
8046,SF069
8047,SF070
8048,SF071
8049,SF072
8050,SF073
8051,SF074
8052,SF075
8053,SF076
8054,SF077
8055,SF078
8056,SF079
8057,SF080
8058,SF081
8059,SF082
8060,SF083
8061,SF084
8062,SF085
8063,SF086
8064,SF087
8065,SF088
8066,SF089
8067,MA001
8068,MA002
8069,MA003
8070,MA004
8071,MA005
8072,MA006
8073,MA007
8074,MA008
8075,MA009
8076,MA010
8077,MA011
8078,MA012
8079,MA013
8080,MA014
8081,MA015
8082,MA016
8083,MA017
8084,MA018
8085,MA019
8086,MA020
8087,MA021
8088,MA022
8089,MA023
8090,MA024
8091,MA025
8092,MA026
8093,MA027
8094,MA028
8095,MA029
8096,MA030
8097,MA031
8098,MA032
8099,MA033
8100,MA034
8101,MA035
8102,MA036
8103,MA037
8104,MA038
8105,MA039
8106,MA040
8107,MA041
8108,MA042
8109,MA043
8110,MA044
8111,MA045
8112,MA046
8113,MA047
8114,MA048
8115,MA049
8116,MA050
8117,MA051
8118,MA052
8119,MA053
8120,MA054
8121,MA055
8122,MA056
8123,MA057
8124,MA058
8125,MA059
8126,MA060
8127,MA061
8128,MA062
8129,MA063
8130,MA064
8131,MA065
8132,MA066
8133,MA067
8134,MA068
8135,MA069
8136,MA070
8137,MA071
8138,MA072
8139,MA073
8140,MA074
8141,MA075
8142,MA076
8143,MA077
8144,MA078
8145,MA079
8146,MA080
8147,MA081
8148,MA082
8149,MA083
8150,MA084
8151,MA085
8152,MA086
8153,MA087
8154,MA088
8155,MA089
8156,MA090
8157,MA091
8158,MA092
8159,MA093
8160,MA094
8161,MA095
8162,MA096
8163,MA097
8164,MA098
8165,MA099
8166,MA100
8167,MA101
8168,MA102
8169,MA103
8170,MA104
8171,MA105
8172,MA106
8173,MA107
8174,MA108
8175,MA109
8176,MA110
8177,MA111
8178,MA112
8179,MA113
8180,MA114
8181,MA115
8182,MA116
8183,MA117
8184,MA118
8185,MA119
8186,MA120
8187,MA121
8188,MA122
8189,MA123
8190,MA124
8191,MA125
8192,MA126
8193,MA127
8194,MA128
8195,MA129
8196,MA130
8197,MA131
8198,MA132
8199,MA133
8200,MA134
8201,MA135
8202,MA136
8203,MA137
8204,MA138
8205,MA139
8206,MA140
8207,MA141
8208,MA142
8209,MA143
8210,MA144
8211,MA145
8212,MA146
8213,MA147
8214,MA148
8215,MA149
8216,MA150
8217,MA151
8218,MA152
8219,MA153
8220,MA154
8221,MA155
8222,MA156
8223,MA157
8224,MA158
8225,MA159
8226,MA160
8227,MA161
8228,MA162
8229,MA163
8230,MA164
8231,MA165
8232,MA166
8233,MA167
8234,MA168
8235,MA169
8236,MA170
8237,MA171
8238,MA172
8239,MA173
8240,MA174
8241,MA175
8242,MA176
8243,MA177
8244,MA178
8245,MA179
8246,MA180
8247,MA181
8248,MA182
8249,MA183
8250,MA184
8251,MA185
8252,MA186
8253,MA187
8254,MA188
8255,MA189
8256,MA190
8257,MA191
8258,MA192
8259,MA193
8260,MA194
8261,MA195
8262,MA196
8263,MA197
8264,MA198
8265,MA199
8266,MA200
8267,MA201
8268,MA202
8269,MA203
8270,MA204
8271,MA205
8272,MA206
8273,MA207
8274,MA208
8275,MA209
8276,MA210
8277,MA211
8278,MA212
8279,MA213
8280,MA214
8281,MA215
8282,MA216
8283,MA217
8284,MA218
8285,MA219
8286,MA220
8287,MA221
8288,MA222
8289,MA223
8290,MA224
8291,MA225
8292,MA226
8293,MA227
8294,MA228
8295,MA229
8296,MA230
8297,MA231
8298,MA232
8299,MA233
8300,MA234
8301,MA235
8302,MA236
8303,MA237
8304,MA238
8305,MA239
8306,MA240
8307,MA241
8308,MA242
8309,MA243
8310,MA244
8311,MA245
8312,MA246
8313,MA247
8314,MA248
8315,MA249
8316,MA250
8317,MA251
8318,MA252
8319,MA253
8320,MA254
8321,MA255
8322,MA256
8323,MA257
8324,MA258
8325,MA259
8326,MA260
8327,MA261
8328,MA262
8329,MA263
8330,MA264
8331,MA265
8332,MA266
8333,MA267
8334,MA268
8335,MA269
8336,MA270
8337,MA271
8338,MA272
8339,MA273
8340,MA274
8341,MA275
8342,MA276
8343,MA277
8344,MA278
8345,MA279
8346,MA280
8347,MA281
8348,MA282
8349,MA283
8350,MA284
8351,MA285
8352,MA286
8353,MA287
8354,MA288
8355,MA289
8356,MA290
8357,MA291
8358,MA292
8359,MA293
8360,MA294
8361,MA295
8362,MA296
8363,MA297
8364,MA298
8365,MA299
8366,MA300
8367,MA301
8368,MA302
8369,MA303
8370,MA304
8371,MA305
8372,MA306
8373,MA307
8374,MA308
8375,MA309
8376,MA310
8377,MA311
8378,MA312
8379,MA313
8380,MA314
8381,MA315
8382,MA316
8383,MA317
8384,MA318
8385,MA319
8386,MA320
8387,MA321
8388,MA322
8389,MA323
8390,MA324
8391,MA325
8392,MA326
8393,MA327
8394,MA328
8395,MA329
8396,MA330
8397,MA331
8398,MA332
8399,MA333
8400,MA334
8401,MA335
8402,MA336
8403,MA337
8404,MA338
8405,MA339
8406,MA340
8407,MA341
8408,MA342
8409,MA343
8410,MA344
8411,MA345
8412,MA346
8413,MA347
8414,MA348
8415,MA349
8416,MA350
8417,MA351
8418,MA352
8419,MA353
8420,MA354
8421,MA355
8422,MA356
8423,MA357
8424,MA358
8425,MA359
8426,MA360
8427,MA361
8428,MA362
8429,MA363
8430,MA364
8431,MA365
8432,MA366
8433,MA367
8434,MA368
8435,MA369
8436,MA370
8437,MA371
8438,MA372
8439,MA373
8440,MA374
8441,MA375
8442,MA376
8443,MA377
8444,MA378
8445,MA379
8446,MA380
8447,MA381
8448,MA382
8449,MA383
8450,MA384
8451,MA385
8452,MA386
8453,MA387
8454,MA388
8455,MA389
8456,MA390
8457,MA391
8458,MA392
8459,MA393
8460,MA394
8461,MA395
8462,MA396
8463,MA397
8464,MA398
8465,MA399
8466,MA400
8467,MA401
8468,MA402
8469,MA403
8470,MA404
8471,MA405
8472,MA406
8473,MA407
8474,MA408
8475,MA409
8476,MA410
8477,MA411
8478,MA412
8479,MA413
8480,MA414
8481,MA415
8482,MA416
8483,MA417
8484,MA418
8485,MA419
8486,MA420
8487,MA421
8488,MA422
8489,MA423
8490,MA424
8491,MA425
8492,MA426
8493,MA427
8494,MA428
8495,MA429
8496,MA430
8497,MA431
8498,MA432
8499,MA433
8500,MA434
8501,MA435
8502,MA436
8503,MA437
8504,MA438
8505,MA439
8506,MA440
8507,MA441
8508,MA442
8509,MA443
8510,MA444
8511,MA445
8512,MA446
8513,MA447
8514,MA448
8515,MA449
8516,MA450
8517,MA451
8518,MA452
8519,MA453
8520,MA454
8521,MA455
8522,MA456
8523,MA457
8524,MA458
8525,MA459
8526,MA460
8527,MA461
8528,MA462
8529,MA463
8530,MA464
8531,MA465
8532,MA466
8533,MA467
8534,MA468
8535,MA469
8536,MA470
8537,MA471
8538,MA472
8539,MA473
8540,MA474
8541,MA475
8542,MA476
8543,MA477
8544,MA478
8545,MA479
8546,MA480
8547,MA481
8548,MA482
8549,MA483
8550,MA484
8551,MA485
8552,MA486
8553,MA487
8554,MA488
8555,MA489
8556,MA490
8557,MA491
8558,MA492
8559,MA493
8560,MA494
8561,MA495
8562,MA496
8563,MA497
8564,MA498
8565,MA499
8566,MA500
8567,MA501
8568,MA502
8569,MA503
8570,MA504
8571,MA505
8572,MA506
8573,MA507
8574,MA508
8575,MA509
8576,MA510
8577,MA511
8578,MA512
8579,MA513
8580,MA514
8581,MA515
8582,MA516
8583,MA517
8584,MA518
8585,MA519
8586,MA520
8587,MA521
8588,MA522
8589,MA523
8590,MA524
8591,MA525
8592,MA526
8593,MA527
8594,MA528
8595,MA529
8596,MA530
8597,MA531
8598,MA532
8599,MA533
8600,MA534
8601,MA535
8602,MA536
8603,MA537
8604,MA538
8605,MA539
8606,MA540
8607,MA541
8608,MA542
8609,MA543
8610,MA544
8611,MA545
8612,MA546
8613,MA547
8614,MA548
8615,MA549
8616,MA550
8617,MA551
8618,MA552
8619,MA553
8620,MA554
8621,MA555
8622,MA556
8623,MA557
8624,MA558
8625,MA559
8626,MA560
8627,MA561
8628,MA562
8629,MA563
8630,MA564
8631,MA565
8632,MA566
8633,MA567
8634,MA568
8635,MA569
8636,MA570
8637,MA571
8638,MA572
8639,MA573
8640,MA574
8641,MA575
8642,MA576
8643,MA577
8644,MA578
8645,MA579
8646,MA580
8647,MA581
8648,MA582
8649,MA583
8650,MA584
8651,MA585
8652,MA586
8653,MA587
8654,MA588
8655,MA589
8656,MA590
8657,MA591
8658,MA592
8659,MA593
8660,SN001
8661,SN002
8662,SN003
8663,SN004
8664,SN005
8665,SN006
8666,SN007
8667,SN008
8668,SN009
8669,SN010
8670,SN011
8671,SN012
8672,SN013
8673,SN014
8674,SN015
8675,SN016
8676,SN017
8677,SN018
8678,SN019
8679,SN020
8680,SN021
8681,SN022
8682,SN023
8683,SN024
8684,SN025
8685,SN026
8686,SN027
8687,SN028
8688,SN029
8689,SN030
8690,SN031
8691,SN032
8692,SN033
8693,SN034
8694,SN035
8695,SN036
8696,SN037
8697,SN038
8698,SN039
8699,SN040
8700,SN041
8701,SN042
8702,SN043
8703,SN044
8704,SN045
8705,SN046
8706,SN047
8707,SN048
8708,SN049
8709,SN050
8710,SN051
8711,SN052
8712,SN053
8713,SN054
8714,SN055
8715,SN056
8716,SN057
8717,SN058
8718,SN059
8719,SN060
8720,SN061
8721,SN062
8722,SN063
8723,SN064
8724,SN065
8725,SN066
8726,SN067
8727,SN068
8728,SN069
8729,SN070
8730,SN071
8731,SN072
8732,SN073
8733,SN074
8734,SN075
8735,SN076
8736,SN077
8737,SN078
8738,SN079
8739,SN080
8740,SN081
8741,SN082
8742,SN083
8743,SN084
8744,SN085
8745,SN086
8746,SN087
8747,SN088
8748,SN089
8749,SN090
8750,SN091
8751,SN092
8752,SN093
8753,SN094
8754,SN095
8755,SN096
8756,SN097
8757,SN098
8758,SN099
8759,SN100
8760,SN101
8761,SN102
8762,SN103
8763,SN104
8764,SN105
8765,SN106
8766,SN107
8767,SN108
8768,SN109
8769,SN110
8770,SN111
8771,SN112
8772,SN113
8773,SN114
8774,SN115
8775,SN116
8776,SN117
8777,SN118
8778,SN119
8779,SN120
8780,SN121
8781,SN122
8782,SN123
8783,SN124
8784,SN125
8785,SN126
8786,SN127
8787,SN128
8788,SN129
8789,SN130
8790,SN131
8791,SN132
8792,SN133
8793,SN134
8794,SN135
8795,SN136
8796,SN137
8797,SN138
8798,SN139
8799,SN140
8800,SN141
8801,SN142
8802,SN143
8803,SN144
8804,SN145
8805,SN146
8806,SN147
8807,SN148
8808,SN149
8809,SN150
8810,SN151
8811,SN152
8812,SN153
8813,SN154
8814,SN155
8815,SN156
8816,SN157
8817,SN158
8818,SN159
8819,SN160
8820,SN161
8821,SN162
8822,SN163
8823,SN164
8824,SN165
8825,SN166
8826,SN167
8827,SN168
8828,SN169
8829,SN170
8830,SN171
8831,SN172
8832,SN173
8833,SN174
8834,SN175
8835,SN176
8836,SN177
8837,SN178
8838,SN179
8839,SN180
8840,SN181
8841,SN182
8842,SN183
8843,SN184
8844,SN185
8845,SN186
8846,SN187
8847,SN188
8848,SN189
8849,SN190
8850,SN191
8851,SN192
8852,SN193
8853,SN194
8854,SN195
8855,SN196
8856,SN197
8857,SN198
8858,SN199
8859,SN200
8860,SN201
8861,SN202
8862,SN203
8863,SN204
8864,SN205
8865,SN206
8866,SN207
8867,SN208
8868,SN209
8869,SN210
8870,SN211
8871,SN212
8872,SN213
8873,SN214
8874,SN215
8875,SN216
8876,SN217
8877,SN218
8878,SN219
8879,SN220
8880,SN221
8881,SN222
8882,SN223
8883,SN224
8884,SN225
8885,SN226
8886,SN227
8887,SN228
8888,SN229
8889,SN230
8890,SN231
8891,SN232
8892,SN233
8893,SN234
8894,SN235
8895,SN236
8896,SN237
8897,SN238
8898,SN239
8899,SN240
8900,SN241
8901,SN242
8902,SN243
8903,SN244
8904,SN245
8905,SN246
8906,SN247
8907,SN248
8908,SN249
8909,SN250
8910,SN251
8911,SN252
8912,SN253
8913,SN254
8914,SN255
8915,SN256
8916,SN257
8917,SN258
8918,SN259
8919,SN260
8920,SN261
8921,SN262
8922,SN263
8923,SN264
8924,SN265
8925,SN266
8926,SN267
8927,SN268
8928,SN269
8929,SN270
8930,SN271
8931,SN272
8932,SN273
8933,SN274
8934,SN275
8935,SN276
8936,SN277
8937,SN278
8938,SN279
8939,SN280
8940,SN281
8941,SN282
8942,SN283
8943,SN284
8944,SN285
8945,SN286
8946,SN287
8947,SN288
8948,SN289
8949,SN290
8950,SN291
8951,SN292
8952,SN293
8953,SN294
8954,SN295
8955,SN296
8956,SN297
8957,SN298
8958,SN299
8959,SN300
8960,SN301
8961,SN302
8962,SN303
8963,SN304
8964,SN305
8965,SN306
8966,SN307
8967,SN308
8968,SN309
8969,SN310
8970,SN311
8971,SN312
8972,SN313
8973,SN314
8974,SN315
8975,SN316
8976,SN317
8977,SN318
8978,SN319
8979,SN320
8980,SN321
8981,SN322
8982,SN323
8983,SN324
8984,SN325
8985,SN326
8986,SN327
8987,SN328
8988,SN329
8989,SN330
8990,SN331
8991,SN332
8992,SN333
8993,SN334
8994,SN335
8995,SN336
8996,SN337
8997,SN338
8998,SN339
8999,SN340
9000,SN341
9001,SN342
9002,SN343
9003,SN344
9004,SN345
9005,SN346
9006,SN347
9007,SN348
9008,SN349
9009,SN350
9010,SN351
9011,SN352
9012,SN353
9013,SN354
9014,SN355
9015,SN356
9016,SN357
9017,SN358
9018,SN359
9019,SN360
9020,SN361
9021,SN362
9022,SN363
9023,SN364
9024,SN365
9025,SN366
9026,SN367
9027,SN368
9028,SN369
9029,SN370
9030,SN371
9031,SN372
9032,SN373
9033,SN374
9034,SN375
9035,SN376
9036,SN377
9037,SN378
9038,SN379
9039,SN380
9040,SN381
9041,SN382
9042,SN383
9043,SN384
9044,SN385
9045,SN386
9046,SN387
9047,SN388
9048,SN389
9049,SN390
9050,SN391
9051,SN392
9052,SN393
9053,SN394
9054,SN395
9055,SN396
9056,SN397
9057,SN398
9058,SN399
9059,SN400
9060,SN401
9061,SN402
9062,SN403
9063,SN404
9064,SN405
9065,SN406
9066,SN407
9067,SN408
9068,SN409
9069,SN410
9070,SN411
9071,SN412
9072,SN413
9073,SN414
9074,SN415
9075,SN416
9076,SN417
9077,SN418
9078,SN419
9079,SN420
9080,SN421
9081,SN422
9082,SN423
9083,SN424
9084,SN425
9085,SN426
9086,SN427
9087,SN428
9088,SN429
9089,SN430
9090,SN431
9091,SN432
9092,SN433
9093,SN434
9094,SN435
9095,SN436
9096,SN437
9097,SN438
9098,SN439
9099,SN440
9100,SN441
9101,SN442
9102,SN443
9103,SN444
9104,SN445
9105,SN446
9106,SN447
9107,SN448
9108,SN449
9109,SN450
9110,SN451
9111,SN452
9112,SN453
9113,SN454
9114,SN455
9115,SN456
9116,SN457
9117,SN458
9118,SN459
9119,SN460
9120,SN461
9121,SN462
9122,SN463
9123,SN464
9124,SN465
9125,SN466
9126,SN467
9127,SN468
9128,SN469
9129,SN470
9130,SN471
9131,SN472
9132,SN473
9133,SN474
9134,SN475
9135,SN476
9136,SN477
9137,SN478
9138,SN479
9139,SN480
9140,SN481
9141,SN482
9142,SN483
9143,SN484
9144,SN485
9145,SN486
9146,SN487
9147,SN488
9148,SN489
9149,SN490
9150,SN491
9151,SN492
9152,SN493
9153,SN494
9154,SN495
9155,SN496
9156,SN497
9157,SN498
9158,SN499
9159,SN500
9160,SN501
9161,SN502
9162,SN503
9163,SN504
9164,SN505
9165,SN506
9166,SN507
9167,SN508
9168,SN509
9169,SN510
9170,SN511
9171,SN512
9172,SN513
9173,M0001
9174,M0002
9175,M0003
9176,M0004
9177,M0005
9178,M0006
9179,M0007
9180,M0008
9181,M0009
9182,M0010
9183,M0011
9184,M0012
9185,M0013
9186,M0014
9187,M0015
9188,M0016
9189,M0017
9190,M0018
9191,M0019
9192,M0020
9193,M0021
9194,M0022
9195,M0023
9196,M0024
9197,M0025
9198,M0026
9199,M0027
9200,M0028
9201,M0029
9202,M0030
9203,M0031
9204,M0032
9205,M0033
9206,M0034
9207,M0035
9208,M0036
9209,M0037
9210,M0038
9211,M0039
9212,M0040
9213,M0041
9214,M0042
9215,M0043
9216,M0044
9217,M0045
9218,M0046
9219,M0047
9220,M0048
9221,M0049
9222,M0050
9223,M0051
9224,M0052
9225,M0053
9226,M0054
9227,M0055
9228,M0056
9229,M0057
9230,M0058
9231,M0059
9232,M0060
9233,M0061
9234,M0062
9235,M0063
9236,M0064
9237,M0065
9238,M0066
9239,M0067
9240,M0068
9241,M0069
9242,M0070
9243,M0071
9244,M0072
9245,M0073
9246,M0074
9247,M0075
9248,M0076
9249,M0077
9250,M0078
9251,M0079
9252,M0080
9253,M0081
9254,M0082
9255,M0083
9256,M0084
9257,M0085
9258,M0086
9259,M0087
9260,M0088
9261,M0089
9262,M0090
9263,M0091
9264,M0092
9265,M0093
9266,M0094
9267,M0095
9268,M0096
9269,M0097
9270,M0098
9271,M0099
9272,M0100
9273,M0101
9274,M0102
9275,M0103
9276,M0104
9277,M0105
9278,M0106
9279,M0107
9280,M0108
9281,M0109
9282,M0110
9283,M0111
9284,M0112
9285,M0113
9286,M0114
9287,M0115
9288,M0116
9289,M0117
9290,M0118
9291,M0119
9292,M0120
9293,M0121
9294,M0122
9295,M0123
9296,M0124
9297,M0125
9298,M0126
9299,M0127
9300,M0128
9301,M0129
9302,M0130
9303,M0131
9304,M0132
9305,M0133
9306,M0134
9307,M0135
9308,M0136
9309,M0137
9310,M0138
9311,M0139
9312,M0140
9313,M0141
9314,M0142
9315,M0143
9316,M0144
9317,M0145
9318,M0146
9319,M0147
9320,M0148
9321,M0149
9322,M0150
9323,M0151
9324,M0152
9325,M0153
9326,M0154
9327,M0155
9328,M0156
9329,M0157
9330,M0158
9331,M0159
9332,M0160
9333,M0161
9334,M0162
9335,M0163
9336,M0164
9337,M0165
9338,M0166
9339,M0167
9340,M0168
9341,M0169
9342,M0170
9343,M0171
9344,M0172
9345,M0173
9346,M0174
9347,M0175
9348,M0176
9349,M0177
9350,M0178
9351,M0179
9352,M0180
9353,M0181
9354,M0182
9355,M0183
9356,M0184
9357,M0185
9358,M0186
9359,M0187
9360,M0188
9361,M0189
9362,M0190
9363,M0191
9364,M0192
9365,M0193
9366,M0194
9367,M0195
9368,M0196
9369,M0197
9370,M0198
9371,M0199
9372,M0200
9373,M0201
9374,M0202
9375,M0203
9376,M0204
9377,M0205
9378,M0206
9379,M0207
9380,M0208
9381,M0209
9382,M0210
9383,M0211
9384,M0212
9385,M0213
9386,M0214
9387,M0215
9388,M0216
9389,M0217
9390,M0218
9391,M0219
9392,M0220
9393,M0221
9394,M0222
9395,M0223
9396,M0224
9397,M0225
9398,M0226
9399,M0227
9400,M0228
9401,M0229
9402,M0230
9403,M0231
9404,M0232
9405,M0233
9406,M0234
9407,M0235
9408,M0236
9409,M0237
9410,M0238
9411,M0239
9412,M0240
9413,M0241
9414,M0242
9415,M0243
9416,M0244
9417,M0245
9418,M0246
9419,M0247
9420,M0248
9421,M0249
9422,M0250
9423,M0251
9424,M0252
9425,M0253
9426,M0254
9427,M0255
9428,M0256
9429,M0257
9430,M0258
9431,M0259
9432,M0260
9433,M0261
9434,M0262
9435,M0263
9436,M0264
9437,M0265
9438,M0266
9439,M0267
9440,M0268
9441,M0269
9442,M0270
9443,M0271
9444,M0272
9445,M0273
9446,M0274
9447,M0275
9448,M0276
9449,M0277
9450,M0278
9451,M0279
9452,M0280
9453,M0281
9454,M0282
9455,M0283
9456,M0284
9457,M0285
9458,M0286
9459,M0287
9460,M0288
9461,M0289
9462,M0290
9463,M0291
9464,M0292
9465,M0293
9466,M0294
9467,M0295
9468,M0296
9469,M0297
9470,M0298
9471,M0299
9472,M0300
9473,M0301
9474,M0302
9475,M0303
9476,M0304
9477,M0305
9478,M0306
9479,M0307
9480,M0308
9481,M0309
9482,M0310
9483,M0311
9484,M0312
9485,M0313
9486,M0314
9487,M0315
9488,M0316
9489,M0317
9490,M0318
9491,M0319
9492,M0320
9493,M0321
9494,M0322
9495,M0323
9496,M0324
9497,M0325
9498,M0326
9499,M0327
9500,M0328
9501,M0329
9502,M0330
9503,M0331
9504,M0332
9505,M0333
9506,M0334
9507,M0335
9508,M0336
9509,M0337
9510,M0338
9511,M0339
9512,M0340
9513,M0341
9514,M0342
9515,M0343
9516,M0344
9517,M0345
9518,M0346
9519,M0347
9520,M0348
9521,M0349
9522,M0350
9523,M0351
9524,M0352
9525,M0353
9526,M0354
9527,M0355
9528,M0356
9529,M0357
9530,M0358
9531,M0359
9532,M0360
9533,M0361
9534,M0362
9535,M0363
9536,M0364
9537,M0365
9538,M0366
9539,M0367
9540,M0368
9541,M0369
9542,M0370
9543,M0371
9544,M0372
9545,M0373
9546,M0374
9547,M0375
9548,M0376
9549,M0377
9550,M0378
9551,M0379
9552,M0380
9553,M0381
9554,M0382
9555,M0383
9556,M0384
9557,M0385
9558,M0386
9559,M0387
9560,M0388
9561,M0389
9562,M0390
9563,M0391
9564,M0392
9565,M0393
9566,M0394
9567,M0395
9568,M0396
9569,M0397
9570,M0398
9571,M0399
9572,M0400
9573,M0401
9574,M0402
9575,M0403
9576,M0404
9577,M0405
9578,M0406
9579,M0407
9580,M0408
9581,M0409
9582,M0410
9583,M0411
9584,M0412
9585,M0413
9586,M0414
9587,M0415
9588,M0416
9589,M0417
9590,M0418
9591,M0419
9592,M0420
9593,M0421
9594,M0422
9595,M0423
9596,M0424
9597,M0425
9598,M0426
9599,M0427
9600,M0428
9601,M0429
9602,M0430
9603,M0431
9604,M0432
9605,M0433
9606,M0434
9607,M0435
9608,M0436
9609,M0437
9610,M0438
9611,M0439
9612,M0440
9613,M0441
9614,M0442
9615,M0443
9616,M0444
9617,M0445
9618,M0446
9619,M0447
9620,M0448
9621,M0449
9622,M0450
9623,M0451
9624,M0452
9625,M0453
9626,M0454
9627,M0455
9628,M0456
9629,M0457
9630,M0458
9631,M0459
9632,M0460
9633,M0461
9634,M0462
9635,M0463
9636,M0464
9637,M0465
9638,M0466
9639,M0467
9640,M0468
9641,M0469
9642,M0470
9643,M0471
9644,M0472
9645,M0473
9646,M0474
9647,M0475
9648,M0476
9649,M0477
9650,M0478
9651,M0479
9652,M0480
9653,M0481
9654,M0482
9655,M0483
9656,M0484
9657,M0485
9658,M0486
9659,M0487
9660,M0488
9661,M0489
9662,M0490
9663,M0491
9664,M0492
9665,M0493
9666,M0494
9667,M0495
9668,M0496
9669,M0497
9670,M0498
9671,M0499
9672,M0500
9673,M0501
9674,M0502
9675,M0503
9676,M0504
9677,M0505
9678,M0506
9679,M0507
9680,M0508
9681,M0509
9682,M0510
9683,M0511
9684,M0512
9685,M0513
9686,M0514
9687,M0515
9688,M0516
9689,M0517
9690,M0518
9691,M0519
9692,M0520
9693,M0521
9694,M0522
9695,M0523
9696,M0524
9697,M0525
9698,M0526
9699,M0527
9700,M0528
9701,M0529
9702,M0530
9703,M0531
9704,M0532
9705,M0533
9706,M0534
9707,M0535
9708,M0536
9709,M0537
9710,M0538
9711,M0539
9712,M0540
9713,M0541
9714,M0542
9715,M0543
9716,M0544
9717,M0545
9718,M0546
9719,M0547
9720,M0548
9721,M0549
9722,M0550
9723,M0551
9724,M0552
9725,M0553
9726,M0554
9727,M0555
9728,M0556
9729,M0557
9730,M0558
9731,M0559
9732,M0560
9733,M0561
9734,M0562
9735,M0563
9736,M0564
9737,M0565
9738,M0566
9739,M0567
9740,M0568
9741,M0569
9742,M0570
9743,M0571
9744,M0572
9745,M0573
9746,M0574
9747,M0575
9748,M0576
9749,M0577
9750,M0578
9751,M0579
9752,M0580
9753,M0581
9754,M0582
9755,M0583
9756,M0584
9757,M0585
9758,M0586
9759,M0587
9760,M0588
9761,M0589
9762,M0590
9763,M0591
9764,M0592
9765,M0593
9766,M0594
9767,M0595
9768,M0596
9769,M0597
9770,M0598
9771,M0599
9772,M0600
9773,M0601
9774,M0602
9775,M0603
9776,M0604
9777,M0605
9778,M0606
9779,M0607
9780,M0608
9781,M0609
9782,M0610
9783,M0611
9784,M0612
9785,M0613
9786,M0614
9787,M0615
9788,M0616
9789,M0617
9790,M0618
9791,M0619
9792,M0620
9793,M0621
9794,M0622
9795,M0623
9796,M0624
9797,M0625
9798,M0626
9799,M0627
9800,M0628
9801,M0629
9802,M0630
9803,M0631
9804,M0632
9805,M0633
9806,M0634
9807,M0635
9808,M0636
9809,M0637
9810,M0638
9811,M0639
9812,M0640
9813,M0641
9814,M0642
9815,M0643
9816,M0644
9817,M0645
9818,M0646
9819,M0647
9820,M0648
9821,M0649
9822,M0650
9823,M0651
9824,M0652
9825,M0653
9826,M0654
9827,M0655
9828,M0656
9829,M0657
9830,M0658
9831,M0659
9832,M0660
9833,M0661
9834,M0662
9835,M0663
9836,M0664
9837,M0665
9838,M0666
9839,M0667
9840,M0668
9841,M0669
9842,M0670
9843,M0671
9844,M0672
9845,M0673
9846,M0674
9847,M0675
9848,M0676
9849,M0677
9850,M0678
9851,M0679
9852,M0680
9853,M0681
9854,M0682
9855,M0683
9856,M0684
9857,M0685
9858,M0686
9859,M0687
9860,M0688
9861,M0689
9862,M0690
9863,M0691
9864,M0692
9865,M0693
9866,M0694
9867,M0695
9868,M0696
9869,M0697
9870,M0698
9871,M0699
9872,M0700
9873,M0701
9874,M0702
9875,M0703
9876,M0704
9877,M0705
9878,M0706
9879,M0707
9880,M0708
9881,M0709
9882,M0710
9883,M0711
9884,M0712
9885,M0713
9886,M0714
9887,M0715
9888,M0716
9889,M0717
9890,M0718
9891,M0719
9892,M0720
9893,M0721
9894,M0722
9895,M0723
9896,M0724
9897,M0725
9898,M0726
9899,M0727
9900,M0728
9901,M0729
9902,M0730
9903,M0731
9904,M0732
9905,M0733
9906,M0734
9907,M0735
9908,M0736
9909,M0737
9910,M0738
9911,M0739
9912,M0740
9913,M0741
9914,M0742
9915,M0743
9916,M0744
9917,M0745
9918,M0746
9919,M0747
9920,M0748
9921,M0749
9922,M0750
9923,M0751
9924,M0752
9925,M0753
9926,M0754
9927,M0755
9928,M0756
9929,M0757
9930,M0758
9931,M0759
9932,M0760
9933,M0761
9934,M0762
9935,M0763
9936,M0764
9937,M0765
9938,M0766
9939,M0767
9940,M0768
9941,M0769
9942,M0770
9943,M0771
9944,M0772
9945,M0773
9946,M0774
9947,M0775
9948,M0776
9949,M0777
9950,M0778
9951,M0779
9952,M0780
9953,M0781
9954,M0782
9955,M0783
9956,M0784
9957,M0785
9958,M0786
9959,M0787
9960,M0788
9961,M0789
9962,M0790
9963,M0791
9964,M0792
9965,M0793
9966,M0794
9967,M0795
9968,M0796
9969,M0797
9970,M0798
9971,M0799
9972,M0800
9973,M0801
9974,M0802
9975,M0803
9976,M0804
9977,M0805
9978,M0806
9979,M0807
9980,M0808
9981,M0809
9982,M0810
9983,M0811
9984,M0812
9985,M0813
9986,M0814
9987,M0815
9988,M0816
9989,M0817
9990,M0818
9991,M0819
9992,M0820
9993,M0821
9994,M0822
9995,M0823
9996,M0824
9997,M0825
9998,M0826
9999,M0827
10000,M0828
10001,M0829
10002,M0830
10003,M0831
10004,M0832
10005,M0833
10006,M0834
10007,M0835
10008,M0836
10009,M0837
10010,M0838
10011,M0839
10012,M0840
10013,M0841
10014,M0842
10015,M0843
10016,M0844
10017,M0845
10018,M0846
10019,M0847
10020,M0848
10021,M0849
10022,M0850
10023,M0851
10024,M0852
10025,M0853
10026,M0854
10027,M0855
10028,M0856
10029,M0857
10030,M0858
10031,M0859
10032,M0860
10033,M0861
10034,M0862
10035,M0863
10036,M0864
10037,M0865
10038,M0866
10039,M0867
10040,M0868
10041,M0869
10042,M0870
10043,M0871
10044,M0872
10045,M0873
10046,M0874
10047,M0875
10048,M0876
10049,M0877
10050,M0878
10051,M0879
10052,M0880
10053,M0881
10054,M0882
10055,M0883
10056,M0884
10057,M0885
10058,M0886
10059,M0887
10060,M0888
10061,M0889
10062,M0890
10063,M0891
10064,M0892
10065,M0893
10066,M0894
10067,M0895
10068,M0896
10069,M0897
10070,M0898
10071,M0899
10072,M0900
10073,M0901
10074,M0902
10075,M0903
10076,M0904
10077,M0905
10078,M0906
10079,M0907
10080,M0908
10081,M0909
10082,M0910
10083,M0911
10084,M0912
10085,M0913
10086,M0914
10087,M0915
10088,M0916
10089,M0917
10090,M0918
10091,M0919
10092,M0920
10093,M0921
10094,M0922
10095,M0923
10096,M0924
10097,M0925
10098,M0926
10099,M0927
10100,M0928
10101,M0929
10102,M0930
10103,M0931
10104,M0932
10105,M0933
10106,M0934
10107,M0935
10108,M0936
10109,M0937
10110,M0938
10111,M0939
10112,M0940
10113,M0941
10114,M0942
10115,M0943
10116,M0944
10117,M0945
10118,M0946
10119,M0947
10120,M0948
10121,M0949
10122,M0950
10123,M0951
10124,M0952
10125,M0953
10126,M0954
10127,M0955
10128,M0956
10129,M0957
10130,M0958
10131,M0959
10132,M0960
10133,M0961
10134,M0962
10135,M0963
10136,M0964
10137,M0965
10138,M0966
10139,M0967
10140,M0968
10141,M0969
10142,M0970
10143,M0971
10144,M0972
10145,M0973
10146,M0974
10147,M0975
10148,M0976
10149,M0977
10150,M0978
10151,M0979
10152,M0980
10153,M0981
10154,M0982
10155,M0983
10156,M0984
10157,M0985
10158,M0986
10159,M0987
10160,M0988
10161,M0989
10162,M0990
10163,M0991
10164,M0992
10165,M0993
10166,M0994
10167,M0995
10168,M0996
10169,M0997
10170,M0998
10171,M0999
10172,M1000
10173,M1001
10174,M1002
10175,M1003
10176,M1004
10177,M1005
10178,M1006
10179,M1007
10180,M1008
10181,M1009
10182,M1010
10183,M1011
10184,M1012
10185,M1013
10186,M1014
10187,M1015
10188,M1016
10189,M1017
10190,M1018
10191,M1019
10192,M1020
10193,M1021
10194,M1022
10195,M1023
10196,M1024
10197,M1025
10198,M1026
10199,M1027
10200,M1028
10201,M1029
10202,M1030
10203,M1031
10204,M1032
10205,M1033
10206,M1034
10207,M1035
10208,M1036
10209,M1037
10210,M1038
10211,M1039
10212,M1040
10213,M1041
10214,M1042
10215,M1043
10216,M1044
10217,M1045
10218,M1046
10219,M1047
10220,M1048
10221,M1049
10222,M1050
10223,M1051
10224,M1052
10225,M1053
10226,HU001
10227,HU002
10228,HU003
10229,HU004
10230,HU005
10231,HU006
10232,HU007
10233,HU008
10234,HU009
10235,HU010
10236,HU011
10237,HU012
10238,HU013
10239,HU014
10240,HU015
10241,HU016
10242,HU017
10243,HU018
10244,HU019
10245,HU020
10246,HU021
10247,HU022
10248,HU023
10249,HU024
10250,HU025
10251,HU026
10252,HU027
10253,HU028
10254,HU029
10255,HU030
10256,HU031
10257,HU032
10258,HU033
10259,HU034
10260,HU035
10261,HU036
10262,HU037
10263,HU038
10264,HU039
10265,HU040
10266,HU041
10267,HU042
10268,HU043
10269,HU044
10270,HU045
10271,HU046
10272,HU047
10273,HU048
10274,HU049
10275,HU050
10276,HU051
10277,HU052
10278,HU053
10279,HU054
10280,HU055
10281,HU056
10282,HU057
10283,HU058
10284,HU059
10285,HU060
10286,HU061
10287,HU062
10288,HU063
10289,HU064
10290,HU065
10291,HU066
10292,HU067
10293,HU068
10294,HU069
10295,HU070
10296,HU071
10297,HU072
10298,HU073
10299,HU074
10300,HU075
10301,HU076
10302,HU077
10303,HU078
10304,HU079
10305,HU080
10306,HU081
10307,HU082
10308,HU083
10309,HU084
10310,HU085
10311,HU086
10312,HU087
10313,HU088
10314,HU089
10315,HU090
10316,HU091
10317,HU092
10318,HU093
10319,HU094
10320,HU095
10321,HU096
10322,HU097
10323,HU098
10324,HU099
10325,HU100
10326,HU101
10327,HU102
10328,HU103
10329,HU104
10330,HU105
10331,HU106
10332,HU107
10333,HU108
10334,HU109
10335,HU110
10336,HU111
10337,HU112
10338,HU113
10339,HU114
10340,HU115
10341,HU116
10342,HU117
10343,HU118
10344,HU119
10345,HU120
10346,HU121
10347,HU122
10348,HU123
10349,HU124
10350,HU125
10351,HU126
10352,HU127
10353,HU128
10354,HU129
10355,HU130
10356,HU131
10357,HU132
10358,HU133
10359,HU134
10360,HU135
10361,HU136
10362,HU137
10363,HU138
10364,HU139
10365,HU140
10366,HU141
10367,HU142
10368,HU143
10369,HU144
10370,HU145
10371,HU146
10372,HU147
10373,HU148
10374,HU149
10375,HU150
10376,HU151
10377,HU152
10378,HU153
10379,HU154
10380,HU155
10381,HU156
10382,HU157
10383,HU158
10384,HU159
10385,HU160
10386,HU161
10387,HU162
10388,HU163
10389,HU164
10390,HU165
10391,HU166
10392,HU167
10393,HU168
10394,HU169
10395,HU170
10396,HU171
10397,HU172
10398,HU173
10399,HU174
10400,HU175
10401,HU176
10402,HU177
10403,HU178
10404,HU179
10405,HU180
10406,HU181
10407,HU182
10408,HU183
10409,HU184
10410,HU185
10411,HU186
10412,HU187
10413,HU188
10414,HU189
10415,HU190
10416,HU191
10417,HU192
10418,HU193
10419,HU194
10420,HU195
10421,HU196
10422,HU197
10423,HU198
10424,HU199
10425,HU200
10426,HU201
10427,HU202
10428,HU203
10429,HU204
10430,HU205
10431,HU206
10432,HU207
10433,HU208
10434,HU209
10435,HU210
10436,HU211
10437,HU212
10438,HU213
10439,HU214
10440,HU215
10441,HU216
10442,HU217
10443,HU218
10444,HU219
10445,HU220
10446,HU221
10447,HU222
10448,HU223
10449,HU224
10450,HU225
10451,HU226
10452,HU227
10453,HU228
10454,HU229
10455,HU230
10456,HU231
10457,HU232
10458,HU233
10459,HU234
10460,HU235
10461,HU236
10462,HU237
10463,HU238
10464,HU239
10465,HU240
10466,HU241
10467,HU242
10468,HU243
10469,HU244
10470,HU245
10471,HU246
10472,HU247
10473,HU248
10474,HU249
10475,HU250
10476,HU251
10477,HU252
10478,HU253
10479,HU254
10480,HU255
10481,HU256
10482,HU257
10483,HU258
10484,HU259
10485,HU260
10486,HU261
10487,HU262
10488,HU263
10489,HU264
10490,HU265
10491,HU266
10492,HU267
10493,HU268
10494,HU269
10495,HU270
10496,HU271
10497,HU272
10498,HU273
10499,HU274
10500,HU275
10501,HU276
10502,HU277
10503,HU278
10504,HU279
10505,HU280
10506,HU281
10507,HU282
10508,HU283
10509,HU284
10510,HU285
10511,HU286
10512,HU287
10513,HU288
10514,HU289
10515,HU290
10516,HU291
10517,HU292
10518,HU293
10519,HU294
10520,HU295
10521,HU296
10522,HU297
10523,HU298
10524,HU299
10525,HU300
10526,HU301
10527,HU302
10528,HU303
10529,HU304
10530,HU305
10531,HU306
10532,HU307
10533,HU308
10534,HU309
10535,HU310
10536,HU311
10537,HU312
10538,HU313
10539,HU314
10540,HU315
10541,HU316
10542,HU317
10543,HU318
10544,HU319
10545,HU320
10546,HU321
10547,HU322
10548,HU323
10549,HU324
10550,HU325
10551,HU326
10552,HU327
10553,HU328
10554,HU329
10555,HU330
10556,HU331
10557,HU332
10558,HU333
10559,HU334
10560,HU335
10561,HU336
10562,HU337
10563,HU338
10564,HU339
10565,HU340
10566,HU341
10567,HU342
10568,HU343
10569,HU344
10570,HU345
10571,HU346
10572,HU347
10573,HU348
10574,HU349
10575,HU350
10576,HU351
10577,HU352
10578,HU353
10579,HU354
10580,HU355
10581,HU356
10582,HU357
10583,HU358
10584,HU359
10585,HU360
10586,HU361
10587,HU362
10588,HU363
10589,HU364
10590,HU365
10591,HU366
10592,HU367
10593,HU368
10594,HU369
10595,HU370
10596,HU371
10597,HU372
10598,HU373
10599,HU374
10600,HU375
10601,HU376
10602,HU377
10603,HU378
10604,HU379
10605,HU380
10606,HU381
10607,HU382
10608,HU383
10609,HU384
10610,HU385
10611,HU386
10612,HU387
10613,HU388
10614,HU389
10615,HU390
10616,HU391
10617,HU392
10618,HU393
10619,HU394
10620,HU395
10621,HU396
10622,HU397
10623,HU398
10624,HU399
10625,HU400
10626,HU401
10627,HU402
10628,HU403
10629,HU404
10630,HU405
10631,HU406
10632,HU407
10633,HU408
10634,HU409
10635,HU410
10636,HU411
10637,HU412
10638,HU413
10639,HU414
10640,HU415
10641,HU416
10642,HU417
10643,HU418
10644,HU419
10645,HU420
10646,HU421
10647,HU422
10648,HU423
10649,HU424
10650,HU425
10651,HU426
10652,HU427
10653,HU428
10654,HU429
10655,HU430
10656,HU431
10657,HU432
10658,HU433
10659,HU434
10660,HU435
10661,HU436
10662,HU437
10663,HU438
10664,HU439
10665,HU440
10666,HU441
10667,HU442
10668,HU443
10669,HU444
10670,HU445
10671,HU446
10672,HU447
10673,HU448
10674,HU449
10675,HU450
10676,HU451
10677,HU452
10678,HU453
10679,HU454
10680,HU455
10681,HU456
10682,HU457
10683,HU458
10684,HU459
10685,HU460
10686,HU461
10687,HU462
10688,HU463
10689,HU464
10690,HU465
10691,HU466
10692,HU467
10693,HU468
10694,HU469
10695,HU470
10696,HU471
10697,HU472
10698,HU473
10699,HU474
10700,HU475
10701,HU476
10702,HU477
10703,HU478
10704,HU479
10705,HU480
10706,HU481
10707,HU482
10708,HU483
10709,HU484
10710,HU485
10711,HU486
10712,HU487
10713,HU488
10714,HU489
10715,HU490
10716,HU491
10717,HU492
10718,HU493
10719,HU494
10720,HU495
10721,HU496
10722,HU497
10723,HU498
10724,HU499
10725,HU500
10726,HU501
10727,HU502
10728,HU503
10729,HU504
10730,HU505
10731,HU506
10732,HU507
10733,HU508
10734,HU509
10735,HU510
10736,HU511
10737,HU512
10738,HU513
10739,HU514
10740,HU515
10741,HU516
10742,HU517
10743,HU518
10744,HU519
10745,HU520
10746,HU521
10747,HU522
10748,HU523
10749,HU524
10750,HU525
10751,HU526
10752,HU527
10753,HU528
10754,HU529
10755,HU530
10756,HU531
10757,HU532
10758,HU533
10759,HU534
10760,HU535
10761,HU536
10762,HU537
10763,HU538
10764,HU539
10765,HU540
10766,HU541
10767,HU542
10768,HU543
10769,HU544
10770,HU545
10771,HU546
10772,HU547
10773,HU548
10774,HU549
10775,HU550
10776,HU551
10777,HU552
10778,HU553
10779,HU554
10780,HU555
10781,HU556
10782,HU557
10783,HU558
10784,HU559
10785,HU560
10786,HU561
10787,HU562
10788,HU563
10789,HU564
10790,HU565
10791,HU566
10792,HU567
10793,HU568
10794,HU569
10795,HU570
10796,HU571
10797,HU572
10798,HU573
10799,HU574
10800,HU575
10801,HU576
10802,HU577
10803,HU578
10804,HU579
10805,HU580
10806,HU581
10807,HU582
10808,HU583
10809,HU584
10810,HU585
10811,HU586
10812,HU587
10813,HU588
10814,HU589
10815,HU590
10816,HU591
10817,HU592
10818,HU593
10819,HU594
10820,HU595
10821,HU596
10822,HU597
10823,HU598
10824,HU599
10825,HU600
10826,HU601
10827,HU602
10828,HU603
10829,HU604
10830,HU605
10831,HU606
10832,HU607
10833,HU608
10834,HU609
10835,HU610
10836,HU611
10837,HU612
10838,HU613
10839,HU614
10840,HU615
10841,HU616
10842,HU617
10843,HU618
10844,HU619
10845,HU620
10846,HU621
10847,HU622
10848,HU623
10849,HU624
10850,HU625
10851,HU626
10852,HU627
10853,HU628
10854,HU629
10855,HU630
10856,HU631
10857,HU632
10858,HU633
10859,HU634
10860,HU635
10861,HU636
10862,HU637
10863,HU638
10864,HU639
10865,HU640
10866,HU641
10867,HU642
10868,HU643
10869,HU644
10870,HU645
10871,HU646
10872,HU647
10873,HU648
10874,HU649
10875,HU650
10876,HU651
10877,HU652
10878,HU653
10879,HU654
10880,HU655
10881,HU656
10882,HU657
10883,HU658
10884,HU659
10885,HU660
10886,HU661
10887,HU662
10888,HU663
10889,HU664
10890,HU665
10891,HU666
10892,HU667
10893,HU668
10894,HU669
10895,HU670
10896,HU671
10897,HU672
10898,HU673
10899,HU674
10900,HU675
10901,HU676
10902,HU677
10903,HU678
10904,HU679
10905,HU680
10906,HU681
10907,HU682
10908,HU683
10909,HU684
10910,HU685
10911,HU686
10912,HU687
10913,HU688
10914,HU689
10915,HU690
10916,HU691
10917,HU692
10918,HU693
10919,HU694
10920,HU695
10921,HU696
10922,HU697
10923,HU698
10924,HU699
10925,HU700
10926,HU701
10927,HU702
10928,HU703
10929,HU704
10930,HU705
10931,HU706
10932,HU707
10933,HU708
10934,HU709
10935,HU710
10936,HU711
10937,HU712
10938,HU713
10939,HU714
10940,HU715
10941,HU716
10942,HU717
10943,HU718
10944,HU719
10945,HU720
10946,HU721
10947,HU722
10948,HU723
10949,HU724
10950,HU725
10951,HU726
10952,HU727
10953,HU728
10954,HU729
10955,HU730
10956,HU731
10957,HU732
10958,HU733
10959,HU734
10960,HU735
10961,HU736
10962,HU737
10963,HU738
10964,HU739
10965,HU740
10966,HU741
10967,HU742
10968,HU743
10969,HU744
10970,HU745
10971,HU746
10972,HU747
10973,HU748
10974,HU749
10975,HU750
10976,HU751
10977,HU752
10978,HU753
10979,HU754
10980,HU755
10981,HU756
10982,HU757
10983,HU758
10984,HU759
10985,HU760
10986,HU761
10987,HU762
10988,HU763
10989,HU764
10990,HU765
10991,HU766
10992,HU767
10993,HU768
10994,HU769
10995,HU770
10996,HU771
10997,HU772
10998,HU773
10999,HU774
11000,HU775
11001,HU776
11002,HU777
11003,HU778
11004,HU779
11005,HU780
11006,HU781
11007,HU782
11008,HU783
11009,HU784
11010,HU785
11011,HU786
11012,HU787
11013,HU788
11014,HU789
11015,HU790
11016,HU791
11017,HU792
11018,HU793
11019,HU794
11020,HU795
11021,HU796
11022,HU797
11023,HU798
11024,HU799
11025,HU800
11026,HU801
11027,HU802
11028,HU803
11029,HU804
11030,HU805
11031,HU806
11032,HU807
11033,HU808
11034,HU809
11035,HU810
11036,HU811
11037,HU812
11038,HU813
11039,HU814
11040,HU815
11041,HU816
11042,HU817
11043,HU818
11044,HU819
11045,HU820
11046,HU821
11047,HU822
11048,HU823
11049,HU824
11050,HU825
11051,HU826
11052,HU827
11053,HU828
11054,HU829
11055,HU830
11056,HU831
11057,HU832
11058,HU833
11059,HU834
11060,HU835
11061,HU836
11062,HU837
11063,HU838
11064,HU839
11065,HU840
11066,HU841
11067,HU842
11068,HU843
11069,HU844
11070,HU845
11071,HU846
11072,HU847
11073,HU848
11074,HU849
11075,HU850
11076,HU851
11077,HU852
11078,HU853
11079,HU854
11080,HU855
11081,HU856
11082,HU857
11083,HU858
11084,HU859
11085,HU860
11086,HU861
11087,HU862
11088,HU863
11089,HU864
11090,HU865
11091,HU866
11092,HU867
11093,HU868
11094,HU869
11095,HU870
11096,HU871
11097,HU872
11098,HU873
11099,HU874
11100,HU875
11101,HU876
11102,HU877
11103,HU878
11104,HU879
11105,HU880
11106,HU881
11107,HU882
11108,HU883
11109,HU884
11110,HU885
11111,HU886
11112,HU887
11113,HU888
11114,HU889
11115,HU890
11116,HU891
11117,HU892
11118,HU893
11119,HU894
11120,HU895
11121,HU896
11122,HU897
11123,HU898
11124,HU899
11125,HU900
11126,HU901
11127,HU902
11128,HU903
11129,HU904
11130,HU905
11131,HU906
11132,HU907
11133,HU908
11134,HU909
11135,HU910
11136,HU911
11137,HU912
11138,HU913
11139,HU914
11140,HU915
11141,HU916
11142,HU917
11143,HU918
11144,HU919
11145,HU920
11146,HU921
11147,HU922
11148,HU923
11149,HU924
11150,HU925
11151,HU926
11152,HU927
11153,HU928
11154,HU929
11155,HU930
11156,HU931
11157,HU932
11158,HU933
11159,HU934
11160,HU935
11161,HU936
11162,HU937
11163,HU938
11164,HU939
11165,HU940
11166,HU941
11167,HU942
11168,HU943
11169,HU944
11170,HU945
11171,HU946
11172,HU947
11173,HU948
11174,HU949
11175,HU950
11176,HU951
11177,HU952
11178,HU953
11179,HU954
11180,HU955
11181,HU956
11182,HU957
11183,HU958
11184,HU959
11185,HU960
11186,HU961
11187,HU962
11188,HU963
11189,HU964
11190,HU965
11191,HU966
11192,HU967
11193,HU968
11194,HU969
11195,HU970
11196,HU971
11197,HU972
11198,HU973
11199,HU974
11200,HU975
11201,HU976
11202,HU977
11203,HU978
11204,HU979
11205,HU980
11206,HU981
11207,HU982
11208,HU983
11209,HU984
11210,HU985
11211,HU986
11212,HU987
11213,HU988
11214,HU989
11215,HU990
11216,HU991
11217,HU992
11218,HU993
11219,HU994
11220,HU995
11221,HU996
11222,DN001
11223,DN002
11224,DN003
11225,DN004
11226,DN005
11227,DN006
11228,DN007
11229,DN008
11230,DN009
11231,DN010
11232,DN011
11233,DN012
11234,DN013
11235,DN014
11236,DN015
11237,DN016
11238,DN017
11239,DN018
11240,DN019
11241,DN020
11242,DN021
11243,DN022
11244,DN023
11245,DN024
11246,DN025
11247,DN026
11248,DN027
11249,DN028
11250,DN029
11251,DN030
11252,DN031
11253,DN032
11254,DN033
11255,DN034
11256,DN035
11257,DN036
11258,DN037
11259,DN038
11260,DN039
11261,DN040
11262,DN041
11263,DN042
11264,DN043
11265,DN044
11266,DN045
11267,DN046
11268,DN047
11269,DN048
11270,DN049
11271,DN050
11272,DN051
11273,DN052
11274,DN053
11275,DN054
11276,DN055
11277,DN056
11278,DN057
11279,DN058
11280,DN059
11281,DN060
11282,DN061
11283,DN062
11284,DN063
11285,DN064
11286,DN065
11287,DN066
11288,DN067
11289,DN068
11290,DN069
11291,DN070
11292,DN071
11293,DN072
11294,DN073
11295,DN074
11296,DN075
11297,DN076
11298,DN077
11299,DN078
11300,DN079
11301,DN080
11302,DN081
11303,DN082
11304,DN083
11305,DN084
11306,DN085
11307,DN086
11308,DN087
11309,DN088
11310,DN089
11311,DN090
11312,DN091
11313,DN092
11314,DN093
11315,DN094
11316,DN095
11317,DN096
11318,DN097
11319,DN098
11320,DN099
11321,DN100
11322,DN101
11323,DN102
11324,DN103
11325,DN104
11326,DN105
11327,DN106
11328,DN107
11329,DN108
11330,DN109
11331,DN110
11332,DN111
11333,DN112
11334,DN113
11335,DN114
11336,DN115
11337,DN116
11338,DN117
11339,DN118
11340,DN119
11341,DN120
11342,DN121
11343,DN122
11344,DN123
11345,DN124
11346,DN125
11347,DN126
11348,DN127
11349,DN128
11350,DN129
11351,DN130
11352,DN131
11353,DN132
11354,DN133
11355,DN134
11356,DN135
11357,DN136
11358,DN137
11359,DN138
11360,DN139
11361,DN140
11362,DN141
11363,DN142
11364,DN143
11365,DN144
11366,DN145
11367,DN146
11368,DN147
11369,DN148
11370,DN149
11371,DN150
11372,DN151
11373,DN152
11374,DN153
11375,DN154
11376,DN155
11377,DN156
11378,DN157
11379,DN158
11380,DN159
11381,DN160
11382,DN161
11383,DN162
11384,DN163
11385,DN164
11386,DN165
11387,DN166
11388,DN167
11389,DN168
11390,DN169
11391,DN170
11392,DN171
11393,DN172
11394,DN173
11395,DN174
11396,DN175
11397,DN176
11398,DN177
11399,DN178
11400,DN179
11401,DN180
11402,DN181
11403,DN182
11404,DN183
11405,DN184
11406,DN185
11407,DN186
11408,DN187
11409,DN188
11410,DN189
11411,DN190
11412,DN191
11413,DN192
11414,DN193
11415,DN194
11416,DN195
11417,DN196
11418,DN197
11419,DN198
11420,DN199
11421,DN200
11422,DN201
11423,DN202
11424,DN203
11425,DN204
11426,DN205
11427,DN206
11428,DN207
11429,DN208
11430,DN209
11431,DN210
11432,DN211
11433,DN212
11434,DN213
11435,DN214
11436,DN215
11437,DN216
11438,DN217
11439,DN218
11440,DN219
11441,DN220
11442,DN221
11443,DN222
11444,DN223
11445,DN224
11446,DN225
11447,DN226
11448,DN227
11449,DN228
11450,DN229
11451,DN230
11452,DN231
11453,DN232
11454,DN233
11455,DN234
11456,DN235
11457,DN236
11458,DN237
11459,DN238
11460,DN239
11461,DN240
11462,DN241
11463,DN242
11464,DN243
11465,DN244
11466,DN245
11467,DN246
11468,DN247
11469,DN248
11470,DN249
11471,DN250
11472,DN251
11473,DN252
11474,DN253
11475,DN254
11476,DN255
11477,DN256
11478,DN257
11479,DN258
11480,DN259
11481,DN260
11482,DN261
11483,DN262
11484,DN263
11485,DN264
11486,DN265
11487,DN266
11488,DN267
11489,DN268
11490,DN269
11491,DN270
11492,DN271
11493,DN272
11494,DN273
11495,DN274
11496,DN275
11497,DN276
11498,DN277
11499,DN278
11500,DN279
11501,DN280
11502,DN281
11503,DN282
11504,DN283
11505,DN284
11506,DN285
11507,DN286
11508,DN287
11509,DN288
11510,DN289
11511,DN290
11512,DN291
11513,DN292
11514,DN293
11515,DN294
11516,DN295
11517,DN296
11518,DN297
11519,DN298
11520,DN299
11521,DN300
11522,DN301
11523,DN302
11524,DN303
11525,DN304
11526,DN305
11527,DN306
11528,DN307
11529,DN308
11530,DN309
11531,DN310
11532,DN311
11533,DN312
11534,DN313
11535,DN314
11536,DN315
11537,DN316
11538,DN317
11539,DN318
11540,DN319
11541,DN320
11542,DN321
11543,DN322
11544,DN323
11545,DN324
11546,DN325
11547,DN326
11548,DN327
11549,DN328
11550,DN329
11551,DN330
11552,DN331
11553,DN332
11554,DN333
11555,DN334
11556,DN335
11557,DN336
11558,DN337
11559,DN338
11560,DN339
11561,DN340
11562,DN341
11563,DN342
11564,DN343
11565,DN344
11566,DN345
11567,DN346
11568,DN347
11569,DN348
11570,DN349
11571,DN350
11572,DN351
11573,DN352
11574,DN353
11575,DN354
11576,DN355
11577,DN356
11578,DN357
11579,DN358
11580,DN359
11581,DN360
11582,DN361
11583,DN362
11584,DN363
11585,DN364
11586,DN365
11587,DN366
11588,DN367
11589,DN368
11590,DN369
11591,DN370
11592,DN371
11593,DN372
11594,DN373
