BackMop,A,B,S
20.18,NaN,NaN,NaN
19.27,NaN,NaN,NaN
18.39,NaN,NaN,NaN
17.5,NaN,NaN,NaN
16.5,0.0033300407230854,0.0445256211484472,38
15.47,0.00902492925524712,0.0484429141506553,282
14.47,NaN,NaN,NaN
13.47,NaN,NaN,NaN
12.5,NaN,NaN,NaN
11.49,NaN,NaN,NaN
10.47,0.00558588467538357,0.0467327252651254,340
9.5,0.0030672587454319,0.0494228756676118,318
8.56,NaN,NaN,NaN
7.63,0.00219487957656384,0.0520836074526111,317
6.67,0.00573811866343021,0.0566781082501014,372
5.62,NaN,NaN,NaN
4.56,NaN,NaN,NaN
3.5,NaN,NaN,NaN
2.51,NaN,NaN,NaN
1.52,NaN,NaN,NaN
1,NaN,NaN,NaN
1,NaN,NaN,NaN
1,NaN,NaN,NaN
1,NaN,NaN,NaN
1,NaN,NaN,NaN
1,NaN,NaN,NaN
1,NaN,NaN,NaN
1,NaN,NaN,NaN
1,NaN,NaN,NaN
1,NaN,NaN,NaN
23,NaN,NaN,NaN
22.88,NaN,NaN,NaN
22.87,NaN,NaN,NaN
23.31,NaN,NaN,NaN
24.23,NaN,NaN,NaN
25.23,NaN,NaN,NaN
26.24,NaN,NaN,NaN
27.27,NaN,NaN,NaN
28.06,NaN,NaN,NaN
28.72,NaN,NaN,NaN
29.6,0.00203821063041687,0.0267707455592851,136
30.53,0.00275726243853569,0.0368167292326689,349
31.5,0.00576918944716454,0.0500613056744138,264
32.56,0.00239500124007463,0.0229711355641484,179
33.5,0.00273921806365252,0.024400383234024,97
34.5,0.00650991499423981,0.0400087938954433,298
35.5,0.021109202876687,0.0775245952730377,332
36.68,0.00164989847689867,0.0308519410900772,332
37.66,0.0255426429212093,0.0778026996801297,297
38.6,0.00509576685726643,0.0428563278789322,341
39.71,NaN,NaN,NaN
40.86,0.00927872397005558,0.0440760968873898,114
41.78,0.00506824627518654,0.037211992777884,66
42.67,0.00142903998494148,0.0341166028132041,335
43.73,0.00537467934191227,0.0298957025321821,29
44.76,0.00903875194489956,0.0453717624768615,327
45.74,0.00527925230562687,0.0396917515123884,361
46.8,0.00586095079779625,0.0373790835340818,0
47.81,0.00635894201695919,0.0356829703475038,361
48.7,0.00738545972853899,0.0372887393459678,44
49.61,0.000906710512936115,0.0249656851713856,62
50.61,0.00389352440834045,0.0438572559505701,10
51.57,0.00172356702387333,0.0334036443382502,326
52.56,0.00402572937309742,0.042054947776099,140
53.63,0.00459089875221252,0.0414110897108912,67
54.68,NaN,NaN,NaN
55.77,0.00133448094129562,0.0358046619221568,52
56.69,0.00311027653515339,0.0394754173854987,362
57.47,0.00149931199848652,0.030659071325014,36
58.59,0.00166856124997139,0.0290757274876038,10
59.75,0.000737937167286873,0.0334837747116884,121
60.6,0.00376926828175783,0.0340696908533573,183
61.49,0.00428298860788345,0.0408375430852175,256
62.52,0.000743059441447258,0.0330890243252118,-4
63.5,0.00333976279944181,0.0318538545009991,121
64.5,0.00166153535246849,0.0340505049874385,365
65.5,0.00363986752927303,0.0405817882468303,146
66.56,0.00192881375551224,0.0412081514174739,6
67.6,0.00332417991012335,0.0315106886749466,225
68.61,0.00297954678535461,0.0410753916949034,23
69.62,0.00568695366382599,0.0430220343793432,134
70.58,0.00332880392670631,0.0463955514132977,32
71.51,0.00265717506408691,0.0377572275077303,330
72.5,0.00144848041236401,0.0376473863919576,42
73.51,0.00713532045483589,0.0420812228694558,124
74.55,0.00307879410684109,0.0423367864762743,18
75.55,0.00184318795800209,0.0532391521458824,349
76.51,0.00320961326360703,0.0449653385827939,88
77.5,0.00306740961968899,0.0379610216865937,188
78.62,0.00974016822874546,0.0511382641270757,34
79.63,0.00238851085305214,0.0406221359347304,72
80.64,0.00363129563629627,0.0480224331840873,53
81.68,0.00307648256421089,0.0448061935603619,329
82.7,0.00273174047470093,0.0438684402033687,101
83.66,0.00446685031056404,0.0513547683755557,67
84.58,0.0148365534842014,0.0512914219871163,51
85.53,0.00765829719603062,0.0544206947088242,92
86.52,0.0131404623389244,0.0673368073379,361
87.51,0.00341995432972908,0.0379803034787377,202
88.56,0.00329461134970188,0.0506820802887281,322
89.6,0.00226223096251488,0.034856926339368,204
90.63,0.00444216839969158,0.0509920753538609,365
91.67,0.0031144879758358,0.048086965456605,15
92.66,0.00225106813013554,0.0462196959803502,12
93.64,0.00580624118447304,0.0451942669848601,106
94.58,0.0026137363165617,0.0478562153875828,59
95.5,0.00770151801407337,0.0413172493378321,82
96.55,0.00563110411167145,0.0430822800844908,72
97.57,0.00153909251093864,0.0479815384993951,-4
98.5,0.00424540042877197,0.0472556647534172,350
99.55,0.00329881720244884,0.0488298889249563,309
100.52,0.00417081080377102,0.0469805914908648,282
101.42,0.00289430096745491,0.0459640566259623,-12
102.42,0.00762977823615074,0.0488847307860851,306
103.5,0.00389055535197258,0.0435609991351763,-12
104.54,0.00813386775553226,0.0476711991553505,62
105.57,0.00722999684512615,0.0513651169215639,65
106.55,0.00520044006407261,0.0404800151785215,77
107.53,0.00237338244915009,0.0504870470613241,-4
108.47,0.00512164272367954,0.0411879767974218,1
109.41,0.00380299426615238,0.0481918249279261,218
110.44,0.00729606300592422,0.0454139666010936,3
111.43,0.00709598325192928,0.0460061052193244,310
112.43,0.00423204712569714,0.0449296344692508,55
113.57,0.00324513204395771,0.0494393827393651,327
114.6,0.00498410873115063,0.0439853062853217,283
115.5,0.00492537766695023,0.0436395288755496,104
116.47,0.00266261957585812,0.0426339503998558,367
117.52,0.00437365286052227,0.0464923987165093,96
118.55,0.00532705150544643,0.050958717862765,85
119.5,0.00320747308433056,0.046318504648904,-2
120.5,0.00531994178891182,0.049202732120951,81
121.43,0.00309987552464008,0.0419167581324776,311
122.46,0.00264780409634113,0.0463918261229992,96
123.5,0.00312919728457928,0.038940931049486,183
124.44,0.00336478278040886,0.0425465907901525,326
125.36,0.0015165526419878,0.0372663158923388,337
126.42,0.00451778713613749,0.0336293975512187,224
127.44,0.00502986088395119,0.0402871013308565,98
128.41,0.00224261917173862,0.0452280854806304,63
129.42,0.00494925305247307,0.0447260877117515,216
130.39,0.00401229597628117,0.0486436011269689,140
131.34,0.00371852517127991,0.0368218561634421,317
132.29,0.00511628948152065,0.0490766648824016,73
133.26,0.00283299572765827,0.045685928935806,-3
134.27,0.00365886650979519,0.0455594848220547,258
135.28,0.00201981514692307,0.0416459760939082,20
136.37,0.00306710787117481,0.0445372338096301,88
137.42,0.00153470411896706,0.0413145559529463,41
138.5,0.00294158421456814,0.0419914545491338,323
139.44,0.00400950200855732,0.0411556893959641,-15
140.39,0.00459159165620804,0.0390904322266579,283
141.37,0.0034635029733181,0.0360986099888881,251
142.41,0.00231096334755421,0.0372973854343096,54
143.5,0.00352178700268269,0.0400601880004009,234
144.36,0.000959744676947594,0.0370956488574545,55
145.37,0.00357140973210335,0.0393924688299497,103
146.31,0.00234837830066681,0.0369788371026516,292
147.28,0.00110367313027382,0.0234157096905013,261
148.29,0.00118516758084297,0.0348967217529813,364
149.33,0.00213523954153061,0.0374883509551485,334
150.3,0.00299968384206295,0.038511340195934,195
151.24,0.00452174432575703,0.0371695077046752,141
152.29,0.00156970880925655,0.0361302057281137,75
153.33,0.00625141523778439,0.041281882673502,74
154.24,0.0034755039960146,0.0383107494562864,188
155.19,0.00363173149526119,0.0364105114713311,358
156.21,0.00429926440119743,0.0370199944203099,134
157.2,0.00553908385336399,0.0419397633522749,78
158.19,0.00530321709811687,0.0586447905128201,168
159.22,0.00202353205531836,0.0318985513101021,118
160.23,0.0038880854845047,0.0359210694829623,267
161.18,0.00719448365271091,0.0404588552191854,184
162.2,0.00264833122491837,0.0279233348555863,94
163.32,0.00225883163511753,0.0365197220817208,180
164.35,0.00231106579303741,0.032053904607892,166
165.33,0.00543245486915112,0.052717460008959,135
166.29,0.00276382081210613,0.0386085746188959,361
167.27,0.00311091169714928,0.0416563414037228,63
168.24,0.00283336453139782,0.0354501074180007,314
169.2,0.00156403891742229,0.0293675307184458,77
170.2,0.00724930129945278,0.0403890199959278,175
171.22,0.00461682584136724,0.0330081316642463,367
172.19,0.00317703559994698,0.0373284888143341,-8
173.12,0.00787183828651905,0.0392629131674767,112
174.22,0.00490561500191689,0.0415317676961422,125
175.5,0.00442598573863506,0.0628738198429346,133
176.47,0.00312782637774944,0.0277081490494311,121
177.41,0.0026073157787323,0.0376651873812079,135
178.39,0.00307825952768326,0.0524219824001193,-2
179.37,0.00798929110169411,0.0411376987273494,39
180.31,0.0049833245575428,0.0357449337219199,120
181.3,0.00853636674582958,0.0452823430920641,103
182.26,0.00427604094147682,0.0440294314175844,354
183.22,0.00258192792534828,0.033799904709061,225
184.23,0.00449292734265327,0.0387887563556433,171
185.22,0.00415120460093021,0.0442983613659938,-12
186.18,0.00754714198410511,0.0517520699650049,112
187.21,0.0164352301508188,0.0605185093979041,234
188.32,0.00986428558826447,0.0692650697504481,278
189.33,0.00492017716169357,0.0472683071469267,324
190.3,0.0042733047157526,0.0511955125257373,184
191.31,0.00364989787340164,0.0439006080850959,73
192.37,0.00316697731614113,0.0464350891609987,351
193.58,0.00157366693019867,0.0426581300174197,7
194.72,0.00191274471580982,0.0431672856211662,36
195.69,0.00399249047040939,0.0427851338560383,346
196.69,0.0067080520093441,0.0592430951073766,257
197.68,0.00291966274380684,0.0595814272140463,303
198.61,0.00364243611693382,0.0493221376091242,322
199.57,NaN,NaN,NaN
200.56,0.00678157806396484,0.0465712767715255,-10
201.56,0.00715329311788082,0.0561380498111248,12
202.6,0.0026684757322073,0.0544324473788341,1
203.58,0.00489856861531734,0.0468504869689544,353
204.55,0.00459804385900497,0.0409484598785639,348
205.59,0.0041163545101881,0.0468038159112136,182
206.57,0.00447304919362068,0.0401364310334126,104
207.53,0.00580068305134773,0.0494044066096346,182
208.5,0.00397993251681328,0.0444078793128332,366
209.5,0.00852067396044731,0.0517245260998607,65
210.54,0.00334677938371897,0.0256008288512627,92
211.6,0.008266881108284,0.0384427709504962,43
212.73,0.00313276331871748,0.0281476639211178,33
213.77,0.00301564112305641,0.0475197918713093,319
214.77,0.00408899877220392,0.0331393458570043,138
215.76,0.00557093694806099,0.0419884215419491,7
216.73,0.00283519923686981,0.0347143135343989,362
217.72,0.00271033402532339,0.0268694747549792,133
218.71,0.00658535584807396,0.0422809347510338,155
350.36,NaN,NaN,NaN
351.33,NaN,NaN,NaN
352.33,0.0146806128323078,0.0522471865018209,301
353.33,0.0045708641409874,0.0490595220277707,320
354.29,0.00485295429825783,0.0612333022678892,363
355.25,0.00101689994335175,0.0491456435993314,319
356.29,0.00597381964325905,0.0567164681851864,294
357.29,0.00279291532933712,0.0610419502481818,354
358.21,NaN,NaN,NaN
359.18,NaN,NaN,NaN
363.13,0.00151786953210831,0.0285621189201872,4
364.19,0.0020319689065218,0.0337984366342425,312
365.3,0.00261757615953684,0.0328162952015797,62
366.31,0.00348050519824028,0.035799630296727,25
367.28,0.00296387448906898,0.0350679370264212,357
368.3,0.00404388085007668,0.0435397873322169,259
369.45,0.00485352426767349,0.0493212003881733,319
370.51,0.00174460746347904,0.037575788795948,197
371.48,0.00413920171558857,0.0459379308546583,295
372.45,0.00441082566976547,0.0459822711224357,229
373.44,0.00480160675942898,0.0429743605976303,-9
374.44,0.00274696014821529,0.0270171156153083,139
375.5,0.0039374940097332,0.0288709588348866,130
376.43,NaN,NaN,NaN
377.47,0.00493927672505379,0.0341097787022591,314
378.43,0.00423275306820869,0.0336232643264035,313
379.36,0.00261664763092995,0.0393380386133989,38
380.35,0.00256489031016827,0.0444727161278327,316
381.35,0.00450336746871471,0.0354635436087847,343
382.36,0.00211909040808678,0.0430743200704455,364
383.37,0.00471632555127144,0.0517941499128938,325
384.39,0.00842435285449028,0.0521567907805244,357
385.42,0.00310161896049976,0.0354599409426252,67
386.5,0.00350730121135712,0.0382584265122811,92
387.42,0.00663839839398861,0.0577520669127504,299
388.37,0.00408193469047546,0.0410833315302928,344
389.38,0.00402823556214571,0.0331297512166202,368
390.46,0.00211560912430286,0.0357248596847057,36
391.5,0.00335504300892353,0.0519756426413854,-6
392.43,0.00309807620942593,0.0420368105793993,365
393.35,0.00329314917325974,0.0461718474204342,21
394.27,0.00424523092806339,0.0281331012956798,99
395.28,0.00647425465285778,0.0301715647801757,106
396.33,0.00366106815636158,0.0247058387224873,118
397.33,0.00122565031051636,0.0449280344570676,97
398.35,0.0133818555623293,0.0594653729349375,323
399.36,0.00280161947011948,0.0430672814448675,363
400.3,0.0148991532623768,0.069347503905495,279
401.29,0.00483965687453747,0.0529383042206367,355
402.38,0.00581963360309601,0.0506199893231193,82
403.34,0.00971036590635777,0.0515276845544577,19
405.12,0.00326811149716377,0.0347928336511056,-11
406.19,0.0125618632882833,0.0500182621181011,85
407.27,0.00290664657950401,0.0415466564397017,147
408.23,0.00354227237403393,0.0494566059981783,64
409.15,0.0035152155905962,0.0419259595995148,53
410.14,0.00640358962118626,0.0467801885679364,105
411.22,0.00231374241411686,0.040981770803531,71
412.21,0.00188609957695007,0.0432505561038852,349
413.17,0.00291420705616474,0.0397491358841459,83
414.16,0.00517850555479527,0.0561721234892805,363
415.06,0.00631274469196796,0.0482016243040562,338
448.97,NaN,NaN,NaN
449.8,0.00809426978230476,0.0782294602443774,217
450.73,0.00267891027033329,0.0522318181271354,43
451.71,0.00973590090870857,0.0509976161022981,189
456.75,NaN,NaN,NaN
458.5,NaN,NaN,NaN
459.38,0.00627542473375797,0.0503087202087045,363
460.39,NaN,NaN,NaN
461.35,NaN,NaN,NaN
471.18,0.0541360303759575,0.169004862507184,98
471.93,NaN,NaN,NaN
496.1,0.0244335979223251,0.16421319420139,93
496.95,0.0023749154061079,0.0525413177286585,-9
497.85,0.00372076965868473,0.0473567840332786,36
498.8,0.00978612154722214,0.0604387478282054,70
499.9,0.00277009233832359,0.0297150487701098,125
500.99,0.00272590480744839,0.0311305390981336,-8
502.09,0.00348016060888767,0.0335246905063589,96
503.01,0.00305088236927986,0.0322703931791087,46
503.81,0.00395407807081938,0.0282196349774798,41
504.68,0.0052719721570611,0.0321040494988362,84
505.82,0.00349348038434982,0.0299321090181669,75
507.04,0.00301277451217175,0.0318003116796414,233
508,0.00181052926927805,0.0319943114494284,41
508.99,0.0061456086114049,0.029784489578257,90
510.11,0.00336417742073536,0.0340863922610879,106
511.2,0.000845645554363728,0.0272410957453152,64
512.18,0.00434787292033434,0.0340836291822294,51
519.98,NaN,NaN,NaN
520.82,0.00477193668484688,0.0385094086329142,216
521.7,0.00117702689021826,0.0176071221940219,332
522.61,0.000609852373600006,0.0196372247301042,366
523.59,0.0038751233369112,0.0387143002202113,50
524.62,0.00460063014179468,0.0303099201992154,28
525.61,0.00246035493910313,0.0315856727150579,174
526.69,0.0041177049279213,0.0375673718129595,291
527.82,0.00294503010809422,0.0362186261142294,276
528.85,0.00104210339486599,0.0239575887098908,-9
529.8,0.00347968935966492,0.0418678252026439,43
530.73,0.00313759781420231,0.0418543961519996,55
531.71,0.00388861913233995,0.0307721303155025,92
532.67,0.000984733924269676,0.0227264238831898,347
533.66,0.00230697914958,0.0351173651094238,87
534.78,0.00250727310776711,0.0365232955664396,349
535.8,0.00158025696873665,0.0339102645715078,357
536.76,0.00203775241971016,0.0347460222740968,100
537.7,0.00182205066084862,0.0346957106764118,313
538.59,0.00834996253252029,0.0422331430017948,158
539.5,0.00358401425182819,0.0394210480153561,89
540.63,0.00278026424348354,0.0401879738395413,76
541.69,0.00491960346698761,0.037702934195598,368
542.68,0.00221223942935467,0.0389970159158111,354
543.68,0.00557877495884895,0.0412165761614839,83
544.68,0.00596681423485279,0.0476004468897978,138
545.73,0.00218439567834139,0.0325327985920012,54
546.76,0.00317849032580853,0.0360405792792638,73
547.77,0.00663710385560989,0.0337891867384315,111
548.77,0.00535177253186703,0.0423441339905063,126
549.75,0.00214805267751217,0.0312563516199589,368
550.7,0.00404877588152885,0.0352898314595222,29
551.65,0.0074546430259943,0.0456564268097281,39
552.63,0.0177976861596107,0.0564979529008269,90
553.58,0.00811390578746796,0.0452926509703199,88
554.52,0.00519197341054678,0.0333067309111357,61
555.52,0.00448160339146852,0.0337556459320088,98
556.56,0.0041453130543232,0.0471042233208815,331
557.5,0.00817306898534298,0.0361217789662381,373
558.42,0.00719749927520752,0.0480511104688048,367
559.48,0.00439064018428326,0.050863789084057,311
560.67,0.00236546993255615,0.0453652165209254,103
561.81,0.00442254170775414,0.0489500916252534,45
562.82,0.00293008983135223,0.0467663941284021,47
563.74,0.00373503193259239,0.0447121309116483,33
564.68,0.0212292838841677,0.0739581681167086,96
565.63,0.0104436986148357,0.0660144733265042,84
567.94,0.0159613266587257,0.0916614004721244,349
569.06,0.006241200491786,0.0648574332396189,108
570.07,0.00802326947450638,0.0616028684501847,330
571.1,0.00253147445619106,0.0508509076510867,353
572.08,0.0126215703785419,0.0634716379766663,178
573.01,0.0109984949231148,0.0724229527016481,229
573.97,0.0035152155905962,0.037825433537364,363
575.07,0.00263044238090515,0.0444693357373277,64
576.19,0.00674937665462494,0.0482955975458026,364
577.18,0.00598475709557533,0.0538836186751723,320
578.16,0.00334667414426804,0.0378321710353096,41
579.16,0.00280371773988008,0.0202769734896719,368
580.15,0.00638523045927286,0.0368096873474618,98
581.17,0.00506251864135265,0.045683984644711,277
582.19,0.00139843951910734,0.0325152751368781,317
583.15,0.00334523804485798,0.042321336766084,36
584.07,0.0073325801640749,0.04793573046724,222
585.04,0.0030509177595377,0.0381087573866049,-13
586.12,0.00197621434926987,0.041321387514472,342
587.13,0.0023797769099474,0.0408499026671052,370
588.02,NaN,NaN,NaN
588.94,NaN,NaN,NaN
590.77,NaN,NaN,NaN
591.5,NaN,NaN,NaN
592.39,0.00315162353217602,0.0357770475869377,361
593.42,0.00786689110100269,0.041008054278791,109
594.37,0.004312664270401,0.0405668060605725,16
595.33,0.00536621920764446,0.0528580602258444,89
596.26,0.00293553806841373,0.0428045003985365,322
597.31,0.00883047096431255,0.052769404835999,89
598.42,0.0020333044230938,0.0398927889764309,309
599.43,0.00469686277210712,0.0452212691307068,93
600.37,0.00193736329674721,0.0499186171218753,354
601.33,0.00753728114068508,0.0458071936542789,83
602.3,0.00474008731544018,0.0413614225884279,336
603.33,0.00193106569349766,0.0471082407360276,26
604.4,0.00202812254428864,0.0494849123060703,94
605.44,0.00242078676819801,0.0410415089378754,322
606.44,0.00486762635409832,0.0416433454180757,125
607.26,0.00528722815215588,0.0504681073750059,233
608.21,0.00317778810858727,0.0522289319584767,6
609.34,0.00896415300667286,0.0537682374318441,198
610.31,0.00510143488645554,0.0416348998745283,283
611.33,0.00594441220164299,0.0488678077235818,316
612.35,0.0168099217116833,0.0695865495751301,134
613.25,0.00281056202948093,0.0564024215564132,80
614.21,0.00596795976161957,0.0470790863037109,199
615.23,0.0123054478317499,0.0510675441473722,141
616.33,0.00582989864051342,0.0441656118879716,176
617.32,0.00174825824797153,0.0439138098930319,321
618.21,0.00722268782556057,0.0547580039128661,72
619.13,0.00138448551297188,0.0420308463896314,59
620.1,0.00535362772643566,0.055859765658776,70
621.08,0.00437239184975624,0.0401596110314131,137
622.1,0.000935042276978493,0.0345794226353367,334
623.11,0.00516173802316189,0.036396900502344,116
624.12,0.00368545763194561,0.0392178641632199,31
625.15,0.00437185168266296,0.0348877310752869,21
626.19,0.0083404527977109,0.0378659043150643,56
627.22,0.00591869279742241,0.0403200813258688,64
628.2,0.00710041262209415,0.0406095410386721,75
629.23,0.00327862985432148,0.0453751763949792,60
630.23,0.00300737004727125,0.0303959470863144,80
631.09,0.00645614787936211,0.0429170572509368,116
632.01,0.00131724216043949,0.0368401057397326,94
633.06,0.00180658511817455,0.0344181004911661,129
634.09,NaN,NaN,NaN
635.02,NaN,NaN,NaN
637.7,NaN,NaN,NaN
638.5,NaN,NaN,NaN
639.5,0.00734438374638557,0.0734296577672164,285
640.47,NaN,NaN,NaN
641.5,0.00806012377142906,0.0530014351631204,199
642.46,0.00599823985248804,0.0366712212562561,204
643.44,0.00130069255828857,0.0337941637262702,30
644.51,0.00586382485926151,0.0608439963931839,209
645.38,0.00160596147179604,0.0348859038203955,32
646.34,0.00309785455465317,0.0473289530103405,275
647.37,0.00453085079789162,0.0396563746035099,172
648.36,0.00568158365786076,0.0444916260118286,157
649.39,0.00440423190593719,0.0404029805213213,78
650.36,0.00902869738638401,0.0453429874032736,150
651.28,0.00377520360052586,0.0391952805221081,168
652.21,0.00614309124648571,0.0431938202430805,248
653.29,0.00458075851202011,0.043241768454512,262
654.5,0.00219041854143143,0.0280962173516552,104
655.4,0.0232298970222473,0.0954032782465219,135
656.36,0.0364149697124958,0.126788509388765,138
657.3,0.00986620225012302,0.0623709081361691,217
658.29,0.00395952165126801,0.0443205821017424,163
659.32,0.00773721188306808,0.0405040113255382,231
660.25,0.00902437418699265,0.0512128674114744,135
661.17,0.00841667316854,0.0503160127749046,234
662.3,0.00489179790019989,0.0470292170842489,248
663.53,0.00587055459618568,0.0668890768041213,286
664.5,0.00227695889770985,0.0378729598596692,1
665.22,0.00107126217335463,0.0317811067216098,64
665.95,0.00255592912435532,0.0364690419907371,76
667.25,0.00137163139879704,0.0354646537452936,311
668.4,0.00178789161145687,0.0347127063820759,25
669.17,0.00548179261386395,0.0410346006974578,229
670.07,0.00423583015799522,0.0485799933473269,101
671.09,0.00252351257950068,0.0240040031882624,77
672.13,0.0026316624134779,0.0294439059992631,56
673.17,0.00212185457348824,0.0342122723037998,360
674.19,0.00302554666996002,0.0352664763728778,286
675.13,0.00282803643494844,0.0317898853681982,137
676.02,0.00597521383315325,0.031049681827426,210
676.92,0.00567878037691116,0.0457794986044367,225
677.93,0.00188801530748606,0.0335349513528248,65
679.16,0.00127584114670753,0.0277372524142265,58
680.29,0.00100717134773731,0.0309385888588925,49
681.07,0.00136343576014042,0.0340746150662502,53
681.82,NaN,NaN,NaN
683.82,NaN,NaN,NaN
684.48,NaN,NaN,NaN
685.26,0.00278791040182114,0.0458564236760139,317
686.36,0.0184969455003738,0.076844102392594,218
687.45,0.00582591444253922,0.0691830813884735,256
688.5,0.0047677606344223,0.0464197226489584,203
689.38,0.00330549478530884,0.0498028558989366,165
690.19,0.00376424379646778,0.0396671428655585,97
691.27,NaN,NaN,NaN
692.37,0.00446225143969059,0.0464291162788868,283
693.38,0.0030654389411211,0.0418053570513924,99
694.43,0.00605113059282303,0.0512567904467384,118
695.45,0.00151795335114002,0.0394325023517013,368
696.39,0.00314036849886179,0.0337471384555101,70
697.32,0.00465578585863113,0.0461197188124061,90
698.27,0.00878740660846233,0.0507721236596505,166
699.21,0.00134455040097237,0.0385268377140164,-2
700.21,0.00067373551428318,0.0414149621501565,76
701.22,0.00555421225726604,0.063219640403986,46
702.17,0.00858478061854839,0.0558158792555332,238
703.04,0.0037141740322113,0.0359276859089732,168
703.95,0.00291308015584946,0.0404547549163302,249
705.12,0.00286897830665112,0.0485844615225991,258
706.31,NaN,NaN,NaN
707.42,NaN,NaN,NaN
708.21,NaN,NaN,NaN
709.02,NaN,NaN,NaN
710.03,NaN,NaN,NaN
711.04,NaN,NaN,NaN
712.32,0.0246751457452774,0.108483046293259,97
713.28,0.0141958277672529,0.069488939208289,99
714.13,0.00402406044304371,0.0542142751316229,239
715.14,0.00266134738922119,0.0594006575023135,372
716.18,0.00695141404867172,0.0500553598006566,87
717.1,0.00328962504863739,0.042434255592525,226
718.05,0.00217852741479874,0.0385315408930182,77
719.19,0.00281895697116852,0.043881183800598,325
720.29,0.00296871736645699,0.0463711821163694,33
721.18,0.00342831946909428,0.0354475506270925,304
722,0.00751741230487823,0.0486273340259989,218
722.98,0.00595154985785484,0.047213322793444,156
724.09,0.00367853790521622,0.0404157346735398,189
725.09,0.00480382144451141,0.0463577701399724,167
726,0.00547446124255657,0.0471431308736404,59
726.96,0.00372418947517872,0.0425752174730102,77
728.05,0.00537902861833572,0.0448112015922864,191
729.04,0.00127197057008743,0.0415701642632484,-2
729.97,0.00210021622478962,0.044477479532361,363
730.94,0.00384783372282982,0.0429044052337607,213
732.01,0.0118121411651373,0.0581675674766302,114
733.09,0.0274410843849182,0.0916569692393144,156
734.04,0.00706592388451099,0.0536212635536989,105
734.93,0.00404042191803455,0.0430148455003897,129
735.86,0.00195699743926525,0.0290482941394051,185
736.89,NaN,NaN,NaN
737.93,NaN,NaN,NaN
738.96,NaN,NaN,NaN
739.98,NaN,NaN,NaN
740.94,NaN,NaN,NaN
741.85,NaN,NaN,NaN
742.8,NaN,NaN,NaN
743.9,NaN,NaN,NaN
745.02,NaN,NaN,NaN
745.96,0.000833872705698013,0.0340235301603874,116
746.88,0.00433051213622093,0.0412643744299809,193
747.87,0.0044524110853672,0.0424729163448016,159
748.87,0.00149724446237087,0.0466156999270121,24
749.87,0.00171724241226912,0.0261248654375474,84
750.86,0.0017111711204052,0.0394171976173917,54
751.84,0.00588935613632202,0.0405884596208731,188
752.8,0.000843647867441177,0.0342202059303721,335
753.79,0.00376293528825045,0.0284474855288863,189
754.84,0.00391222909092903,0.0451246950154503,367
755.86,0.00467506423592567,0.0499707106500864,171
756.82,0.00309737771749496,0.0351981253673633,115
757.73,0.00375033356249332,0.0422849028060834,366
758.7,0.00312156416475773,0.0381777171666423,218
759.69,0.00274890102446079,0.0382257358481487,161
760.65,0.00124043226242065,0.0369065208360553,56
761.75,0.00471697561442852,0.0402610494444768,141
762.89,0.00216784328222275,0.0439694266145428,310
763.92,0.00334170460700989,0.0395737793296576,368
764.9,0.00260556675493717,0.0449584930514296,82
765.85,0.000806272029876709,0.0372355924919248,-2
766.77,0.00462699681520462,0.0438595886031787,123
767.67,NaN,NaN,NaN
768.41,NaN,NaN,NaN
769.5,NaN,NaN,NaN
770.55,0.0036254059523344,0.0657780601953467,360
771.5,0.00196433812379837,0.0527329593896866,101
772.61,0.0020037554204464,0.0490521866207322,307
773.66,0.00485268048942089,0.056653678106765,254
774.69,0.00874549522995949,0.0622071903198957,152
775.73,0.00513756647706032,0.0571944781889518,120
776.71,0.00431540980935097,0.0830070717881123,111
777.64,0.00956210121512413,0.070263035595417,189
778.6,0.00754783675074577,0.0712248360117276,135
779.66,NaN,NaN,NaN
780.68,NaN,NaN,NaN
781.65,NaN,NaN,NaN
782.6,NaN,NaN,NaN
783.56,NaN,NaN,NaN
784.5,NaN,NaN,NaN
785.55,NaN,NaN,NaN
786.63,NaN,NaN,NaN
787.62,NaN,NaN,NaN
788.62,NaN,NaN,NaN
789.65,NaN,NaN,NaN
790.58,NaN,NaN,NaN
791.58,NaN,NaN,NaN
792.58,0.0042750108987093,0.0438609560951591,169
793.45,0.00458540767431259,0.043788299895823,251
794.37,NaN,NaN,NaN
795.43,NaN,NaN,NaN
796.5,NaN,NaN,NaN
797.59,NaN,NaN,NaN
798.51,NaN,NaN,NaN
799.45,NaN,NaN,NaN
800.5,NaN,NaN,NaN
801.48,NaN,NaN,NaN
802.47,NaN,NaN,NaN
803.46,NaN,NaN,NaN
804.44,NaN,NaN,NaN
805.38,NaN,NaN,NaN
806.35,NaN,NaN,NaN
807.28,0.00113809853792191,0.0376891925310095,293
808.36,NaN,NaN,NaN
809.41,NaN,NaN,NaN
810.41,NaN,NaN,NaN
811.44,NaN,NaN,NaN
812.26,0.00452841259539127,0.0461410603796442,7
813.31,NaN,NaN,NaN
814.41,NaN,NaN,NaN
815.14,NaN,NaN,NaN
816.02,NaN,NaN,NaN
817.08,NaN,NaN,NaN
818.21,NaN,NaN,NaN
819.5,NaN,NaN,NaN
820.57,NaN,NaN,NaN
821.29,NaN,NaN,NaN
822.08,NaN,NaN,NaN
823.05,NaN,NaN,NaN
823.95,NaN,NaN,NaN
824.89,NaN,NaN,NaN
825.94,0.00667090155184269,0.0619050919388731,362
826.87,0.00281030498445034,0.0579150731985768,38
827.9,0.0109488777816296,0.0563386321688692,92
829.12,0.00494858343154192,0.0301490196337303,79
830.28,NaN,NaN,NaN
831.36,0.0175137370824814,0.147990634044011,57
832.33,0.0108414143323898,0.0864267150561015,97
833.34,0.0474983155727386,0.118501529097557,115
834.38,0.00259839370846748,0.0778487753123045,6
835.33,0.00224532000720501,0.0506811020895839,330
836.26,0.0288416147232056,0.110823084289829,150
837.36,0.00289131514728069,0.0468329849342505,89
838.44,0.0132470391690731,0.054453544318676,151
840.5,0.00267203897237778,0.0440153324355682,165
841.49,0.00788767263293266,0.0588609601060549,205
842.34,0.00406590104103088,0.0411607356121143,240
843.22,0.0096774697303772,0.100135671595732,321
844.28,0.00579793192446232,0.0588734888782104,244
845.17,0.00403520092368126,0.0804269419362148,50
846.06,0.00623509287834167,0.0630360813811421,40
847.29,0.00824607536196709,0.0727556894222895,268
848.32,0.0136671587824821,0.0775394414861997,174
849.21,0.00881053134799004,0.0709144764890273,281
850.12,0.0106948725879192,0.105434416482846,251
851.17,0.00980285555124283,0.120797681932648,27
852.21,0.0115971155464649,0.0816014272471269,286
853.11,0.00885417126119137,0.0646317405626178,137
854.1,0.00413361564278603,0.0555959135914842,362
855.13,0.00280604511499405,0.0408613346517086,347
856.13,0.00529478676617146,0.0575597826391459,145
857.15,0.00851127877831459,0.0613742057854931,118
858.17,0.00154646299779415,0.0601660798614224,65
859.16,0.0037629920989275,0.0535287894308567,91
860.12,0.00131203420460224,0.0569190746173263,41
860.96,NaN,NaN,NaN
861.85,0.00414895825088024,0.0453871004283428,-9
862.86,0.0113881509751081,0.0645969199637572,191
863.88,0.00337999500334263,0.0477606169879436,161
864.94,0.00554078072309494,0.0439104562004407,346
865.95,0.00990157760679722,0.0651922728866339,229
866.92,0.0394517220556736,0.104396633182963,192
867.91,0.00350978225469589,0.0865141327182452,343
868.87,0.00917685776948929,0.0761965345591307,258
869.85,0.00792191922664642,0.0878533820311228,173
870.88,0.00624896585941315,0.0777101702988148,320
871.88,0.00499115511775017,0.0647438187152147,148
872.92,0.00622901692986488,0.068468626588583,200
873.82,0.00874071381986141,0.0559398038312793,202
874.8,0.00821368582546711,0.0538889908542236,227
875.83,0.00385385565459728,0.0648898690318068,-12
876.84,0.00871172547340393,0.0582939777523279,-3
877.82,0.00836307927966118,0.0522759798914194,137
878.75,0.00359365344047546,0.0518346584091584,145
879.66,0.00684009678661823,0.0591474774604042,217
880.7,0.0026808250695467,0.041638885003825,45
881.8,0.00233200378715992,0.0435536056756973,148
882.76,0.00249635428190231,0.0403902779022853,89
883.73,0.00243927910923958,0.0302808817165593,350
884.71,0.00260039418935776,0.038093368212382,358
885.66,NaN,NaN,NaN
886.62,NaN,NaN,NaN
887.63,NaN,NaN,NaN
888.61,NaN,NaN,NaN
889.61,NaN,NaN,NaN
890.62,NaN,NaN,NaN
891.62,NaN,NaN,NaN
892.64,NaN,NaN,NaN
893.6,NaN,NaN,NaN
894.56,NaN,NaN,NaN
895.55,NaN,NaN,NaN
896.5,NaN,NaN,NaN
897.5,NaN,NaN,NaN
898.49,NaN,NaN,NaN
899.54,NaN,NaN,NaN
900.57,0.00360697321593761,0.0380080075313648,43
901.59,0.017323412001133,0.0515539515763521,121
902.56,0.00290810503065586,0.0449091947327057,72
903.54,0.00441544875502586,0.0425219386816025,18
904.56,0.00401101633906364,0.0613441951572895,41
905.5,NaN,NaN,NaN
906.16,NaN,NaN,NaN
907.22,0.00231465697288513,0.0338357758397857,77
908.27,0.00217652693390846,0.039411226597925,-2
909.38,NaN,NaN,NaN
910.47,NaN,NaN,NaN
911.5,0.00731687434017658,0.0573162989070018,72
912.5,0.00366165116429329,0.0423880635450284,72
913.5,0.00904843583703041,0.0571699421852827,261
914.47,0.00125500001013279,0.0392563194036484,326
915.49,NaN,NaN,NaN
916.5,NaN,NaN,NaN
917.5,NaN,NaN,NaN
918.01,NaN,NaN,NaN
918.89,0.000896407291293144,0.0241798295949896,54
919.88,0.00817303173243999,0.0420101018001636,297
921.5,0.00229287333786488,0.0291559300385416,323
922.5,0.00212300289422274,0.0259735208625595,301
923.09,0.00419351179152727,0.0327615008379022,162
924.13,0.00524669140577316,0.0385027301187317,20
943.86,0.0017446568235755,0.0192886147027214,64
944.84,0.00335519760847092,0.0321230990812182,35
945.84,0.00439203437417746,0.0348482024855912,60
946.86,0.00500080734491348,0.0351538751274347,86
947.88,0.00358722917735577,0.0496682226657867,92
948.82,0.00195344910025597,0.0398334298903743,355
949.8,0.00290044583380222,0.0425320835784078,70
950.78,0.00246351398527622,0.0460096290335059,330
951.74,0.00440339930355549,0.0545391887426376,170
952.69,0.00224803388118744,0.0536404165128867,300
953.68,0.0058702789247036,0.0592794651165605,75
954.5,0.00303969159722328,0.0535304291794697,44
955.84,0.00738641805946827,0.0570427409062783,295
956.81,0.00668166950345039,0.0500923544168472,310
957.75,NaN,NaN,NaN
958.75,NaN,NaN,NaN
959.77,NaN,NaN,NaN
960.76,NaN,NaN,NaN
961.77,NaN,NaN,NaN
962.69,NaN,NaN,NaN
963.62,NaN,NaN,NaN
964.58,NaN,NaN,NaN
965.5,NaN,NaN,NaN
966.54,NaN,NaN,NaN
967.64,NaN,NaN,NaN
968.63,NaN,NaN,NaN
969.5,0.00713095441460609,0.061597777530551,360
970.61,0.00226224586367607,0.0451343391711513,128
971.62,0.00361800007522106,0.0572683829814196,362
972.59,0.00312002375721931,0.0422582952305675,285
973.59,0.00477284006774426,0.0408385560537378,137
974.67,0.00349645689129829,0.0408341924970349,246
975.75,0.00271778367459774,0.0401733365530769,320
976.73,0.00416633486747742,0.0407667240748803,229
977.71,0.00110720284283161,0.0429749457786481,-2
978.68,0.00479907542467117,0.046450129399697,324
979.62,0.00438899546861649,0.0543984326844414,83
980.56,0.00412763841450214,0.0381580712273717,306
981.55,0.00640170834958553,0.050933829198281,169
982.53,0.00368291698396206,0.045458874044319,129
983.5,0.00402570702135563,0.0420646565034986,195
984.51,0.00543331541121006,0.0478381235152483,42
985.48,0.00374392233788967,0.034120111571004,275
986.46,0.000830624252557755,0.0466722336908182,35
987.43,0.000936810858547688,0.0285874051041901,30
988.44,0.00365755707025528,0.0335979914913575,141
989.44,0.00396540202200413,0.032656233292073,280
990.39,0.00283508840948343,0.0311268176883459,34
991.41,0.00241387728601694,0.0289769878921409,159
992.43,0.0013912245631218,0.0342184330026309,11
993.39,0.00220671854913235,0.0372992117578785,-8
994.36,0.0019680755212903,0.0313930255360901,282
995.32,0.00167815294116735,0.0301550067961216,54
996.3,0.00248702242970467,0.0461449561019739,238
997.32,0.00190067943185568,0.0321102511758606,307
998.31,NaN,NaN,NaN
999.22,0.00439843535423279,0.033265701495111,194
1000.14,0.0029978072270751,0.0330396899953485,105
1001.13,0.00288143195211887,0.0317432222266992,65
1002.11,0.00157428719103336,0.0419340996692578,309
1003.09,0.00345101952552795,0.0407071275015672,106
1004.11,0.00140773504972458,0.0390654057264328,266
1005.16,0.00225483253598213,0.0511864765236775,371
1006.17,0.00561755895614624,0.0436317160104712,257
1007.14,0.000799775123596191,0.0457187683011095,48
1008.13,0.00462851673364639,0.0375564365337292,288
1009.13,0.00142902508378029,0.0517714992165565,25
1010.14,0.00306580774486065,0.0464912550523877,1
1011.11,0.00243873335421085,0.0365661146740119,51
1012.07,0.00341280363500118,0.0405560117214918,94
1013.06,0.00240974500775337,0.0547542655840516,48
1014.07,0.0023595429956913,0.0475265520314376,49
1015.08,0.00208471901714802,0.0479829007138809,54
1016.04,0.00196307152509689,0.0400953342517217,35
1016.98,0.00292445532977581,0.0539796597634753,50
1017.97,0.00116629526019096,0.0414991083865364,94
1019.02,0.00656067952513695,0.0549956833322843,299
1020.02,0.00158275291323662,0.048351073016723,-2
1020.98,0.00199880078434944,0.0544395362958312,319
1021.97,0.00306644476950169,0.052367796190083,93
1022.97,0.00131700932979584,0.0577200741196672,73
1023.94,0.00388799421489239,0.0507395813862483,320
1024.93,0.00134342536330223,0.0652706741044919,340
1025.93,0.00224735587835312,0.0524508990347385,86
1026.93,0.00147100724279881,0.0428709841022889,46
1027.93,0.00471782125532627,0.0524227134883404,-6
1028.92,0.00540057197213173,0.0842999145388603,6
1029.9,0.00291315466165543,0.0547116746505102,317
1030.85,0.00814839825034142,0.0570880779996514,44
1031.84,0.00416143424808979,0.0588149043420951,52
1032.9,0.00363953039050102,0.0600715319936474,0
1033.92,0.0041725430637598,0.0579824692880114,116
1034.87,0.00359483808279037,0.0554124203821023,62
1035.83,0.0035120639950037,0.0578293548896909,22
1036.83,0.00250532478094101,0.0503777656704187,362
1037.82,0.00123897008597851,0.0495955770214399,51
1038.77,0.00458719022572041,0.0496861261005203,90
1039.72,0.00314414873719215,0.0534316279614965,314
1040.7,0.00118242017924786,0.0592581850166122,42
1041.68,0.00174356065690517,0.05029522596548,100
1042.72,0.0055858064442873,0.0586575890580813,210
1043.76,0.00343587808310986,0.0481277427946528,73
1044.72,0.00152771174907684,0.0456521085773905,320
1045.67,0.00193609111011028,0.051704216748476,319
1046.68,0.00369422137737274,0.059313031223913,249
1047.75,0.00195059739053249,0.0566806265463432,333
1048.74,0.0048061516135931,0.0553220600510637,74
1049.68,0.00376205518841743,0.0711051567147176,312
1050.65,0.00366431847214699,0.052806589131554,362
1051.61,0.00391966104507446,0.0495640011504292,121
1052.5,0.00294812209904194,0.042630843197306,-6
1053.59,0.00378689356148243,0.0576482856025298,364
1054.56,0.00183255039155483,0.0471840320775906,47
1055.53,0.00296195410192013,0.0540952418620388,34
1056.5,0.0020335353910923,0.0470366800824801,357
1057.54,0.00317326374351978,0.0415822990859548,353
1058.5,0.00462472066283226,0.0524047135064999,46
1059.54,0.00225676968693733,0.0448253806680441,81
1060.56,0.00415543280541897,0.0450685840720932,321
1061.53,0.00536741130053997,0.0453806836158037,323
1062.49,0.00172137282788754,0.0488445904726783,329
1063.44,0.00516926869750023,0.0463039750854174,82
1064.37,0.00624876841902733,0.0514416365573804,136
1065.35,0.00654647499322891,0.0584223906820019,69
1066.34,0.00307689793407917,0.0580128006016215,77
1067.33,0.00258642435073853,0.054905412097772,-15
1068.35,0.00188873521983624,0.0522267821555336,310
1069.37,0.00185156054794788,0.0473358423138658,86
1070.38,0.00228261575102806,0.0477329095204671,279
1071.39,0.00232069380581379,0.0451824637129903,356
1072.43,0.00486030057072639,0.0558037512625257,149
1073.5,0.00459115207195282,0.0484155028437575,123
1074.46,0.00225385464727879,0.0507644961277644,190
1075.42,0.00387521646916866,0.0516684415439765,116
1076.34,0.00299666821956635,0.0506113842129707,211
1077.26,0.00204740092158318,0.0516637914503614,2
1078.25,0.00682373158633709,0.0568870371207595,269
1079.31,0.00534491240978241,0.0545661663636565,111
1080.32,0.00218278914690018,0.0567837717632453,97
1081.28,0.00596372783184052,0.0513213844969869,175
1082.23,0.00413107872009277,0.0494609565163652,339
1083.17,0.00595607049763203,0.0572731643915176,28
1084.14,0.00503809563815594,0.0530465980991721,180
1085.13,0.00126045383512974,0.0566755772257845,52
1086.22,0.00583167560398579,0.0598285977418224,179
1087.29,0.00621628388762474,0.0608441342289249,215
1088.22,0.00272414647042751,0.0577343006928762,326
1089.2,0.00647360272705555,0.0557004880780975,211
1090.17,0.00336242280900478,0.0582330310717225,243
1091.17,0.00653078593313694,0.0672195218503475,220
1092.13,0.00273934006690979,0.0665131099522114,249
1093.09,0.00653841532766819,0.0625310164565841,298
1094.13,0.00141952000558376,0.0601952768241366,24
1095.17,0.00356146320700645,0.0669380035251379,336
1096.2,0.00259778276085854,0.0604251632466912,244
1097.18,0.00336462259292603,0.0686986595392227,354
1098.16,0.00823352113366127,0.101162174716592,215
1099.12,0.0117807313799858,0.0888791593412558,338
1100.07,0.0155321843922138,0.0983674352367719,122
1101.04,0.00447942689061165,0.0748567543923855,56
1102.01,0.0101746469736099,0.0928776493916909,82
1102.74,NaN,NaN,NaN
1103.76,NaN,NaN,NaN
1104.72,0.0368597842752934,0.13494933086137,113
1105.64,0.00658095255494118,0.0786542867620786,143
1106.64,0.0203346572816372,0.124137823780378,115
1107.62,0.00612393766641617,0.0963430466751258,97
1108.51,0.0247502997517586,0.147777034590642,67
1109.46,NaN,NaN,NaN
1110.5,NaN,NaN,NaN
1111.5,NaN,NaN,NaN
1112.53,NaN,NaN,NaN
1113.61,NaN,NaN,NaN
1114.63,0.00910531729459763,0.0891132839024067,-8
1115.52,0.00306134298443794,0.075402461613218,371
1116.38,0.00608459115028381,0.0619446060930689,315
1117.5,0.00983970984816551,0.0788284459461768,177
1118.5,0.00381562113761902,0.0671112878868977,299
1119.31,0.00892212986946106,0.0616897732640306,224
1120.33,NaN,NaN,NaN
1121.51,NaN,NaN,NaN
1122.48,NaN,NaN,NaN
1123.42,0.0158871524035931,0.107776777197917,196
1124.36,0.0177222453057766,0.110358244429032,172
1125.38,0.00501526892185211,0.0751619326571624,351
1126.44,0.00414158403873444,0.0800298918038607,107
1127.33,0.00298522785305977,0.0594903988142808,53
1128.18,0.00646543130278587,0.0667441474894683,319
1129.11,0.00415713898837566,0.0596988784770171,177
1130.28,0.00495627522468567,0.0696529988199472,55
1131.41,0.00452311709523201,0.0620985593025883,68
1132.27,0.0408785939216614,0.116048082088431,97
1133.14,0.00414906814694405,0.0747770989934603,37
1134.1,0.00983787328004837,0.0831038175771634,225
1135.14,0.0188697949051857,0.131305189182361,24
1136.11,0.0143740102648735,0.146733303864797,82
1137.14,0.0180358849465847,0.0920058501263459,186
1138.17,0.0919597782194614,0.180894865343968,246
1139.23,0.0115752220153809,0.103288384154439,-4
1140.21,0.00997984036803246,0.132402380928397,88
1141.04,0.0218367800116539,0.180867542823156,44
1142.12,NaN,NaN,NaN
1143.14,0.0233826041221619,0.150580262144407,119
1143.98,0.00246106088161469,0.0867388937622309,357
1145.01,0.0105801671743393,0.142666179686785,314
1146.05,0.00470307469367981,0.0689029941956202,358
1147.01,0.00912783108651638,0.0579063252856334,113
1147.88,0.00948941148817539,0.068257562816143,196
1148.83,0.00334126316010952,0.0647672523433964,80
1149.92,0.00204149633646011,0.0521644909555713,16
1150.92,0.0227669849991798,0.0996701108912627,127
1151.81,0.00366029515862465,0.0568581285576026,64
1152.73,0.00600730255246162,0.0810857893278201,325
1153.73,NaN,NaN,NaN
1154.8,0.0100983716547489,0.102015833680828,114
1155.84,NaN,NaN,NaN
1156.87,0.00397517904639244,0.0744503599901994,361
1157.87,0.00326738506555557,0.0958043951541185,39
1158.81,0.0143197178840637,0.0897356197237968,225
1159.69,0.0110083371400833,0.110879117622972,19
1160.61,NaN,NaN,NaN
1161.61,NaN,NaN,NaN
1162.77,NaN,NaN,NaN
1163.91,NaN,NaN,NaN
1164.79,NaN,NaN,NaN
1165.71,NaN,NaN,NaN
1166.82,NaN,NaN,NaN
1167.81,0.00533031672239304,0.0590253655488292,344
1168.79,0.00737694650888443,0.10651726461947,101
1169.7,0.0176760070025921,0.100422410294414,183
1170.65,0.0124599412083626,0.0623404032861193,227
1171.66,0.0185243599116802,0.0820608890304963,177
1172.71,0.00403079949319363,0.0502698654308915,242
1173.73,0.00241995416581631,0.0629788668205341,52
1174.68,0.00919964350759983,0.0519817170376579,233
1175.5,0.0106944665312767,0.0580091721688708,121
1176.35,0.00470588542521,0.064063610509038,22
1177.4,NaN,NaN,NaN
1178.5,NaN,NaN,NaN
1179.93,NaN,NaN,NaN
1180.57,0.0230415277183056,0.107729779556394,95
1181.09,NaN,NaN,NaN
1182.13,NaN,NaN,NaN
1183.5,NaN,NaN,NaN
1184.3,NaN,NaN,NaN
1185.5,NaN,NaN,NaN
1186.35,NaN,NaN,NaN
1187.25,NaN,NaN,NaN
1188.37,NaN,NaN,NaN
1189.5,NaN,NaN,NaN
1190.5,NaN,NaN,NaN
1191.63,0.00582325085997581,0.0523853382716576,-1
1192.38,0.00276953354477882,0.0609599451224009,363
1193.36,0.00560154393315315,0.0581324327116211,121
1194.07,0.00511864759027958,0.0625677195688089,39
1194.98,0.0177521221339703,0.117769864077369,23
1196.13,0.00600184500217438,0.0774373778452476,125
1197.12,0.00574366748332977,0.0826777908951044,134
1198.09,0.0178597755730152,0.115111535415053,122
1199.05,NaN,NaN,NaN
1200.28,NaN,NaN,NaN
1201.4,NaN,NaN,NaN
1201.76,NaN,NaN,NaN
1202.94,NaN,NaN,NaN
1204.03,0.00947512313723564,0.0631371904164553,76
1205.08,NaN,NaN,NaN
1206.24,NaN,NaN,NaN
1207.37,0.00682816840708256,0.0549769311522444,84
1208.36,0.00593333877623081,0.0498826478918393,72
1208.98,0.00567205063998699,0.0434881830587983,61
1209.63,0.0046748761087656,0.0527802932386597,217
1210.68,0.00211025588214397,0.0478233139341076,51
1211.88,0.023490808904171,0.0879770225534836,96
1212.92,NaN,NaN,NaN
1213.88,NaN,NaN,NaN
1215.09,NaN,NaN,NaN
1216.15,0.00392535515129566,0.0455625765025616,16
1216.91,0.00147921964526176,0.022260850140204,55
1217.72,0.00230196118354797,0.0517093536133567,87
1218.83,0.0037629846483469,0.0548201935986678,40
1220.06,0.00238625891506672,0.0620408955340584,81
1221.08,0.0220344290137291,0.0951558860639731,29
1221.96,0.00787386298179626,0.0847291008879741,165
1222.88,0.0100254490971565,0.0817045103758574,326
1223.81,0.0114205479621887,0.109690754363934,68
1224.7,0.0259228348731995,0.147677430262168,79
1225.74,0.0129064843058586,0.0782430768013,77
1226.96,0.0144785940647125,0.109935693442822,252
1227.9,0.00357074290513992,0.0765128675848246,76
1228.73,0.00343229621648788,0.0756990499794483,88
1229.74,0.00522603839635849,0.0894554896901051,46
1230.72,0.00214947387576103,0.0707157763342063,82
1231.5,NaN,NaN,NaN
1232.71,0.00633227825164795,0.0713963713496923,100
1233.76,0.0135484710335732,0.0801512332012256,345
1234.7,0.004522405564785,0.0671016362806161,239
1235.74,0.00706853903830051,0.0632078892861803,50
1236.73,0.00172347575426102,0.058749179666241,39
1237.74,0.00308656878769398,0.0478838138903181,186
1238.72,0.00859314575791359,0.0763066560029984,176
1239.68,0.00324618443846703,0.0757940194259087,363
1240.62,0.00556474179029465,0.0720245925088723,135
1241.62,0.0133807249367237,0.0700228431572517,291
1242.62,0.00861052423715591,0.0744342692196369,258
1243.54,0.00610006228089333,0.0544535834342241,264
1244.5,0.00245317816734314,0.0713555924594402,41
1245.58,0.00605612248182297,0.0575427673757076,244
1246.6,0.00396148487925529,0.0598384359230598,309
1247.63,0.00341219827532768,0.055415816915532,5
1248.57,0.00301186740398407,0.0564904253308972,342
1249.4,0.00200031697750092,0.0477715566133459,246
1250.45,NaN,NaN,NaN
1251.65,0.00221883505582809,0.0529485012715062,160
1252.69,NaN,NaN,NaN
1253.77,NaN,NaN,NaN
1254.74,0.00575642846524715,0.0587677614142497,63
1255.74,0.00632770359516144,0.0636079649751385,304
1256.69,0.00492299534380436,0.0526401437819004,268
1257.6,0.00733275711536407,0.049716269907852,257
1258.61,0.00852543488144875,0.059695182989041,264
1259.6,0.00614161044359207,0.0815108350167672,19
1260.5,NaN,NaN,NaN
1261.7,NaN,NaN,NaN
1262.6,0.00456773862242699,0.066812913864851,41
1263.48,NaN,NaN,NaN
1264.61,NaN,NaN,NaN
1265.61,0.0238438062369823,0.101429870973031,99
1266.5,0.00510863214731216,0.0694006495177746,92
1267.5,0.00381843000650406,0.0794000333795945,38
1268.48,NaN,NaN,NaN
1269.5,NaN,NaN,NaN
1270.5,NaN,NaN,NaN
1271.5,NaN,NaN,NaN
1272.5,NaN,NaN,NaN
1273.49,NaN,NaN,NaN
1274.5,NaN,NaN,NaN
1275.53,NaN,NaN,NaN
1276.51,0.00306124240159988,0.0685955124596755,362
1277.49,0.00343246757984161,0.0574042061343789,300
1278.45,0.0104080177843571,0.0599635749434431,251
1279.34,0.0070812962949276,0.0813259457548459,272
1280.26,0.0174064785242081,0.138077187662323,167
1281.24,0.0112558864057064,0.0917200117061536,84
1282.26,0.00749972835183144,0.0702299835781256,166
1283.5,NaN,NaN,NaN
1284.48,0.00995782762765884,0.0781588423997164,164
1285.35,0.00311856344342232,0.0640696072950959,323
1286.28,0.00107579305768013,0.034408408527573,248
1287.28,0.00208256952464581,0.0533055771763126,371
1288.25,0.00247321650385857,0.049406303713719,8
1289.09,0.00609073787927628,0.0496782260015607,236
1290.05,0.0033637210726738,0.07906390974919,53
1291.19,0.0130813643336296,0.114083124945561,367
1292.14,0.0073513425886631,0.0698121320456266,342
1293.03,0.0108021534979343,0.0795767040302356,138
1294.15,NaN,NaN,NaN
1295.24,0.0350290462374687,0.183336570858955,37
1296.2,0.0309847183525562,0.119247515375415,202
1297.13,0.0170855633914471,0.110669191926718,109
1298.06,0.0209436863660812,0.115697429825862,189
1299.01,NaN,NaN,NaN
1300.02,0.0108159631490707,0.0931796419123809,321
1301.02,0.0457630753517151,0.143667553861936,218
1302.01,0.0299496129155159,0.151610403632124,94
1303.04,0.0168729647994041,0.1137185053279,26
1304.07,0.0078534409403801,0.0764726872245471,208
1305,0.00335122272372246,0.0596501004571716,87
1306,0.00337864086031914,0.0838856628785531,347
1307.25,0.0118075385689735,0.0789062616725763,98
1308.2,0.00533079542219639,0.0597642532860239,-2
1308.83,0.00843464583158493,0.100691039115191,344
1309.68,0.00541105307638645,0.0597896631807089,361
1310.74,NaN,NaN,NaN
1311.74,0.0220438204705715,0.0869240326186021,172
1312.81,0.00379825010895729,0.0685636736452579,353
1313.82,0.157917872071266,0.20105829834938,145
1314.63,0.00459307059645653,0.0661999986817439,-2
1315.55,0.00704773887991905,0.0752080014596383,246
1316.52,0.00795194320380688,0.0603326599424084,175
1317.5,0.0240292884409428,0.0877685987701019,161
1318.5,0.00628650560975075,0.0560986017808318,202
1319.5,0.00575622171163559,0.0638271601249774,87
1320.5,0.0114707127213478,0.0809736344963312,201
1321.5,0.01419672742486,0.0999983586370945,162
1322.04,0.00922118499875069,0.0768570937216282,142
1323.5,0.00425113365054131,0.0439066117008527,90
1324.5,0.026786781847477,0.124104837576548,133
1325.5,NaN,NaN,NaN
1326.5,0.00564657896757126,0.0909369401633739,0
1327.5,NaN,NaN,NaN
1328.5,NaN,NaN,NaN
1329.5,NaN,NaN,NaN
1330.5,0.00501498952507973,0.0461400017763178,251
1331.5,0.00661823898553848,0.0672544079522292,131
1332.5,0.00392037443816662,0.0572938068459431,81
1333.53,0.00323309004306793,0.0368809861441453,51
2101.2,NaN,NaN,NaN
2101.21,NaN,NaN,NaN
2101.21,NaN,NaN,NaN
2101.22,NaN,NaN,NaN
2101.22,NaN,NaN,NaN
2101.22,NaN,NaN,NaN
2101.23,NaN,NaN,NaN
2101.23,NaN,NaN,NaN
2101.23,NaN,NaN,NaN
2101.24,NaN,NaN,NaN
2101.24,NaN,NaN,NaN
2101.33,NaN,NaN,NaN
2101.33,NaN,NaN,NaN
2101.34,NaN,NaN,NaN
2101.34,NaN,NaN,NaN
2101.35,NaN,NaN,NaN
2101.35,NaN,NaN,NaN
1365.38,0.000967090949416161,0.0363510586321354,45
1366.31,0.00681206211447716,0.0481106635803978,338
1367.32,0.0049393754452467,0.0488555046419303,40
1368.16,0.0093698687851429,0.069861335059007,171
1369.01,0.00605045258998871,0.0565403075888753,144
1369.94,0.00432154349982738,0.0486685605719686,96
1370.92,0.0171928778290749,0.0996033251285553,165
1371.96,0.0102169383317232,0.070340725282828,191
1373.05,0.00563705712556839,0.0559331740563115,145
1374.1,0.00423809885978699,0.0385133465752006,102
1375.06,0.0128283258527517,0.071488785247008,125
1376.02,0.0162944588810205,0.0669923226038615,77
1377.08,0.0183370597660542,0.105514187986652,13
1378.5,NaN,NaN,NaN
1379.61,0.0024427343159914,0.0388280224675933,99
1380.71,0.0066804438829422,0.0472046959524353,103
1381.81,0.00303281284868717,0.0382862808182836,62
1382.88,0.0141530334949493,0.0692848876739542,169
1383.57,0.0076313242316246,0.0656142241011063,45
1384.33,0.00960330292582512,0.0721640276412169,74
1385.4,0.0123807061463594,0.0652889423072338,65
1386.52,0.0105766821652651,0.0607323618605733,123
1387.61,0.00700502283871174,0.0498138212909301,118
1388.66,0.065563527867198,0.087531792310377,79
1389.69,0.0149124525487423,0.0455011995509267,129
1390.56,0.0159599408507347,0.0808338454614083,95
1396.93,0.0743812918663025,0.174253584817052,160
1398.52,NaN,NaN,NaN
1399.72,0.0106076709926128,0.0680207231392463,43
1400.87,NaN,NaN,NaN
1402.14,0.00986123830080032,0.107556774591406,46
1408.39,0.0128508564084768,0.059883162068824,331
1409.24,0.013739874586463,0.0663816193118691,241
1410.2,0.00766058638691902,0.0977948059638341,80
1411.14,NaN,NaN,NaN
1412.06,NaN,NaN,NaN
1413.38,NaN,NaN,NaN
1414.72,0.00931058824062347,0.103349361568689,194
1415.69,NaN,NaN,NaN
1416.49,NaN,NaN,NaN
1417.36,NaN,NaN,NaN
2101.5,NaN,NaN,NaN
2101.5,NaN,NaN,NaN
2101.5,NaN,NaN,NaN
1420.96,NaN,NaN,NaN
1422.02,NaN,NaN,NaN
1423.02,0.0316019132733345,0.157619299987952,207
1424.05,0.00634195283055305,0.0769879842797915,113
1425.31,0.0388312786817551,0.161673606683811,135
1426.36,0.0106208547949791,0.0745975120613972,204
1428.27,0.0178139358758926,0.108171839267015,329
1429.27,0.00696666538715363,0.0818231943994761,70
1430.28,0.0155398175120354,0.115917305151622,152
1431.35,NaN,NaN,NaN
1432.43,0.031065933406353,0.103376694023609,114
1433.26,0.0339926667511463,0.093067970747749,124
1434.11,0.0213441401720047,0.11855510994792,186
1435.39,NaN,NaN,NaN
1436.54,NaN,NaN,NaN
1438.41,0.00345711410045624,0.088966138040026,88
1440.5,0.0768439136445522,0.157105323548118,64
1441.73,0.067161101847887,0.127526051054398,71
1442.74,0.00890351459383965,0.0745220662405093,28
1443.68,0.0113576352596283,0.101739060133696,199
1444.77,0.0167624205350876,0.0836967869351308,90
1445.85,0.023076955229044,0.0978033784776926,112
1455.81,0.0120283998548985,0.0993102981398503,74
1456.84,0.00482763163745403,0.0512884551038345,164
3245,NaN,NaN,NaN
3245,NaN,NaN,NaN
3245,NaN,NaN,NaN
3245,NaN,NaN,NaN
3245,NaN,NaN,NaN
3244.92,NaN,NaN,NaN
1457.7,0.00783048570156097,0.0791326146572828,342
1459.14,0.00508229061961174,0.0739596070100864,364
1460.07,0.00169981271028519,0.0472550752262274,271
1461.38,NaN,NaN,NaN
1462.49,0.0316488109529018,0.12800556110839,145
1463.43,0.0160206854343414,0.10418461325268,21
1464.4,0.0221515819430351,0.176571733007828,258
1465.21,0.0206053368747234,0.129409182195862,56
1466.04,0.0200617276132107,0.137182001645366,66
1467,0.00727840140461922,0.0702385914822419,15
1468.07,0.00623847544193268,0.0623340029269457,95
1469.08,0.00503505766391754,0.0461655852074424,114
1470.02,0.003806222230196,0.0504342714945475,119
1471.01,0.00513165257871151,0.0559493796899915,172
1471.62,0.00378179922699928,0.0504448016484578,318
3238.5,NaN,NaN,NaN
3238.45,NaN,NaN,NaN
3238.35,NaN,NaN,NaN
3238.32,NaN,NaN,NaN
3238.33,NaN,NaN,NaN
3238.37,NaN,NaN,NaN
3238.44,NaN,NaN,NaN
3238.49,NaN,NaN,NaN
3238.5,NaN,NaN,NaN
1472.7,0.00407515838742256,0.0626781306539973,-3
1473.77,0.0101527981460094,0.0799625807752212,312
1474.72,0.00350037030875683,0.0584725299850106,366
1475.61,0.0503393970429897,0.138160188992818,56
1476.69,0.0111061595380306,0.0762097109109163,166
1477.71,0.0117810592055321,0.0781788614888986,54
1478.71,0.0139472335577011,0.0881150017182032,115
1479.86,0.00515880063176155,0.0691839586943388,1
1480.94,0.007032610476017,0.049164987479647,96
1483.94,0.00797062925994396,0.0622732720027367,345
1484.87,0.00677252933382988,0.0553175813208024,228
1486.05,0.00613627582788467,0.0866306523482005,345
1490.01,0.00320566445589066,0.0433424140016238,248
1490.91,0.00315445102751255,0.0458142446974913,271
1491.77,0.0246332101523876,0.100383190438151,326
1493.31,0.010475680232048,0.0809177998453379,129
1494.95,0.00550562515854836,0.0627248740444581,294
1496.48,0.0684666335582733,0.191276365270217,202
3244.99,NaN,NaN,NaN
3245,NaN,NaN,NaN
3245,NaN,NaN,NaN
3245,NaN,NaN,NaN
3245,NaN,NaN,NaN
3245,NaN,NaN,NaN
3245,NaN,NaN,NaN
3245,NaN,NaN,NaN
3245,NaN,NaN,NaN
3245,NaN,NaN,NaN
3245.05,NaN,NaN,NaN
3245.5,NaN,NaN,NaN
3246.21,NaN,NaN,NaN
1500.87,NaN,NaN,NaN
1501.92,NaN,NaN,NaN
1502.97,NaN,NaN,NaN
1504.03,0.0171357318758965,0.0826793015003204,190
1505.01,0.00401001609861851,0.0644371956586838,181
1506.08,0.00599576905369759,0.0733560298879941,260
1507.28,0.00377093441784382,0.048354464272658,315
1507.5,0.0161390528082848,0.108453779791792,111
1509.46,NaN,NaN,NaN
1510.53,NaN,NaN,NaN
1516.72,0.00490965507924557,0.0393223635231455,324
1517.73,NaN,NaN,NaN
1518.85,NaN,NaN,NaN
1519.87,NaN,NaN,NaN
1520.96,NaN,NaN,NaN
1521.99,NaN,NaN,NaN
1522.89,0.00623016431927681,0.0716601256281137,76
1523.79,0.00475469790399075,0.0603826663767298,72
1524.69,0.00565078109502792,0.0642145307113727,26
1525.58,0.00721140578389168,0.0719010755419731,224
1526.61,0.00583086907863617,0.0708798877894878,57
1527.83,NaN,NaN,NaN
1528.98,0.00746545195579529,0.0600020416701833,134
1529.88,0.005508903414011,0.0713601112365723,277
1530.52,0.0026256088167429,0.054955863704284,-14
1531.23,0.0072304829955101,0.0865354718019565,49
1532.56,0.00331607460975647,0.048208052602907,174
1533.45,NaN,NaN,NaN
1533.78,0.00422907248139381,0.0749432314187288,73
1534.76,NaN,NaN,NaN
1535.23,0.00803479366004467,0.0677384296432137,44
1536.48,0.0031220018863678,0.0762826999028524,306
1537.52,NaN,NaN,NaN
1538.22,0.00284401699900627,0.0665783310929934,51
1539.28,0.00759092904627323,0.0594987692311406,123
1540.25,0.000784244388341904,0.0473850527778268,363
1541.34,0.00278892368078232,0.0491272096211712,356
1542.14,0.00282652117311954,0.0388145803784331,84
1542.95,0.0045702513307333,0.0503483656793833,260
1544.05,0.00475322641432285,0.0542785776779056,39
1545.04,0.00754540599882603,0.0597331104800105,316
1546.13,0.00244870595633984,0.0522129395976663,310
1547.24,0.00299067981541157,0.0500190077970425,308
1548.17,0.00524158030748367,0.0697141562898954,39
1549.08,0.00706987455487251,0.0728016328066587,366
1550.21,0.00178906321525574,0.0618298162395755,318
1551.12,0.00602590292692184,0.0618374577413003,136
1551.93,0.00328986160457134,0.0444686782235901,80
1552.95,0.00531180575489998,0.0600445298478007,46
1554.07,0.00688940659165382,0.0610974223042528,147
1555,0.0071598868817091,0.0593564261992772,34
1555.81,0.0051165446639061,0.0562215242534876,79
1556.69,NaN,NaN,NaN
3252,NaN,NaN,NaN
3252,NaN,NaN,NaN
3252,NaN,NaN,NaN
3252,NaN,NaN,NaN
3252,NaN,NaN,NaN
3252,NaN,NaN,NaN
3252,NaN,NaN,NaN
3252,NaN,NaN,NaN
3252,NaN,NaN,NaN
3252,NaN,NaN,NaN
3252,NaN,NaN,NaN
1558.5,NaN,NaN,NaN
1560.13,NaN,NaN,NaN
1561.16,0.00544800609350204,0.0493412120267749,54
1562.07,NaN,NaN,NaN
1563.17,NaN,NaN,NaN
1564.03,NaN,NaN,NaN
1564.94,NaN,NaN,NaN
1565.99,NaN,NaN,NaN
3252,NaN,NaN,NaN
3252,NaN,NaN,NaN
3252,NaN,NaN,NaN
3252,NaN,NaN,NaN
3252,NaN,NaN,NaN
3252,NaN,NaN,NaN
3252,NaN,NaN,NaN
3252,NaN,NaN,NaN
1580.69,NaN,NaN,NaN
1581.57,NaN,NaN,NaN
1582.68,0.00600857101380825,0.0509250992909074,261
1583.81,0.0071830116212368,0.0716038967172305,232
1585.04,0.00699544325470924,0.0777073328693708,317
1586.11,0.00597188621759415,0.0703743267804384,46
3252,NaN,NaN,NaN
3252,NaN,NaN,NaN
3252,NaN,NaN,NaN
3252,NaN,NaN,NaN
3252,NaN,NaN,NaN
3252,NaN,NaN,NaN
3252,NaN,NaN,NaN
1590.13,NaN,NaN,NaN
1591.13,0.0141156390309334,0.0919296282033126,90
1592.15,0.0258380323648453,0.102887413154046,309
1593.08,0.0168435163795948,0.101260522380471,-5
1593.95,0.00700288265943527,0.0985360046227773,333
1594.88,0.0174534469842911,0.114322168752551,36
1595.87,0.0145900659263134,0.116023546084762,333
1596.9,0.0109182298183441,0.139222611983617,4
1597.93,0.011375904083252,0.126962408423424,5
1598.94,0.0185360200703144,0.136318899691105,310
1599.93,0.0252943485975266,0.0991495667646329,365
1600.97,0.0249857194721699,0.116943270588915,352
1602.05,NaN,NaN,NaN
1603.05,0.0123795121908188,0.100799600904187,282
1603.99,0.0101567432284355,0.140673108398914,5
1604.91,0.023863859474659,0.170213623593251,60
1605.83,0.0104484744369984,0.111697001382709,362
1606.84,0.011253509670496,0.0976260676980019,8
1607.86,0.0145398676395416,0.14104612916708,53
1608.89,0.0172899551689625,0.132730937252442,221
1609.98,0.0138268396258354,0.104304835821191,41
1611.09,0.0192507207393646,0.141798629115025,121
1612.07,0.017393920570612,0.11056110324959,32
1612.95,0.00626373663544655,0.0997310212502877,25
1613.87,NaN,NaN,NaN
1614.99,0.00846214964985847,0.0978571437299252,27
1616.14,0.018694132566452,0.133270270501574,81
1617.13,0.00886829197406769,0.102692545081178,347
1618.1,0.0450378805398941,0.174356656769911,206
1619.1,0.00787251070141792,0.0814804950108131,79
1620.04,0.0119388177990913,0.0749073848128319,169
1620.96,0.0133281946182251,0.0935041743020217,122
1621.95,0.0261094458401203,0.104559316610297,171
1623.01,0.0164384357631207,0.0825745755185684,98
1624.03,0.0034235343337059,0.0727937091141939,63
1624.97,0.00255893915891647,0.0509904902428389,79
1625.92,0.0136912744492292,0.0737693033491572,53
1626.92,0.00232084281742573,0.0479515480498473,320
1627.89,0.0106402561068535,0.0784440655261278,196
1628.85,0.00876610726118088,0.0500233753894766,192
1629.99,0.00863819010555744,0.0437012342736125,143
1631.16,0.00117030367255211,0.0388003531843424,93
1632.17,0.0182291120290756,0.0579112044846018,250
1633.15,0.0121224652975798,0.0454012742266059,177
1634.14,0.00150350667536259,0.0313357639436921,40
1634.84,0.00429608020931482,0.0290049160830677,240
1635.5,0.00533624272793531,0.0360039829586943,191
1636.17,NaN,NaN,NaN
1636.5,NaN,NaN,NaN
1638.08,0.00276659242808819,0.0303683946840465,0
1639.25,0.00311576668173075,0.0279605717708667,83
1640.31,0.00379860680550337,0.033507625417163,167
1641.31,0.00382640212774277,0.0366960453490416,122
1642.28,NaN,NaN,NaN
1643.23,NaN,NaN,NaN
1644.2,0.00271628238260746,0.0450444513310989,360
1645.16,NaN,NaN,NaN
1646.11,NaN,NaN,NaN
1647.04,0.00568710826337337,0.0583734155322115,87
1648,NaN,NaN,NaN
1648.96,NaN,NaN,NaN
1649.93,0.0107146576046944,0.068154857493937,193
1650.95,NaN,NaN,NaN
1652.13,NaN,NaN,NaN
1653.25,0.00613420270383358,0.0603384794667363,238
1654.16,NaN,NaN,NaN
1655.09,0.00759335421025753,0.0676907434438666,45
1656.15,NaN,NaN,NaN
1657.38,0.00834145769476891,0.0770318644742171,305
1658.52,NaN,NaN,NaN
1659.5,NaN,NaN,NaN
1660.48,0.00274022668600082,0.055645150753359,373
1661.4,NaN,NaN,NaN
1662.21,0.00609993934631348,0.0538497663413485,366
1663.11,0.00208640098571777,0.0470238939548532,99
1664.13,0.00572554394602776,0.0563048655167222,357
1665.15,0.00588364712893963,0.0615872209891677,127
1666.14,0.0129508171230555,0.0725232986733317,219
1667.19,0.0108158439397812,0.067000150680542,136
1668.25,0.00630567967891693,0.108425979192058,364
1669.24,0.00195297040045261,0.0516565643871824,77
1670.24,0.00390206277370453,0.0374873212228219,72
1671.23,0.00371920503675938,0.0438881559918324,173
1672.26,NaN,NaN,NaN
1673.33,NaN,NaN,NaN
1674.35,NaN,NaN,NaN
1675.35,NaN,NaN,NaN
1676.31,NaN,NaN,NaN
1677.06,NaN,NaN,NaN
1677.79,NaN,NaN,NaN
1678.74,NaN,NaN,NaN
1679.73,NaN,NaN,NaN
1680.72,0.00352540984749794,0.0378513171647986,267
1681.72,0.00497639924287796,0.0401190823564927,320
1682.71,0.001647112891078,0.0341362444063028,343
1683.67,0.00219608843326569,0.0478963181376457,321
1684.66,0.00409183278679848,0.0480774706229568,241
1685.68,0.00938105210661888,0.0486126954977711,232
1686.7,0.00543966889381409,0.0549227943023046,155
1687.75,0.00683748722076416,0.0515532655020555,254
1688.79,0.00328611955046654,0.047588254014651,119
1689.77,0.00626199692487717,0.0762287334849437,367
1690.76,0.00363589078187943,0.0420446697001656,280
1691.78,0.00742408633232117,0.0664562275633216,272
1692.75,0.00244323723018169,0.0378686357289553,314
1693.71,0.00389005243778229,0.0566114739825328,352
1694.71,0.00360281765460968,0.0486804175501068,76
1695.73,0.0103100463747978,0.0558117941642801,212
1696.69,0.00176381692290306,0.0517804206659397,23
1697.6,0.00279727391898632,0.0408808241287867,63
1698.56,0.00483286753296852,0.0425877794623375,255
1699.54,0.00712067447602749,0.0538726365193725,168
1700.53,0.0154460165649652,0.0690622994055351,213
1701.52,0.00722436979413033,0.054829813229541,173
1702.55,0.00498859025537968,0.0500601846724749,38
1703.54,0.00390680506825447,0.0496547895794114,71
1704.5,0.0023197028785944,0.0438834236313899,49
1705.52,0.00201889127492905,0.0508734928444028,85
1706.5,0.00319031625986099,0.0473892207567891,70
1707.42,0.00119292922317982,0.0467102179924647,10
1708.44,0.00206829980015755,0.0398847041651607,101
1709.44,NaN,NaN,NaN
1710.39,0.00334793515503407,0.0470321367805203,339
1711.39,0.00266880914568901,0.0497714951634407,41
1712.37,0.00306551158428192,0.0416171538333098,304
1713.36,0.00396071374416351,0.0410510146369537,302
1714.36,0.00324995256960392,0.0458988416939974,89
1715.34,0.00535856559872627,0.0478658260156711,153
1716.33,0.00115653313696384,0.0350296596686045,-3
1717.36,0.00603541918098927,0.0398326301947236,236
1718.35,0.00283178314566612,0.0373457859580716,8
1719.31,0.00192402489483356,0.0359150481720765,12
1720.27,0.00396247208118439,0.0397516715650757,158
1721.22,0.00326092168688774,0.0441345513487856,99
1722.25,0.00542145967483521,0.0424381479000052,136
1723.42,0.00211060047149658,0.026396290709575,119
1724.52,0.00503256916999817,0.0404841049263875,135
1725.42,NaN,NaN,NaN
1726.25,NaN,NaN,NaN
1727.19,0.00255239568650723,0.0439432682469487,94
1728.2,0.00108965486288071,0.0350139131769538,355
1729.18,0.00367420539259911,0.0474931644275784,289
1730.1,0.00143798440694809,0.0480426928649346,6
1731.06,0.0020782258361578,0.0415464223672946,361
1732.04,0.00889761932194233,0.0506671626741687,73
1732.99,0.00330992601811886,0.0524641387164593,26
1733.98,0.00182360969483852,0.0379855039839943,43
1735,0.0027749165892601,0.0435157523800929,359
1735.98,0.00528651103377342,0.0507812683160106,307
1736.93,0.00203354097902775,0.0453705691422025,80
1737.89,0.00166049972176552,0.047833997135361,63
1738.87,0.00835738144814968,0.0573520812516411,58
1739.86,0.000981744378805161,0.0443889116868377,15
1740.83,0.00305964797735214,0.0377612992500265,58
1741.78,0.00297433324158192,0.035932349661986,74
1742.79,0.00187786109745502,0.0273059424944222,373
1743.85,0.00113025680184364,0.0260221053225299,368
1744.85,0.00233181565999985,0.0246771693540116,344
1745.8,0.00414586625993252,0.0437540405740341,145
1746.74,0.00489088706672192,0.0433329821874698,79
1747.72,0.0016446840018034,0.0342013416811824,320
1748.76,0.00752219930291176,0.0376110415284832,140
1749.73,0.00378338433802128,0.0442415528620283,136
1750.79,0.00467036478221416,0.0498806505153577,127
1751.88,0.00588791817426682,0.0507527021691203,243
1752.89,0.00321242585778236,0.0305625358596444,178
1753.9,0.00329912174493074,0.0323571750583748,268
1754.89,0.00383482314646244,0.0399407288059592,135
1755.87,0.00380276143550873,0.0353068606927991,134
1756.9,0.00172155722975731,0.0332397191474835,352
1757.91,0.00455107353627682,0.0389039590954781,204
1758.87,0.00262126512825489,0.0320165610561768,195
1759.8,0.00403346680104733,0.0430535475413005,226
1760.68,0.00683554261922836,0.051840973397096,129
1761.6,0.0055583268404007,0.0498335467030605,114
1762.69,0.00721300765872002,0.0503088956077894,196
1763.7,0.00444964319467545,0.0426392105097572,191
1764.75,0.0134571101516485,0.0578046192725499,203
1765.75,NaN,NaN,NaN
1766.7,NaN,NaN,NaN
1769.24,NaN,NaN,NaN
1770.18,NaN,NaN,NaN
1771.16,0.00488230213522911,0.0508507679527005,346
1772.2,0.0272488668560982,0.112728510672847,36
1773.21,0.0170282162725925,0.0779584310948849,38
1774.14,0.00657417625188828,0.0820318379749854,315
1775.08,0.0134996343404055,0.0732082317893704,193
1776.05,0.0244166702032089,0.0737255740289887,3
1777.03,0.00425613671541214,0.0682321737209956,102
1778.03,0.0114150959998369,0.0596975687270363,290
1779.03,0.00724916160106659,0.0558161459242304,308
1780,0.0142941661179066,0.10007300041616,357
1780.98,0.0107208527624607,0.106210786228379,312
1781.95,0.00617802888154984,0.0745831622431676,120
1782.91,0.0218043848872185,0.0877707786858082,84
1783.95,0.00238361209630966,0.0524655599147081,109
1784.95,0.00412927009165287,0.0599835285296043,182
1785.91,0.00452767871320248,0.0650999924788872,36
1786.86,0.00196218863129616,0.0648736959944169,54
1787.86,0.00857194513082504,0.101263791322708,257
1788.88,0.00642908923327923,0.0647399270286163,273
1789.88,0.00867209583520889,0.0719274437675873,215
1790.83,0.00898534432053566,0.076435391480724,218
1791.77,0.00981463864445686,0.076738715171814,321
1792.77,0.0136803891509771,0.0709593258798122,187
1793.77,0.014853036031127,0.0738516881441077,186
1794.83,0.0207162387669086,0.0939944001535575,218
1795.9,0.00552843324840069,0.0644269722203414,144
1796.87,0.00788559392094612,0.0756252811600765,340
1797.83,0.0115313678979874,0.0820697757105033,212
1798.84,0.00428730808198452,0.0541110262274742,150
1799.77,0.00546390935778618,0.079833581422766,364
1800.75,0.00589664652943611,0.0570870315035184,36
1801.72,0.00236948765814304,0.0599506466339032,31
1802.71,0.0274066105484962,0.134508354589343,63
1803.72,0.00650752522051334,0.05647764634341,115
1804.74,0.00714459270238876,0.0764044293512901,54
1805.78,0.0112006831914186,0.0667599318549037,137
1806.76,0.00505701079964638,0.0654234293227394,78
1807.87,0.00361698307096958,0.0512556359171867,230
1809,0.00672880560159683,0.0663429169605176,75
1809.86,0.0032455138862133,0.0746332928538322,17
1810.57,0.00526583567261696,0.0690461459259192,128
1811.43,0.00647895596921444,0.0647895426178972,138
1812.38,0.00331919267773628,0.0709768235683441,317
1813.42,0.00784977339208126,0.0571552151814103,108
1814.4,0.00462064146995544,0.091794819260637,98
1815.44,0.00785076804459095,0.0699503375217319,190
1816.68,0.0048616137355566,0.0539726276571552,-15
1817.78,NaN,NaN,NaN
1818.61,0.00928082317113876,0.0868880723913511,184
1819.34,0.00718759000301361,0.0901554059237242,328
1820.21,0.0219690501689911,0.157437431315581,315
1821.27,0.0389067195355892,0.130673919493953,94
1822.29,0.0178179629147053,0.120426082362731,221
1823.29,NaN,NaN,NaN
1824.27,NaN,NaN,NaN
1825.28,0.0109579898416996,0.0636849841102958,282
1826.32,0.0106976591050625,0.0608324793477853,259
1827.3,0.00216376036405563,0.0347802229225636,70
1828.27,0.000893275253474712,0.0293789446974794,79
1829.26,0.0131057016551495,0.060503821199139,287
1830.21,0.00521251559257507,0.0513116378958027,318
1831.05,0.00345777813345194,0.0311314503972729,136
1831.85,NaN,NaN,NaN
1832.67,NaN,NaN,NaN
1833.57,NaN,NaN,NaN
1834.53,NaN,NaN,NaN
1835.5,NaN,NaN,NaN
1836.5,NaN,NaN,NaN
1837.5,NaN,NaN,NaN
1838.5,NaN,NaN,NaN
1839.5,NaN,NaN,NaN
1862.88,NaN,NaN,NaN
1863.74,0.0132919028401375,0.0932098279396693,134
1864.5,NaN,NaN,NaN
1865.5,0.123660616576672,0.219612167527278,130
1866.5,0.00389312580227852,0.0719791520386934,361
1867.99,0.0256844833493233,0.160995222628117,137
1868.5,NaN,NaN,NaN
1869.5,NaN,NaN,NaN
1870.42,NaN,NaN,NaN
1871.5,0.0116842836141586,0.0758595913648605,58
1872.5,0.00342718698084354,0.0659849783405662,35
1873.6,0.00865911692380905,0.0741675378133853,158
1874.5,0.0516185387969017,0.170314107711116,200
1875.43,0.00183989852666855,0.058255538965265,309
1876.42,0.0148376040160656,0.0848842902729909,225
1877.44,0.010992368683219,0.0652759665002425,-7
2335.79,0.00554671511054039,0.0393901414548357,345
2336.66,0.00199713371694088,0.0419916907946269,96
2337.54,0.00262513291090727,0.0321448893907169,254
2338.59,0.00203158147633076,0.0458413911983371,57
2339.73,0.00232457555830479,0.0448378504564365,97
2340.76,0.0038312878459692,0.0436228855202595,1
2341.75,0.00451110303401947,0.0477106192459663,132
2342.74,0.00221134163439274,0.046529272881647,37
2343.74,0.00515637919306755,0.0517313213398059,186
2344.78,0.0101168397814035,0.0514130204295119,231
2345.8,0.00338087417185307,0.0565587511907021,336
2346.78,0.00364173576235771,0.0434643865252535,277
2347.75,0.00773005373775959,0.0630267939219872,291
2348.73,0.00609960220754147,0.0495591824874282,264
2349.72,0.0054687038064003,0.0776632633060217,-6
2350.71,0.00802364572882652,0.0622196051602562,280
2351.77,0.0026363730430603,0.0621914016082883,339
2352.83,0.00363961607217789,0.0643104733899236,17
2353.81,0.0104284211993217,0.076348705838124,189
2354.77,0.00406992807984352,0.07547159306705,337
2355.78,0.00762876495718956,0.0938472257306178,63
2356.83,0.00842606648802757,0.123628150671721,99
2357.86,0.00909116491675377,0.0781529638916254,369
2358.88,0.00412484630942345,0.0683262851089239,56
2359.87,0.00527714937925339,0.0709237692256768,376
2360.86,0.00554318726062775,0.0804649665951729,39
2361.86,0.0083484835922718,0.0925715671231349,92
2362.86,0.0058031938970089,0.09032893118759,260
2363.89,0.0040854811668396,0.0672702553371588,83
2364.92,0.00949296355247498,0.0801040114214023,358
2365.91,0.0157016329467297,0.0862021030237277,185
2366.81,NaN,NaN,NaN
2367.63,0.00541668385267258,0.0635507007439931,278
2368.5,0.00989358127117157,0.16322551916043,42
2369.64,0.00444500148296356,0.0726612955331802,40
2370.77,0.0102585814893246,0.0831531124810378,115
2371.65,0.00877717509865761,0.101315484071771,139
2372.44,0.0150410458445549,0.107124697417021,209
2373.24,NaN,NaN,NaN
2394.5,0.0169650837779045,0.0918580132226149,80
2395.5,0.0111533813178539,0.0723645420124133,89
2396.37,0.0408815518021584,0.133567964037259,366
2397.27,0.00395279936492443,0.0481885336339474,180
2398.24,0.00230963714420795,0.0518944297606746,85
2399.23,0.00324053131043911,0.0547821422417959,84
2400.24,0.0152653120458126,0.0683207319428523,-8
2401.2,0.00427016615867615,0.0515282473837336,23
2402.18,0.00282441638410091,0.059453947780033,40
2403.16,0.00357783772051334,0.063384328968823,56
2404.14,0.0041839350014925,0.0552535112947226,32
2405.13,0.0181488133966923,0.118892459819714,45
2406.11,0.0103051271289587,0.0682480987161398,315
2407.1,0.0144671313464642,0.122648002579808,127
2408.09,0.00601262971758842,0.0665234529102842,23
2409.06,0.00750482268631458,0.0595175412793954,202
2410.02,0.0085613913834095,0.0717286722113689,195
2410.96,0.00751817971467972,0.0833400667955478,34
2411.97,0.00400580279529095,0.0633732449884216,85
2413.05,0.00276776403188705,0.0542830030123393,328
2414.08,0.00664664059877396,0.06737221373866,73
2415.06,0.00914080813527107,0.0687247651318709,237
2416.03,0.00324277207255363,0.070935416345795,368
2417,0.00581939145922661,0.0750257447361946,136
2417.99,0.00627395138144493,0.0654667693500717,106
2418.96,0.00246018171310425,0.0546094396462043,-5
2419.95,0.00513835996389389,0.0740063258757194,83
2420.96,0.00547635555267334,0.0724580083042383,245
2421.99,0.0046858973801136,0.0784122130523125,53
2423.01,0.00588374584913254,0.0666383001953363,97
2424,0.00421533919870853,0.0560123060519497,74
2425,0.0191320665180683,0.0837540961802006,129
2426.03,0.00339723937213421,0.0646161083132029,87
2427.04,0.00438207015395164,0.0639098028962811,24
2428.01,0.00824519991874695,0.0771878783901532,330
2428.95,0.0133445151150227,0.0811940456430117,102
2429.9,0.00297747738659382,0.0632100117703279,313
2430.88,0.00354323536157608,0.0468661713724335,71
2431.87,0.0112063400447369,0.0627933607126276,118
2432.87,0.00816438719630241,0.0678610882411401,80
2433.87,0.00422495603561401,0.0531999549518029,40
2434.86,0.00594113580882549,0.0592341575150689,61
2435.83,0.00334063544869423,0.0732884587099155,57
2436.82,0.00400576367974281,0.0539010313029091,82
2437.8,0.00313445739448071,0.0504530528560281,354
2438.78,0.00559968873858452,0.0586970600609978,234
2439.77,0.00580920279026031,0.0669018781433503,73
2440.76,0.00661656446754932,0.0623692463462551,357
2441.75,0.00923982635140419,0.0790302846580744,39
2442.74,0.00299073755741119,0.0555763645097613,341
2443.74,0.0148009471595287,0.0961485567192237,282
2444.77,0.00495948269963264,0.0540199695775906,175
2445.8,0.00580715946853161,0.0609802082180977,81
2446.72,0.00698158144950867,0.0805645603686571,308
2447.62,0.00994216650724411,0.0782695778956016,253
2448.62,0.00606699846684933,0.0610186423485478,309
2449.62,0.011317603290081,0.0983052918066581,289
2450.6,0.0095435157418251,0.0598264088233312,262
2451.59,0.00615905411541462,0.0522521215801438,79
2452.57,NaN,NaN,NaN
2453.56,NaN,NaN,NaN
2454.54,NaN,NaN,NaN
2455.53,NaN,NaN,NaN
2456.54,NaN,NaN,NaN
2457.54,NaN,NaN,NaN
2458.54,NaN,NaN,NaN
2459.54,NaN,NaN,NaN
2460.54,NaN,NaN,NaN
2461.68,NaN,NaN,NaN
2462.79,NaN,NaN,NaN
2463.79,NaN,NaN,NaN
2464.79,NaN,NaN,NaN
2465.22,NaN,NaN,NaN
2466.19,0.010773804038763,0.0867621240516504,98
2467.14,0.0133435279130936,0.0933616900195678,59
2468.11,0.0262860730290413,0.104657892137766,135
2469.09,0.0114764235913754,0.0733094681054354,100
2470.09,0.0036287996917963,0.0624082529296478,78
2471.29,0.00522206351161003,0.0768727287650108,318
2472.5,0.00792223215103149,0.0794271727403005,93
2473.28,NaN,NaN,NaN
2474.15,0.0170619525015354,0.0847282738735278,219
2475.18,0.0216033905744553,0.0935518903036912,38
2476.07,0.00738832354545593,0.0753656749924024,40
2477.15,0.00258070603013039,0.083063472683231,323
2478.19,0.0107110515236855,0.0814026879767577,104
2479.09,0.00360072776675224,0.0617469487090906,143
2480.06,0.00352988205850124,0.0631632376462221,103
2481.04,NaN,NaN,NaN
2482.14,NaN,NaN,NaN
2483.13,NaN,NaN,NaN
2484.11,NaN,NaN,NaN
2485.17,0.00431114807724953,0.0586044505859415,253
2486.17,0.00311171263456345,0.06614415658017,38
2487.06,0.00290995836257935,0.0534655650456746,161
2488.02,0.00644954293966293,0.0794181941697995,45
2488.99,0.00256403721868992,0.0541524284829696,16
2489.96,0.00465809553861618,0.0612464705482125,257
2490.93,NaN,NaN,NaN
2491.93,NaN,NaN,NaN
2492.97,NaN,NaN,NaN
2493.96,NaN,NaN,NaN
2495.01,NaN,NaN,NaN
2496.07,NaN,NaN,NaN
2496.93,0.00366442836821079,0.055765795831879,357
2497.79,NaN,NaN,NaN
2498.71,NaN,NaN,NaN
2499.64,NaN,NaN,NaN
2500.5,NaN,NaN,NaN
2502.07,NaN,NaN,NaN
2502.85,NaN,NaN,NaN
2503.83,NaN,NaN,NaN
2504.9,NaN,NaN,NaN
2505.88,NaN,NaN,NaN
2506.77,NaN,NaN,NaN
2507.76,NaN,NaN,NaN
2508.78,NaN,NaN,NaN
2509.75,NaN,NaN,NaN
2510.82,NaN,NaN,NaN
2511.89,NaN,NaN,NaN
2512.55,NaN,NaN,NaN
2513.39,NaN,NaN,NaN
2514.6,NaN,NaN,NaN
2515.64,NaN,NaN,NaN
2516.56,NaN,NaN,NaN
2517.53,NaN,NaN,NaN
2518.59,NaN,NaN,NaN
2519.59,NaN,NaN,NaN
2520.63,NaN,NaN,NaN
2521.68,NaN,NaN,NaN
2522.75,NaN,NaN,NaN
2523.87,NaN,NaN,NaN
2524.76,NaN,NaN,NaN
2525.78,NaN,NaN,NaN
2526.82,0.00542314909398556,0.0656439286346237,85
2531.28,NaN,NaN,NaN
2532.29,NaN,NaN,NaN
2533.67,0.00463510677218437,0.089275112375617,24
2534.96,NaN,NaN,NaN
2536.22,NaN,NaN,NaN
2537.33,0.0103659648448229,0.0680636313433449,74
2538.23,0.0114213954657316,0.0687940465286374,53
2539.11,0.00353238359093666,0.0635790986319383,74
2540.06,0.0050031766295433,0.0651862801363071,98
2541.07,0.00432923063635826,0.0748959338913361,334
2542.06,0.00482466630637646,0.0662157107144594,52
2543.03,0.00763334147632122,0.0615373098601898,73
2543.98,0.0133853852748871,0.060768014130493,122
2544.92,0.00474118813872337,0.0557308451582988,126
2545.89,0.00353741273283958,0.0484130134185155,47
2546.87,0.00918243080377579,0.0612037032842636,268
2547.85,NaN,NaN,NaN
2549.04,NaN,NaN,NaN
2550.18,NaN,NaN,NaN
2550.99,0.00445897504687309,0.0474524733920892,85
2551.84,0.00223601423203945,0.045913250806431,348
2552.83,0.00569602847099304,0.0387315588692824,358
2553.83,0.00894481875002384,0.0573486651604374,103
2554.87,0.00326618831604719,0.0319469915702939,84
2555.84,0.00192015990614891,0.0372511508564154,369
2556.69,0.00470825098454952,0.0459066986416777,98
2557.5,NaN,NaN,NaN
2558.64,NaN,NaN,NaN
2561.7,NaN,NaN,NaN
2561.5,NaN,NaN,NaN
2560.32,NaN,NaN,NaN
2562.95,0.0163124762475491,0.106029958774646,82
2563.87,0.0258513689041138,0.110622071971496,370
2564.74,0.0181805640459061,0.0923957948883374,132
2565.66,0.00452128984034061,0.0543059421082338,70
2566.58,0.0201501622796059,0.0936417921135823,56
2567.52,0.0552485324442387,0.124800624325871,128
2568.5,0.020731620490551,0.0887349297602971,95
2569.33,0.0071830078959465,0.0696657070269187,112
2570.28,0.00446318462491035,0.0424886976058284,93
2571.27,0.0146940369158983,0.0686386441811919,42
2572.3,0.00601413287222385,0.0562799094865719,122
2573.57,NaN,NaN,NaN
2574.69,0.0103230848908424,0.0453196289017797,98
2575.68,0.00338365882635117,0.0562305034448703,332
2576.67,0.00272170826792717,0.0385925862938166,74
2577.65,0.0084981881082058,0.0397282547007004,76
2578.64,0.00324154272675514,0.034501844085753,151
2579.68,0.0040699727833271,0.0460736096526186,61
2580.7,0.00842666998505592,0.0490308500205477,68
2581.64,0.00948267988860607,0.0542271248996258,48
2582.58,0.00410027988255024,0.0522035496930281,92
2583.54,0.00271294452250004,0.0440030718843142,69
2584.53,0.00771129131317139,0.049803857691586,64
2585.51,0.00191363319754601,0.0333735151216388,362
2586.5,0.00575012341141701,0.0431745446597536,82
2587.5,0.00150224845856428,0.0285333613865077,55
2588.5,0.00793015398085117,0.0438249663760265,68
2589.4,0.00624498352408409,0.0443877953415116,134
2590.32,0.00566131807863712,0.0475365081802011,87
2591.25,0.00302987359464169,0.0506506307671467,75
2594.44,0.00436857901513577,0.0529326424002647,366
2595.66,0.00322367995977402,0.0549826454371214,373
2596.96,0.00483702681958675,0.0484520932659507,46
2598.01,0.00846265442669392,0.0642403218274315,90
2599,0.0118672475218773,0.0607800222933292,68
2599.97,0.00896989554166794,0.0751290619373322,122
2600.96,0.00543973594903946,0.0685459102193515,365
2601.89,0.00570199452340603,0.0633325946206848,195
2602.85,0.00515686348080635,0.0693613663315773,90
2603.83,0.00619140639901161,0.0914416462182999,53
2604.81,0.00139610841870308,0.0626253752658765,90
2605.79,0.00424236059188843,0.0838134915878375,165
2606.78,0.0129981078207493,0.0821677315980196,364
2607.77,0.0072264987975359,0.06879823996375,97
2608.75,0.00571992620825768,0.0581522683302561,128
2609.73,0.013723511248827,0.0824278220534325,61
2610.7,0.00249531492590904,0.066029521326224,92
2611.67,0.00322144851088524,0.0600005860129992,30
2612.72,0.00456102006137371,0.0590602519611518,94
2613.78,0.00390780717134476,0.0715450619657834,20
2614.77,0.00624635815620422,0.0581995273629824,81
2615.72,0.00331443920731544,0.0731061783929666,0
2616.66,0.00321066007018089,0.0636869439234336,77
2617.63,0.00676976144313812,0.0753079236795505,67
2618.62,0.00353186950087547,0.0757809535910686,30
2619.6,0.0037580206990242,0.074644456927975,43
2620.6,0.00641488470137119,0.0620802268385887,44
2621.65,0.00195394083857536,0.0742933079600334,357
2622.71,0.0018945150077343,0.0650394676874081,318
2623.71,0.00313242897391319,0.0746038338790337,61
2624.66,0.00355423614382744,0.0747039585063855,355
2625.61,0.00593177229166031,0.0865747686475515,336
2626.57,0.0257789939641953,0.121573700880011,24
2627.55,0.00328753888607025,0.0873349662870169,364
2628.54,0.00262894481420517,0.0671887497107188,368
2629.63,0.00438395701348782,0.0633940293143193,-11
2630.68,NaN,NaN,NaN
2631.61,0.0175523906946182,0.146170119444529,148
2632.58,0.00586865097284317,0.0904484571268161,94
2633.58,NaN,NaN,NaN
2634.56,0.00855647772550583,0.104874054590861,35
2635.55,0.0226369723677635,0.122145062312484,118
2636.58,0.00430864840745926,0.0909615320463975,373
2637.6,NaN,NaN,NaN
2638.59,0.0272467732429504,0.119960996011893,261
2639.58,0.0139820948243141,0.141877894600232,284
2640.57,NaN,NaN,NaN
2641.56,NaN,NaN,NaN
2642.55,0.0477205030620098,0.140502849593759,306
2643.53,0.0691103488206863,0.198874053855737,319
2644.5,NaN,NaN,NaN
2645.5,0.0111135244369507,0.0999179817736149,299
2646.48,0.00936206802725792,0.104652261982361,2
2647.38,0.00827758386731148,0.107357644786437,61
2648.31,0.0182650573551655,0.128552668417493,73
2649.38,0.0066211074590683,0.0816735364496708,109
2650.41,NaN,NaN,NaN
2651.3,NaN,NaN,NaN
2652.19,NaN,NaN,NaN
2653.3,NaN,NaN,NaN
2654.54,NaN,NaN,NaN
2655.5,NaN,NaN,NaN
2656.76,NaN,NaN,NaN
2657.89,NaN,NaN,NaN
2658.11,NaN,NaN,NaN
2658.64,NaN,NaN,NaN
2660.61,NaN,NaN,NaN
2661.66,0.00904194638133049,0.069899986187617,257
2662.48,0.0169175304472446,0.118839786077539,94
2663.39,0.00333879142999649,0.0709249501427015,15
2664.26,0.00291864015161991,0.05842968976746,32
2665.17,0.00814309343695641,0.0715824080010255,222
2666.19,0.0124944224953651,0.0826165160785119,212
2667.18,NaN,NaN,NaN
2668.12,NaN,NaN,NaN
2669.1,NaN,NaN,NaN
2670.1,NaN,NaN,NaN
2671.1,NaN,NaN,NaN
2672.12,NaN,NaN,NaN
2673.1,NaN,NaN,NaN
2674.14,NaN,NaN,NaN
2675.3,NaN,NaN,NaN
2676.35,NaN,NaN,NaN
2677.41,NaN,NaN,NaN
2679.5,NaN,NaN,NaN
2679.57,NaN,NaN,NaN
2679.67,0.00699972733855247,0.0983419405917327,115
2680.67,0.0177927948534489,0.114256273334225,376
2681.66,0.00910559296607971,0.130156295994918,23
2682.85,NaN,NaN,NaN
2684.14,NaN,NaN,NaN
2685.24,NaN,NaN,NaN
2685.86,NaN,NaN,NaN
2686.36,NaN,NaN,NaN
2688.38,NaN,NaN,NaN
2689.2,NaN,NaN,NaN
2690.15,NaN,NaN,NaN
2691.18,NaN,NaN,NaN
2692.26,NaN,NaN,NaN
2693.2,NaN,NaN,NaN
2694.03,NaN,NaN,NaN
2695.05,NaN,NaN,NaN
2696.15,NaN,NaN,NaN
2697,NaN,NaN,NaN
2698.22,NaN,NaN,NaN
2699.47,NaN,NaN,NaN
2700.04,NaN,NaN,NaN
2700.89,NaN,NaN,NaN
2702,NaN,NaN,NaN
2703.01,NaN,NaN,NaN
2703.99,NaN,NaN,NaN
2705.11,NaN,NaN,NaN
2706.19,NaN,NaN,NaN
2707.09,NaN,NaN,NaN
2708.04,NaN,NaN,NaN
2709.3,NaN,NaN,NaN
2710.5,NaN,NaN,NaN
2711.39,NaN,NaN,NaN
2712.5,NaN,NaN,NaN
2712.96,0.0129591003060341,0.142058865477641,37
2713.88,0.0355219542980194,0.165994880100091,285
2715.03,NaN,NaN,NaN
2716.13,NaN,NaN,NaN
2717.14,NaN,NaN,NaN
2718.04,0.03457111120224,0.16832327346007,281
2718.98,NaN,NaN,NaN
2719.98,NaN,NaN,NaN
2720.99,NaN,NaN,NaN
2721.98,NaN,NaN,NaN
2722.94,NaN,NaN,NaN
2723.95,NaN,NaN,NaN
2725.01,NaN,NaN,NaN
2726.19,NaN,NaN,NaN
2727.26,NaN,NaN,NaN
2728.12,NaN,NaN,NaN
2728.98,NaN,NaN,NaN
2729.89,NaN,NaN,NaN
2730.86,NaN,NaN,NaN
2731.86,NaN,NaN,NaN
2732.9,NaN,NaN,NaN
2733.89,NaN,NaN,NaN
2735.32,NaN,NaN,NaN
2736.5,NaN,NaN,NaN
2736.5,NaN,NaN,NaN
2737.84,NaN,NaN,NaN
2738.97,0.00532282888889313,0.0526361931115389,43
2739.94,0.00725283101201057,0.0674892918517192,351
2740.84,0.0105853453278542,0.0816392072786887,307
2741.81,0.0449866279959679,0.135473174353441,303
2742.88,0.0177046433091164,0.0886160209774971,284
2743.87,0.00240490585565567,0.0765563746293386,3
2744.76,0.00846986100077629,0.0927277275671562,122
2745.73,0.00516167283058167,0.0804416891187429,349
2746.77,0.0122313387691975,0.0726932939141989,93
2747.79,NaN,NaN,NaN
2885.4,NaN,NaN,NaN
2886.33,NaN,NaN,NaN
2887.57,NaN,NaN,NaN
2888.37,0.0379504635930061,0.19141486287117,172
2889.16,NaN,NaN,NaN
2890.37,NaN,NaN,NaN
2891.56,NaN,NaN,NaN
2892.49,0.00564076751470566,0.0548845632001758,376
2893.01,0.00792744942009449,0.0610621481512984,92
2894.07,NaN,NaN,NaN
2895.63,NaN,NaN,NaN
2896.08,0.00197381898760796,0.049903806609412,9
2896.67,NaN,NaN,NaN
2898.14,NaN,NaN,NaN
2899.5,0.00942643359303474,0.0608101806913813,46
2901.3,0.00588096305727959,0.0719781859467427,85
2902.5,NaN,NaN,NaN
2901.5,NaN,NaN,NaN
2901.5,NaN,NaN,NaN
2903.36,NaN,NaN,NaN
2904.81,NaN,NaN,NaN
2906.03,NaN,NaN,NaN
2907.05,NaN,NaN,NaN
2908.01,NaN,NaN,NaN
2909.08,NaN,NaN,NaN
2910.11,NaN,NaN,NaN
2911.2,NaN,NaN,NaN
2912.23,NaN,NaN,NaN
2913.08,NaN,NaN,NaN
2774.5,NaN,NaN,NaN
2773.51,NaN,NaN,NaN
2772.54,NaN,NaN,NaN
2771.59,0.00270747765898705,0.0448513071363171,6
2770.68,0.0106727629899979,0.0829097591340542,221
2769.61,0.00676961243152618,0.0800100931276878,208
2768.52,0.00177003815770149,0.0819114514937003,349
2767.5,0.0175704099237919,0.108959053332607,78
2766.54,0.0157000180333853,0.0654812697321177,291
2765.59,0.00700664892792702,0.0552115142345428,247
2764.63,0.010224774479866,0.0716222605357568,309
2763.61,0.0038850661367178,0.0526614726210634,315
2762.58,0.0161451995372772,0.0991222051282724,328
2761.58,0.0169058032333851,0.123711279282967,351
2760.58,0.00244050472974777,0.0683240896711747,310
2759.58,0.00700068846344948,0.0995982121676207,66
2758.5,NaN,NaN,NaN
2757.45,0.00920407846570015,0.0870065037161112,217
2756.46,0.0417598634958267,0.156382898489634,28
2755.46,0.0251552239060402,0.126499397680163,362
2754.5,0.00718837231397629,0.0959634172419707,25
2753.53,0.0575319677591324,0.172810629010201,376
2752.51,0.0247420519590378,0.194862976670265,93
2751.48,0.0112228356301785,0.0751341513047616,54
2750.47,NaN,NaN,NaN
2749.19,NaN,NaN,NaN
2775.03,NaN,NaN,NaN
2776.11,NaN,NaN,NaN
2777.5,NaN,NaN,NaN
2778.5,0.00967562943696976,0.0695724446947376,55
2778.96,0.00513373129069805,0.0409376341849566,49
2779.5,NaN,NaN,NaN
2780.49,NaN,NaN,NaN
2780.5,NaN,NaN,NaN
2783.81,NaN,NaN,NaN
2785.5,NaN,NaN,NaN
2785.5,NaN,NaN,NaN
2786.16,NaN,NaN,NaN
2787.28,NaN,NaN,NaN
2788.31,NaN,NaN,NaN
2789.34,NaN,NaN,NaN
2790.31,NaN,NaN,NaN
2791.24,NaN,NaN,NaN
2792.25,NaN,NaN,NaN
2793.26,NaN,NaN,NaN
2794.25,NaN,NaN,NaN
2795.17,NaN,NaN,NaN
2796.03,NaN,NaN,NaN
2797.17,NaN,NaN,NaN
2798.46,NaN,NaN,NaN
2799.54,NaN,NaN,NaN
2800.51,NaN,NaN,NaN
2801.31,NaN,NaN,NaN
2802.04,NaN,NaN,NaN
2803.02,NaN,NaN,NaN
2804.13,NaN,NaN,NaN
2805.18,NaN,NaN,NaN
2806.44,NaN,NaN,NaN
2807.97,NaN,NaN,NaN
2808.43,0.00496318563818932,0.0430342576776942,19
2809.06,0.00921794027090073,0.0716140245397886,58
2810.1,NaN,NaN,NaN
2811.25,NaN,NaN,NaN
2812.36,NaN,NaN,NaN
2813.33,NaN,NaN,NaN
2814.22,NaN,NaN,NaN
2815.16,NaN,NaN,NaN
2816.21,NaN,NaN,NaN
2817.34,NaN,NaN,NaN
2818.49,NaN,NaN,NaN
2819.41,0.0052621141076088,0.0584492270524303,43
2820.15,0.00739913620054722,0.0558927136783799,66
2821.09,NaN,NaN,NaN
2822.18,NaN,NaN,NaN
2823.23,NaN,NaN,NaN
2824.26,NaN,NaN,NaN
2825.28,0.00519892014563084,0.0578286604334911,78
2826.3,0.0352931395173073,0.111939797177911,35
2827.24,0.00359110720455647,0.0593427109221617,362
2828.11,0.00966211408376694,0.0713738836348057,39
2829.07,0.00470734760165215,0.0482242926955223,313
2830.08,NaN,NaN,NaN
2831.12,NaN,NaN,NaN
2832.16,NaN,NaN,NaN
2833.13,NaN,NaN,NaN
2834.07,NaN,NaN,NaN
2835.01,NaN,NaN,NaN
2836.03,NaN,NaN,NaN
2837.13,NaN,NaN,NaN
2838.27,NaN,NaN,NaN
2839.3,NaN,NaN,NaN
2840.21,NaN,NaN,NaN
2841.08,NaN,NaN,NaN
2842.03,NaN,NaN,NaN
2843.25,NaN,NaN,NaN
2844.37,NaN,NaN,NaN
2845.31,NaN,NaN,NaN
2846.21,NaN,NaN,NaN
2847.05,NaN,NaN,NaN
2848.05,NaN,NaN,NaN
2849.17,NaN,NaN,NaN
2850.15,NaN,NaN,NaN
2851.35,NaN,NaN,NaN
2852.05,NaN,NaN,NaN
2852.98,NaN,NaN,NaN
2854.33,NaN,NaN,NaN
2855.46,NaN,NaN,NaN
2855.36,0.0013873279094696,0.0378751972069343,47
2856.53,NaN,NaN,NaN
2857.84,NaN,NaN,NaN
2858.93,NaN,NaN,NaN
2860.12,NaN,NaN,NaN
2861.14,NaN,NaN,NaN
2862.09,NaN,NaN,NaN
2863.02,NaN,NaN,NaN
2863.99,NaN,NaN,NaN
2864.87,NaN,NaN,NaN
2865.87,NaN,NaN,NaN
2866.99,NaN,NaN,NaN
2868.05,NaN,NaN,NaN
2868.97,NaN,NaN,NaN
2869.87,NaN,NaN,NaN
2870.85,NaN,NaN,NaN
2871.87,NaN,NaN,NaN
2872.97,NaN,NaN,NaN
2874.04,NaN,NaN,NaN
2875.07,NaN,NaN,NaN
2876.09,NaN,NaN,NaN
2877,NaN,NaN,NaN
2877.96,NaN,NaN,NaN
2879.06,NaN,NaN,NaN
2880.1,NaN,NaN,NaN
2881.14,NaN,NaN,NaN
2882.11,0.0100767370313406,0.0666334883620342,133
2882.98,NaN,NaN,NaN
2883.86,NaN,NaN,NaN
2914.22,NaN,NaN,NaN
2920.78,NaN,NaN,NaN
2921.85,NaN,NaN,NaN
2922.85,NaN,NaN,NaN
2923.87,NaN,NaN,NaN
2924.87,NaN,NaN,NaN
2925.77,NaN,NaN,NaN
2926.68,NaN,NaN,NaN
2927.68,NaN,NaN,NaN
2928.76,NaN,NaN,NaN
2929.75,NaN,NaN,NaN
2930.66,NaN,NaN,NaN
2931.68,NaN,NaN,NaN
2932.74,NaN,NaN,NaN
2933.78,NaN,NaN,NaN
2934.82,0.00742896646261215,0.10013504140079,9
2935.78,0.00658489763736725,0.102964684988062,13
2936.63,0.00850356742739677,0.0848339640845855,69
2937.5,NaN,NaN,NaN
2938.48,NaN,NaN,NaN
2939.47,NaN,NaN,NaN
2940.49,0.00294344872236252,0.0654600330938895,371
2941.52,0.00682605430483818,0.0797359819213549,-2
2942.52,0.00308273918926716,0.0490418812260032,89
2943.52,NaN,NaN,NaN
2944.5,NaN,NaN,NaN
2945.5,NaN,NaN,NaN
2946.49,NaN,NaN,NaN
2947.49,NaN,NaN,NaN
2948.52,NaN,NaN,NaN
2949.53,0.00297248736023903,0.0446216374014815,14
2950.49,0.00905064679682255,0.0683941449970007,102
2951.47,0.00209271535277367,0.0503055589894454,356
2952.46,0.00153978168964386,0.0347731666018566,279
2953.44,0.00308350101113319,0.0459292074665427,60
2954.43,0.00364021584391594,0.0784325400988261,373
2955.42,0.00485037080943584,0.0499598933383822,127
2956.39,0.00407284870743752,0.0682853925973177,352
2957.36,0.00268761441111565,0.0441307763879498,168
2958.32,0.00179987214505672,0.039980002058049,51
2959.25,0.002607187256217,0.0524550310025612,42
2960.21,0.00483966246247292,0.0526704996203383,316
2961.21,0.00816106796264648,0.0418943470964829,291
2962.2,NaN,NaN,NaN
2963.25,NaN,NaN,NaN
2964.37,NaN,NaN,NaN
2965.43,NaN,NaN,NaN
2966.36,0.0164718199521303,0.062321271126469,340
2967.24,0.0243600197136402,0.122807652999957,307
2968.2,0.00831002369523048,0.0599194330473741,287
2969.22,0.00820051319897175,0.0517211416736245,351
2970.21,0.0118366442620754,0.0681002850954731,274
2971.2,0.00563964247703552,0.0491032097488642,199
2972.23,0.00568568706512451,0.0605560975770156,351
2973.36,0.00448033586144447,0.056558166941007,228
2974.36,0.00673710554838181,0.056963635298113,315
2975.21,0.000543974339962006,0.0343132506435116,45
2976.1,0.00225738808512688,0.0501753228406111,351
2977.13,0.00539757683873177,0.0540108469625314,190
2978.12,0.00285392999649048,0.0445899584641059,322
2978.96,0.00488554500043392,0.0497964167346557,63
2979.73,NaN,NaN,NaN
2980.8,NaN,NaN,NaN
2982.07,NaN,NaN,NaN
2982.09,NaN,NaN,NaN
2982.5,NaN,NaN,NaN
2985.3,NaN,NaN,NaN
2986.41,NaN,NaN,NaN
2987.46,NaN,NaN,NaN
2988.59,NaN,NaN,NaN
2989.74,NaN,NaN,NaN
2990.74,0.0111159645020962,0.0958044944951932,233
2991.54,NaN,NaN,NaN
2992.35,0.00477251037955284,0.0854290425777435,67
2993.34,0.0125235058367252,0.132163847486178,76
2994.4,0.00791967287659645,0.128445185720921,22
2995.44,NaN,NaN,NaN
2996.5,NaN,NaN,NaN
2997.44,0.00472897291183472,0.0917069495966037,34
2998.48,NaN,NaN,NaN
2999.5,NaN,NaN,NaN
3000.49,NaN,NaN,NaN
3001.47,0.0113847963511944,0.0668509822959701,133
3002.52,0.00745463743805885,0.095737723633647,324
3003.34,NaN,NaN,NaN
3004.08,0.00301677919924259,0.057005966703097,80
3005.11,NaN,NaN,NaN
3006.38,NaN,NaN,NaN
3007.65,NaN,NaN,NaN
3008.52,NaN,NaN,NaN
3009.29,NaN,NaN,NaN
3010.15,NaN,NaN,NaN
3011.86,0.0111427940428257,0.11767628416419,102
3012.94,NaN,NaN,NaN
3014.13,NaN,NaN,NaN
3015.33,NaN,NaN,NaN
3016.36,NaN,NaN,NaN
3017.48,NaN,NaN,NaN
3018.5,NaN,NaN,NaN
3019.38,NaN,NaN,NaN
3020.5,NaN,NaN,NaN
3021.56,NaN,NaN,NaN
3022.49,NaN,NaN,NaN
3023.45,NaN,NaN,NaN
3024.5,NaN,NaN,NaN
3025.75,NaN,NaN,NaN
3026.69,NaN,NaN,NaN
3027.7,NaN,NaN,NaN
3028.74,NaN,NaN,NaN
3034.01,NaN,NaN,NaN
3035.63,NaN,NaN,NaN
3036.74,NaN,NaN,NaN
3037.65,NaN,NaN,NaN
3038.56,NaN,NaN,NaN
3039.43,NaN,NaN,NaN
3040.39,NaN,NaN,NaN
3041.5,NaN,NaN,NaN
3042.47,NaN,NaN,NaN
3043.41,NaN,NaN,NaN
3044.53,NaN,NaN,NaN
3045.68,NaN,NaN,NaN
3046.6,NaN,NaN,NaN
3047.5,NaN,NaN,NaN
3048.5,NaN,NaN,NaN
3049.29,NaN,NaN,NaN
3050.4,NaN,NaN,NaN
3051.63,NaN,NaN,NaN
3052.64,NaN,NaN,NaN
3054.53,NaN,NaN,NaN
3057.5,NaN,NaN,NaN
3058.56,NaN,NaN,NaN
3059.45,NaN,NaN,NaN
3060.35,NaN,NaN,NaN
3061.3,NaN,NaN,NaN
3062.29,NaN,NaN,NaN
3063.25,NaN,NaN,NaN
3064.15,NaN,NaN,NaN
3065.04,NaN,NaN,NaN
3066.11,NaN,NaN,NaN
3067.28,NaN,NaN,NaN
3068.41,NaN,NaN,NaN
3069.6,NaN,NaN,NaN
3070.58,NaN,NaN,NaN
3071.48,NaN,NaN,NaN
3073.86,NaN,NaN,NaN
3075.23,NaN,NaN,NaN
3076.39,NaN,NaN,NaN
3077.22,NaN,NaN,NaN
3077.98,NaN,NaN,NaN
3078.86,NaN,NaN,NaN
3079.92,NaN,NaN,NaN
3081.31,NaN,NaN,NaN
3082.85,NaN,NaN,NaN
3083.62,NaN,NaN,NaN
3083.74,NaN,NaN,NaN
3084.51,NaN,NaN,NaN
3085.55,NaN,NaN,NaN
3086.67,NaN,NaN,NaN
3087.74,NaN,NaN,NaN
3091.59,NaN,NaN,NaN
3092.57,NaN,NaN,NaN
3093.54,NaN,NaN,NaN
3094.59,NaN,NaN,NaN
3095.53,NaN,NaN,NaN
3096.38,NaN,NaN,NaN
3097.37,NaN,NaN,NaN
3098.28,NaN,NaN,NaN
3105.36,NaN,NaN,NaN
3106.36,NaN,NaN,NaN
3107.3,NaN,NaN,NaN
3108.2,NaN,NaN,NaN
3130.68,NaN,NaN,NaN
3131.76,NaN,NaN,NaN
3132.85,NaN,NaN,NaN
3133.92,NaN,NaN,NaN
3134.95,NaN,NaN,NaN
3140.43,NaN,NaN,NaN
3141.45,NaN,NaN,NaN
3142.48,NaN,NaN,NaN
3143.5,NaN,NaN,NaN
3144.54,NaN,NaN,NaN
3145.53,NaN,NaN,NaN
3146.57,NaN,NaN,NaN
3147.63,NaN,NaN,NaN
3148.65,NaN,NaN,NaN
3149.62,NaN,NaN,NaN
3150.57,NaN,NaN,NaN
3151.52,NaN,NaN,NaN
3152.5,NaN,NaN,NaN
3153.5,NaN,NaN,NaN
3154.54,NaN,NaN,NaN
3155.52,NaN,NaN,NaN
3156.49,NaN,NaN,NaN
3157.39,NaN,NaN,NaN
3158.24,NaN,NaN,NaN
3159.16,NaN,NaN,NaN
3160.13,NaN,NaN,NaN
3175.88,NaN,NaN,NaN
3176.98,NaN,NaN,NaN
3185.22,NaN,NaN,NaN
3186.2,NaN,NaN,NaN
3187.14,NaN,NaN,NaN
3188.07,NaN,NaN,NaN
3189.01,NaN,NaN,NaN
3190.08,NaN,NaN,NaN
3191.17,NaN,NaN,NaN
3192.14,NaN,NaN,NaN
3193.09,NaN,NaN,NaN
3194.28,NaN,NaN,NaN
3195.17,NaN,NaN,NaN
3196.13,NaN,NaN,NaN
3197.14,NaN,NaN,NaN
3198.09,NaN,NaN,NaN
3198.98,NaN,NaN,NaN
3199.92,NaN,NaN,NaN
3200.93,NaN,NaN,NaN
3201.96,NaN,NaN,NaN
3202.95,NaN,NaN,NaN
3203.99,NaN,NaN,NaN
3205.17,NaN,NaN,NaN
3206.35,NaN,NaN,NaN
3207.23,NaN,NaN,NaN
3207.93,NaN,NaN,NaN
3208.77,NaN,NaN,NaN
3209.64,NaN,NaN,NaN
3210.57,NaN,NaN,NaN
3211.53,NaN,NaN,NaN
3212.4,NaN,NaN,NaN
3213.5,NaN,NaN,NaN
3220.74,NaN,NaN,NaN
3221.79,NaN,NaN,NaN
3222.68,NaN,NaN,NaN
3223.5,NaN,NaN,NaN
3224.5,NaN,NaN,NaN
3225.76,NaN,NaN,NaN
3226.41,NaN,NaN,NaN
3227.12,NaN,NaN,NaN
3228.14,NaN,NaN,NaN
4123.9,NaN,NaN,NaN
4123.9,NaN,NaN,NaN
4123.9,NaN,NaN,NaN
4123.9,NaN,NaN,NaN
4123.9,NaN,NaN,NaN
4123.9,NaN,NaN,NaN
4123.9,NaN,NaN,NaN
4123.9,NaN,NaN,NaN
4123.9,NaN,NaN,NaN
4003.5,NaN,NaN,NaN
4003.5,NaN,NaN,NaN
4003.5,NaN,NaN,NaN
4003.48,NaN,NaN,NaN
4003.42,NaN,NaN,NaN
4003.37,NaN,NaN,NaN
4003.3,NaN,NaN,NaN
4003.25,NaN,NaN,NaN
4003.19,NaN,NaN,NaN
4003.14,NaN,NaN,NaN
4003.09,NaN,NaN,NaN
4003.04,NaN,NaN,NaN
4003,NaN,NaN,NaN
4003,NaN,NaN,NaN
4003,NaN,NaN,NaN
4003,NaN,NaN,NaN
4123.9,NaN,NaN,NaN
4123.9,NaN,NaN,NaN
4123.9,NaN,NaN,NaN
4123.9,NaN,NaN,NaN
4123.9,NaN,NaN,NaN
4123.9,NaN,NaN,NaN
4123.9,NaN,NaN,NaN
4123.9,NaN,NaN,NaN
4123.9,NaN,NaN,NaN
4123.9,NaN,NaN,NaN
4123.9,NaN,NaN,NaN
4123.9,NaN,NaN,NaN
4123.9,NaN,NaN,NaN
4123.9,NaN,NaN,NaN
4123.9,NaN,NaN,NaN
4123.9,NaN,NaN,NaN
4123.9,NaN,NaN,NaN
4123.9,NaN,NaN,NaN
4123.9,NaN,NaN,NaN
4123.9,NaN,NaN,NaN
4123.9,NaN,NaN,NaN
4123.9,NaN,NaN,NaN
4375,NaN,NaN,NaN
4375,NaN,NaN,NaN
4375,NaN,NaN,NaN
4375,NaN,NaN,NaN
4375,NaN,NaN,NaN
3232.02,NaN,NaN,NaN
3233.5,NaN,NaN,NaN
3234.9,NaN,NaN,NaN
3235.94,NaN,NaN,NaN
3237.07,NaN,NaN,NaN
3238.2,NaN,NaN,NaN
3239.2,NaN,NaN,NaN
3240,NaN,NaN,NaN
3240.83,NaN,NaN,NaN
3241.82,NaN,NaN,NaN
3242.76,NaN,NaN,NaN
3243.69,NaN,NaN,NaN
3244.68,NaN,NaN,NaN
3245.68,NaN,NaN,NaN
3246.72,NaN,NaN,NaN
3247.78,NaN,NaN,NaN
3248.82,NaN,NaN,NaN
3249.85,NaN,NaN,NaN
3250.92,NaN,NaN,NaN
3252.07,NaN,NaN,NaN
3253.01,NaN,NaN,NaN
3253.92,NaN,NaN,NaN
3254.83,NaN,NaN,NaN
3255.7,NaN,NaN,NaN
3256.69,NaN,NaN,NaN
3257.71,NaN,NaN,NaN
3258.62,NaN,NaN,NaN
3259.53,NaN,NaN,NaN
3260.69,NaN,NaN,NaN
3261.88,NaN,NaN,NaN
3262.86,NaN,NaN,NaN
3263.84,NaN,NaN,NaN
3264.83,NaN,NaN,NaN
3265.83,NaN,NaN,NaN
3266.91,NaN,NaN,NaN
3267.94,NaN,NaN,NaN
3268.77,NaN,NaN,NaN
3269.69,NaN,NaN,NaN
3270.74,NaN,NaN,NaN
3271.7,NaN,NaN,NaN
3272.66,NaN,NaN,NaN
3273.58,NaN,NaN,NaN
3274.5,NaN,NaN,NaN
3275.41,NaN,NaN,NaN
3276.34,NaN,NaN,NaN
3277.32,NaN,NaN,NaN
3278.43,NaN,NaN,NaN
3279.53,NaN,NaN,NaN
3280.5,NaN,NaN,NaN
3281.45,NaN,NaN,NaN
3282.43,NaN,NaN,NaN
3283.44,NaN,NaN,NaN
3284.44,NaN,NaN,NaN
3285.41,NaN,NaN,NaN
3286.39,NaN,NaN,NaN
3287.36,NaN,NaN,NaN
3288.36,NaN,NaN,NaN
3289.42,NaN,NaN,NaN
3290.51,NaN,NaN,NaN
3291.52,NaN,NaN,NaN
3292.51,NaN,NaN,NaN
3293.5,NaN,NaN,NaN
3294.49,NaN,NaN,NaN
3295.41,NaN,NaN,NaN
3296.32,NaN,NaN,NaN
3297.32,NaN,NaN,NaN
3298.32,NaN,NaN,NaN
3299.33,NaN,NaN,NaN
3300.3,NaN,NaN,NaN
3301.27,NaN,NaN,NaN
3302.25,NaN,NaN,NaN
3303.26,NaN,NaN,NaN
3304.29,NaN,NaN,NaN
3305.36,NaN,NaN,NaN
3306.43,NaN,NaN,NaN
3307.44,NaN,NaN,NaN
3308.42,NaN,NaN,NaN
3309.41,NaN,NaN,NaN
3310.36,0.00370291993021965,0.051558398331205,367
3311.28,0.000977193936705589,0.0364420795813203,11
3312.25,0.00200309045612812,0.0326547094931205,68
3313.25,0.00299709290266037,0.0345311450461547,67
3314.25,0.00204022973775864,0.0359931411221623,29
3315.22,NaN,NaN,NaN
3316.2,NaN,NaN,NaN
3317.19,NaN,NaN,NaN
3318.23,NaN,NaN,NaN
3319.31,NaN,NaN,NaN
3320.24,NaN,NaN,NaN
3321.06,NaN,NaN,NaN
3321.96,NaN,NaN,NaN
3322.93,NaN,NaN,NaN
3323.96,NaN,NaN,NaN
3324.97,0.000795301049947739,0.0327437104036411,22
3325.97,0.0012410432100296,0.0367123410105705,-5
3326.95,0.0043165311217308,0.0405767957369486,44
3327.92,0.000473091844469309,0.0149546337779611,363
4375,NaN,NaN,NaN
4375,NaN,NaN,NaN
4375,NaN,NaN,NaN
4375,NaN,NaN,NaN
4375,NaN,NaN,NaN
4375,NaN,NaN,NaN
4375,NaN,NaN,NaN
4375,NaN,NaN,NaN
3329.33,NaN,NaN,NaN
3330.31,NaN,NaN,NaN
3331.29,NaN,NaN,NaN
3332.27,NaN,NaN,NaN
3333.26,NaN,NaN,NaN
3334.25,NaN,NaN,NaN
3335.23,NaN,NaN,NaN
3350.22,NaN,NaN,NaN
3352.92,NaN,NaN,NaN
3354.25,NaN,NaN,NaN
3355.32,NaN,NaN,NaN
3356.45,NaN,NaN,NaN
3357.58,NaN,NaN,NaN
3358.55,NaN,NaN,NaN
3359.53,NaN,NaN,NaN
3360.39,NaN,NaN,NaN
3361.17,NaN,NaN,NaN
3362.14,NaN,NaN,NaN
3363.25,NaN,NaN,NaN
3364.11,NaN,NaN,NaN
3365.03,NaN,NaN,NaN
3366.08,NaN,NaN,NaN
3367.05,NaN,NaN,NaN
3368.26,NaN,NaN,NaN
4517.34,NaN,NaN,NaN
4517.34,NaN,NaN,NaN
4517.33,NaN,NaN,NaN
4517.32,NaN,NaN,NaN
4517.31,NaN,NaN,NaN
4517.31,NaN,NaN,NaN
4517.3,NaN,NaN,NaN
4517.3,NaN,NaN,NaN
4517.29,NaN,NaN,NaN
4517.29,NaN,NaN,NaN
4517.29,NaN,NaN,NaN
4517.28,NaN,NaN,NaN
4517.28,NaN,NaN,NaN
4517.27,NaN,NaN,NaN
4517.5,NaN,NaN,NaN
4517.5,NaN,NaN,NaN
4517.5,NaN,NaN,NaN
4517.5,NaN,NaN,NaN
4517.5,NaN,NaN,NaN
4517.5,NaN,NaN,NaN
4517.5,NaN,NaN,NaN
3375.53,0.000679966993629932,0.0175700920323531,89
3376.47,0.00156731717288494,0.0342047285909454,-8
3377.52,0.00232150126248598,0.025407519346724,158
3378.58,0.00130369607359171,0.0267169570239882,48
3379.56,0.00106490589678288,0.0219523902051151,354
3380.61,0.000483868643641472,0.0224799257703125,6
3381.63,0.0258977524936199,0.149047043795387,174
3382.62,0.00216152891516685,0.0341474354888002,364
3383.58,0.00114699639379978,0.0344397791971763,80
3384.53,0.00183470733463764,0.033075752047201,57
3385.52,0.00095532089471817,0.0363295869901776,53
3386.51,0.00158006884157658,0.0424781491359075,363
3387.5,0.000750225968658924,0.0301152467727661,21
3388.51,0.00282757729291916,0.0446381385748585,341
3389.54,0.00140696577727795,0.0414953222498298,63
3390.55,0.00240384787321091,0.0361490460733573,320
3391.5,0.000943202525377274,0.0406183109929164,329
3392.44,0.00124727748334408,0.0482597242419918,101
3393.41,0.00279836729168892,0.0430006782213847,39
3394.4,0.000902265310287476,0.0497998585924506,49
3395.39,0.0020244475454092,0.0462613077834249,-2
3396.38,0.00121982768177986,0.050837650274237,364
3397.36,0.00343667529523373,0.0509941022222241,69
3398.35,0.00939135998487473,0.0549242937316497,116
3399.34,0.00609502755105495,0.0558301362519463,123
3400.33,0.000773971900343895,0.0406121434643865,363
3401.32,0.00576409883797169,0.0592069970443845,351
3402.33,0.00230334140360355,0.0448373015969992,330
3403.37,0.00303405337035656,0.0629779749239485,346
3404.38,0.00102380663156509,0.0447397207220395,323
3405.36,0.00120891630649567,0.0569056393578649,362
3406.36,0.00686843879520893,0.0562501270323992,32
3407.36,0.00144841335713863,0.0565293276061614,88
3408.34,0.00207165442407131,0.0403868270417055,51
3409.32,0.00161439459770918,0.0278794009548922,102
3410.29,0.00095488503575325,0.0395948256676396,358
3411.27,0.00496206805109978,0.054920523116986,85
3412.26,0.00390064343810081,0.0510401682307323,3
3413.28,0.00446326658129692,0.0689083480586608,339
3414.29,0.00137581303715706,0.0511438890049855,18
3415.28,0.00077841617166996,0.0410457321753105,19
3416.27,0.00410188920795918,0.055566679375867,96
3417.25,0.00278552807867527,0.0473047653213143,36
3418.2,0.000987926498055458,0.044854740301768,86
3419.16,0.00280173309147358,0.0608949329083165,37
3420.13,0.00586679205298424,0.0486454910909136,15
3421.12,0.00468115136027336,0.0520136458799243,48
3422.11,0.00303812325000763,0.0475471916918953,82
3423.1,0.00115672871470451,0.0498415880526106,41
3424.09,0.0124657265841961,0.127610847353935,114
3425.07,0.00162661448121071,0.0327357208977143,35
3426.06,0.00141466967761517,0.0348802202691635,362
3427.05,0.00215305760502815,0.0554309605310361,369
3428.04,0.00524253211915493,0.0544926626607776,361
3429.03,0.00154637265950441,0.0284742983058095,297
3430.03,0.00146477855741978,0.044397578574717,94
3431.03,0.000813692808151245,0.046179120739301,64
3432.02,0.00254598818719387,0.0617129287372033,53
3433.01,NaN,NaN,NaN
3434,NaN,NaN,NaN
3434.97,NaN,NaN,NaN
3435.94,NaN,NaN,NaN
3436.94,NaN,NaN,NaN
3437.95,0.0022953562438488,0.0497251950825254,25
3438.95,0.00146454945206642,0.0390999102964997,79
3439.94,0.0227229632437229,0.145465036233266,369
3440.93,0.00112500507384539,0.031381078530103,76
3441.93,0.00578973814845085,0.0521009179453055,96
3442.92,0.0024359542876482,0.0388019612679879,53
3443.9,0.00110997352749109,0.0307517484761775,36
3444.8,0.00464331544935703,0.0380670195445418,196
3445.72,0.000675163231790066,0.0165197180273632,89
3446.71,5.77631872147322e-05,0.00417249028881391,47
3447.7,0.00260244030505419,0.0219948069813351,135
3448.68,0.000951929017901421,0.019455596494178,49
3449.67,0.00110525079071522,0.0191899174824357,-3
3450.66,0.000480446498841047,0.0155874268772701,135
3451.65,0.00105608673766255,0.0136410927710434,71
3452.69,0.00416147150099277,0.0277249903107683,50
3453.75,0.000748543068766594,0.0161102476219336,196
3454.76,NaN,NaN,NaN
3455.69,NaN,NaN,NaN
3456.53,NaN,NaN,NaN
3457.5,NaN,NaN,NaN
3458.53,NaN,NaN,NaN
3459.54,NaN,NaN,NaN
3460.53,NaN,NaN,NaN
3461.53,NaN,NaN,NaN
3462.52,NaN,NaN,NaN
3463.5,NaN,NaN,NaN
3464.66,NaN,NaN,NaN
3465.74,0.00173391774296761,0.0195814749846856,102
3466.74,0.00173982139676809,0.0265805772505701,45
3467.72,0.0158206894993782,0.0714910837511222,81
3468.68,0.0014993092045188,0.0266874418593943,365
3469.59,0.00270252861082554,0.0428922964880864,245
3470.46,0.0197759494185448,0.0946527539441983,229
3482.69,NaN,NaN,NaN
3483.5,NaN,NaN,NaN
3484.5,NaN,NaN,NaN
3485.4,NaN,NaN,NaN
3486.25,NaN,NaN,NaN
3487.25,NaN,NaN,NaN
3488.22,NaN,NaN,NaN
3489.2,NaN,NaN,NaN
3490.15,NaN,NaN,NaN
3491.15,NaN,NaN,NaN
3492.2,NaN,NaN,NaN
3493.23,NaN,NaN,NaN
3494.22,NaN,NaN,NaN
3495.24,NaN,NaN,NaN
3496.24,NaN,NaN,NaN
3497.14,0.00248992629349232,0.0653215333198508,82
3498.03,NaN,NaN,NaN
3498.97,NaN,NaN,NaN
3499.98,NaN,NaN,NaN
3501.05,NaN,NaN,NaN
3502.09,NaN,NaN,NaN
3503.02,NaN,NaN,NaN
3503.94,0.00270281732082367,0.059386666243275,320
3504.82,NaN,NaN,NaN
3505.87,NaN,NaN,NaN
3507.11,NaN,NaN,NaN
3508.22,0.00639664940536022,0.0636064705128471,278
3508.98,NaN,NaN,NaN
3509.68,0.00774057954549789,0.0619560359045863,341
3510.59,0.00507922098040581,0.055044031701982,207
3511.71,NaN,NaN,NaN
3513.03,NaN,NaN,NaN
3514.12,NaN,NaN,NaN
3514.71,0.00466646626591682,0.0779831813027461,187
3515.46,0.00906319916248322,0.109959631537398,83
3516.34,NaN,NaN,NaN
3517.21,NaN,NaN,NaN
3518.34,NaN,NaN,NaN
3519.5,NaN,NaN,NaN
3520.66,NaN,NaN,NaN
3521.5,NaN,NaN,NaN
3523.05,NaN,NaN,NaN
3523.86,NaN,NaN,NaN
3524.45,NaN,NaN,NaN
3525.59,NaN,NaN,NaN
3526.66,NaN,NaN,NaN
3527.69,NaN,NaN,NaN
4729.94,NaN,NaN,NaN
4729.94,NaN,NaN,NaN
4729.94,NaN,NaN,NaN
4729.94,NaN,NaN,NaN
4729.94,NaN,NaN,NaN
4729.94,NaN,NaN,NaN
4729.94,NaN,NaN,NaN
4729.94,NaN,NaN,NaN
4729.94,NaN,NaN,NaN
4729.94,NaN,NaN,NaN
4729.94,NaN,NaN,NaN
4729.94,NaN,NaN,NaN
4729.94,NaN,NaN,NaN
3536.5,NaN,NaN,NaN
3537.56,NaN,NaN,NaN
3538.64,NaN,NaN,NaN
3539.58,NaN,NaN,NaN
3540.43,NaN,NaN,NaN
3541.51,NaN,NaN,NaN
3542.48,NaN,NaN,NaN
3543.28,NaN,NaN,NaN
3544.16,NaN,NaN,NaN
3545.18,NaN,NaN,NaN
3546.24,NaN,NaN,NaN
3547.32,NaN,NaN,NaN
3548.37,NaN,NaN,NaN
3549.31,NaN,NaN,NaN
3550.46,NaN,NaN,NaN
3551.53,NaN,NaN,NaN
3552.3,NaN,NaN,NaN
3553.32,0.00807297229766846,0.0916377007961273,38
3554.22,NaN,NaN,NaN
3554.97,NaN,NaN,NaN
3555.92,NaN,NaN,NaN
3556.94,NaN,NaN,NaN
3558.1,NaN,NaN,NaN
3559.17,NaN,NaN,NaN
3559.94,NaN,NaN,NaN
3560.92,NaN,NaN,NaN
3562.02,NaN,NaN,NaN
3562.96,NaN,NaN,NaN
3563.97,NaN,NaN,NaN
3565.05,NaN,NaN,NaN
3566.28,NaN,NaN,NaN
3567.12,NaN,NaN,NaN
3567.82,0.00145375356078148,0.0554813084503015,38
3568.8,NaN,NaN,NaN
3569.82,NaN,NaN,NaN
3571.43,NaN,NaN,NaN
3572.62,NaN,NaN,NaN
3573.77,NaN,NaN,NaN
3574.75,0.00608160719275475,0.0664010994757215,294
3575.72,0.00483877211809158,0.0696054125825564,51
3576.69,0.00679606571793556,0.0921614989638329,113
3577.65,0.0137373618781567,0.123762015253305,222
3578.59,0.00888275727629662,0.080777229120334,128
3579.55,0.00633668154478073,0.0706478537370761,178
3580.58,NaN,NaN,NaN
3581.61,NaN,NaN,NaN
3582.6,NaN,NaN,NaN
3583.59,NaN,NaN,NaN
3584.6,0.00154197588562965,0.0497592532386382,46
3585.53,0.00151087716221809,0.0396812955538432,19
3586.5,NaN,NaN,NaN
3587.55,0.00490538775920868,0.0479957141603033,47
3588.5,0.00411101616919041,0.0477762157097459,-3
3589.4,0.00192481651902199,0.051982244476676,72
3590.39,NaN,NaN,NaN
3591.44,NaN,NaN,NaN
3592.44,NaN,NaN,NaN
3593.48,NaN,NaN,NaN
3594.8,NaN,NaN,NaN
3595.79,NaN,NaN,NaN
3596.42,NaN,NaN,NaN
3597.25,NaN,NaN,NaN
3598.16,NaN,NaN,NaN
3599.12,NaN,NaN,NaN
3600.11,0.00369486771523952,0.0600963737815619,75
3601.05,0.0035560131072998,0.0842797011137009,44
3602.14,NaN,NaN,NaN
3603.2,NaN,NaN,NaN
3604.14,NaN,NaN,NaN
3605.11,NaN,NaN,NaN
3606.13,NaN,NaN,NaN
3607.07,NaN,NaN,NaN
3613.03,NaN,NaN,NaN
3613.93,NaN,NaN,NaN
3614.93,NaN,NaN,NaN
3616.01,0.00700788944959641,0.0576587993030747,262
3616.99,0.00634687393903732,0.0754411779344082,33
3634,NaN,NaN,NaN
3635.05,NaN,NaN,NaN
3636.04,NaN,NaN,NaN
3637.03,NaN,NaN,NaN
3638.03,NaN,NaN,NaN
3639.04,NaN,NaN,NaN
3640.04,NaN,NaN,NaN
3641.03,NaN,NaN,NaN
3642.03,NaN,NaN,NaN
3643.02,0.00260588526725769,0.0532969636842608,307
3644,0.00383266992866993,0.0445898131777843,121
3644.97,0.00144028291106224,0.0365304366375009,8
3645.94,0.00133643485605717,0.0452883752683798,69
3646.88,0.00230281241238117,0.0522234647845229,31
3647.84,NaN,NaN,NaN
3648.9,NaN,NaN,NaN
3649.92,NaN,NaN,NaN
3650.83,NaN,NaN,NaN
3651.7,NaN,NaN,NaN
3682.89,0.00606417655944824,0.0911895471314589,47
3683.79,0.00674102269113064,0.0652601858600974,282
3684.69,0.00335961394011974,0.0476672360673547,301
3685.57,0.00172562710940838,0.0452444907277822,-1
3686.5,0.00474082492291927,0.0523442147920529,83
3696.39,NaN,NaN,NaN
3697.08,NaN,NaN,NaN
3700.36,NaN,NaN,NaN
3701.47,NaN,NaN,NaN
3702.49,NaN,NaN,NaN
3703.51,NaN,NaN,NaN
3704.42,NaN,NaN,NaN
3705.28,NaN,NaN,NaN
3706.2,NaN,NaN,NaN
3707.15,NaN,NaN,NaN
3708.18,NaN,NaN,NaN
3709.36,NaN,NaN,NaN
3710.5,NaN,NaN,NaN
3711.51,NaN,NaN,NaN
3712.51,NaN,NaN,NaN
3713.41,0.00502747669816017,0.0546871420616905,53
3714.26,0.00438681989908218,0.0568353564788898,359
3715.22,0.0073398519307375,0.0591641065354149,234
3716.26,0.00191164016723633,0.0520988268156846,31
3717.18,0.00224279798567295,0.0536951394751668,34
3718.06,0.00459192506968975,0.0557000354553262,225
3719.1,0.0018619392067194,0.0481599147121112,52
3720.08,0.00151991471648216,0.0503319005171458,356
3720.92,NaN,NaN,NaN
3722.01,NaN,NaN,NaN
3723.03,NaN,NaN,NaN
3740.5,NaN,NaN,NaN
3740.92,NaN,NaN,NaN
3740.82,0.0019987840205431,0.0486536941801508,122
3744.5,NaN,NaN,NaN
3745.61,NaN,NaN,NaN
3746.63,NaN,NaN,NaN
3747.64,NaN,NaN,NaN
3748.62,NaN,NaN,NaN
3749.58,NaN,NaN,NaN
3750.5,NaN,NaN,NaN
3751.49,NaN,NaN,NaN
3752.6,NaN,NaN,NaN
3753.65,NaN,NaN,NaN
3754.5,0.00561901926994324,0.0742449400325616,326
3755.47,0.00460423529148102,0.0755770597606897,296
3756.39,0.00493999756872654,0.0574552075316509,88
3757.31,NaN,NaN,NaN
3758.32,NaN,NaN,NaN
3759.32,NaN,NaN,NaN
3760.33,NaN,NaN,NaN
3761.32,NaN,NaN,NaN
3762.25,NaN,NaN,NaN
3763.29,NaN,NaN,NaN
3764.5,NaN,NaN,NaN
3765.31,NaN,NaN,NaN
3766.31,NaN,NaN,NaN
3767.23,NaN,NaN,NaN
3768.5,NaN,NaN,NaN
3769.5,NaN,NaN,NaN
3770.39,NaN,NaN,NaN
3777.5,NaN,NaN,NaN
3778.5,0.00305180251598358,0.0689916511376699,354
3779.36,0.0104696694761515,0.0694649082918962,9
3780.49,0.00203641690313816,0.0589804239571095,228
3781.33,NaN,NaN,NaN
3782.31,0.00115636736154556,0.0476733368511001,138
3783.5,0.00348883680999279,0.0453076201180617,67
3784.16,0.00425365194678307,0.0656099636107683,238
3785.06,0.0102806612849236,0.10035579216977,173
3786.01,NaN,NaN,NaN
3787.23,NaN,NaN,NaN
3788.2,NaN,NaN,NaN
3789.16,NaN,NaN,NaN
3790.21,NaN,NaN,NaN
3791.22,NaN,NaN,NaN
3792.17,NaN,NaN,NaN
3793.11,NaN,NaN,NaN
3794.08,NaN,NaN,NaN
3795.06,NaN,NaN,NaN
3796.2,NaN,NaN,NaN
3797.21,NaN,NaN,NaN
3798.16,0.00505420006811619,0.0487813527385394,60
3799.2,0.0069933645427227,0.0964883975684643,20
3800.15,0.00276175886392593,0.043970205510656,23
3801.04,0.00411277636885643,0.0512294918298721,38
3801.97,0.00152460671961308,0.0340756606310606,49
3802.85,NaN,NaN,NaN
3808.6,NaN,NaN,NaN
3809.61,NaN,NaN,NaN
3810.45,0.00237048044800758,0.0612747746830185,-6
3811.25,0.00530588440597057,0.0631265236685673,277
3812.1,0.00536280311644077,0.0666936595613758,60
3813.06,0.0098715890198946,0.0573558357233802,325
3814.09,NaN,NaN,NaN
3815.16,NaN,NaN,NaN
3816.17,NaN,NaN,NaN
3817.13,NaN,NaN,NaN
3819.73,0.0224109217524529,0.116165487716595,297
3820.69,0.00657007656991482,0.0630208430811763,144
3821.65,0.00434475392103195,0.083522617816925,3
3822.63,0.00437546707689762,0.0659808684140444,301
3823.69,0.00567854754626751,0.062521328839163,148
3824.71,0.00318559445440769,0.0534754780431589,175
3825.58,0.00850453972816467,0.136969052255154,355
3826.45,0.00608350709080696,0.0742338870962461,19
3827.5,NaN,NaN,NaN
3828.72,0.00263484567403793,0.0830834104369084,312
3829.72,0.00208165496587753,0.0658017403135697,66
3830.65,0.00215135142207146,0.0544176468004783,196
3831.57,0.00452663935720921,0.061851535923779,233
3832.5,0.00299774296581745,0.04966033808887,28
3833.5,0.00387238711118698,0.0578222954645753,259
3834.5,0.00978416204452515,0.0890503836174806,49
3835.5,NaN,NaN,NaN
3836.54,0.12442909181118,0.17843938122193,355
3837.5,0.0212848670780659,0.113598362232248,7
3838.79,0.00545017048716545,0.0779899681607882,74
3839.9,0.00213793851435184,0.0624394646535317,335
3840.98,0.0210314467549324,0.12626821671923,352
3856.91,NaN,NaN,NaN
3857.81,0.00362728908658028,0.100549801563223,-3
3858.79,0.00880993157625198,0.122454874838392,76
3859.85,NaN,NaN,NaN
3860.91,0.00340001657605171,0.0730801497896512,309
3861.93,0.00406403467059135,0.103870471939445,73
3862.85,0.00716898590326309,0.0762504395097494,367
3863.85,0.0141039863228798,0.129032806803783,47
3864.93,NaN,NaN,NaN
3865.91,0.00345615297555923,0.0805976626773675,31
3866.92,0.00333463400602341,0.105269414683183,21
3867.93,NaN,NaN,NaN
3868.87,0.020505391061306,0.0952905174344778,304
3869.8,0.00390124693512917,0.0759961369136969,365
3870.8,0.00162772461771965,0.0518251809601982,36
3871.82,0.00470417737960815,0.0564535856246948,-2
3872.82,0.00641878321766853,0.0576937428365151,264
3873.82,0.00537121668457985,0.0838536837448676,92
3874.77,0.0267043970525265,0.143635443101327,164
3875.7,0.00358605571091175,0.055055144863824,72
3876.63,0.00205265916883945,0.0468393977110585,115
3877.5,0.00488075241446495,0.0795458847035964,327
3977.01,NaN,NaN,NaN
3976.22,NaN,NaN,NaN
3975.25,NaN,NaN,NaN
3974.5,NaN,NaN,NaN
3973.5,NaN,NaN,NaN
3972.31,NaN,NaN,NaN
3971.36,NaN,NaN,NaN
3970.36,NaN,NaN,NaN
3969.27,NaN,NaN,NaN
3968.14,NaN,NaN,NaN
3907.91,NaN,NaN,NaN
3909.15,NaN,NaN,NaN
3910.25,0.00503619201481342,0.0620488151907921,14
3911.6,0.00383969396352768,0.0466225103785594,144
3885.85,0.0149345174431801,0.144023661812147,352
3886.72,0.0020252987742424,0.0754598149408897,75
3887.64,0.00641969218850136,0.0864631434281667,282
3888.62,0.00753528624773026,0.0731405237068733,220
3889.76,0.0124390460550785,0.107237976044416,208
3891.05,0.00385743379592896,0.091609476134181,53
3892.19,0.00956432521343231,0.10196022875607,75
3893.5,0.001267459243536,0.0453811241313815,45
3895.42,0.00555934756994247,0.0821981343130271,303
3896.33,0.0035248901695013,0.0490601767475406,71
3897.34,0.0114137306809425,0.108567129199704,311
3898.31,NaN,NaN,NaN
3899.31,NaN,NaN,NaN
3900.27,NaN,NaN,NaN
3901.5,NaN,NaN,NaN
3902.5,NaN,NaN,NaN
3903.33,NaN,NaN,NaN
3932.69,NaN,NaN,NaN
3933.63,NaN,NaN,NaN
3934.5,NaN,NaN,NaN
3935.44,NaN,NaN,NaN
3936.45,NaN,NaN,NaN
3937.57,NaN,NaN,NaN
3938.63,0.00175115652382374,0.0403453161319097,-8
3939.6,NaN,NaN,NaN
3940.6,0.00159492716193199,0.10190876138707,40
3941.6,NaN,NaN,NaN
3942.58,NaN,NaN,NaN
3943.59,0.00761108472943306,0.094451433668534,190
3944.58,0.00755594298243523,0.090012044335405,15
3945.5,0.00252065062522888,0.0426749003430208,159
3946.41,0.128911599516869,0.197962924838066,209
3947.45,NaN,NaN,NaN
3948.51,NaN,NaN,NaN
3949.56,NaN,NaN,NaN
3950.65,NaN,NaN,NaN
3951.76,0.00584330782294273,0.0589743653933207,338
3952.76,0.0291340537369251,0.0859309441099564,289
3953.63,0.00343758799135685,0.0523561692486207,42
3954.5,0.00315479561686516,0.0503697994475563,297
3990.11,NaN,NaN,NaN
3991.15,NaN,NaN,NaN
3992.32,NaN,NaN,NaN
3993.47,NaN,NaN,NaN
3994.44,NaN,NaN,NaN
3995.5,NaN,NaN,NaN
3996.5,NaN,NaN,NaN
3997.45,0.0122985765337944,0.159059972812732,74
3998.44,NaN,NaN,NaN
3999.29,0.0352445356547832,0.125528192768494,208
4000.05,0.00832388550043106,0.0976516399532557,234
4001.03,NaN,NaN,NaN
4002.19,NaN,NaN,NaN
4003.56,NaN,NaN,NaN
4004.48,NaN,NaN,NaN
4005.31,NaN,NaN,NaN
4006.39,NaN,NaN,NaN
4007.43,NaN,NaN,NaN
4008.5,NaN,NaN,NaN
4009.54,NaN,NaN,NaN
4010.49,NaN,NaN,NaN
4011.34,NaN,NaN,NaN
4012.2,NaN,NaN,NaN
4013.39,NaN,NaN,NaN
4014.5,NaN,NaN,NaN
4015.46,NaN,NaN,NaN
4016.44,NaN,NaN,NaN
4017.4,NaN,NaN,NaN
4018.32,NaN,NaN,NaN
4019.34,NaN,NaN,NaN
4020.34,NaN,NaN,NaN
4021.22,NaN,NaN,NaN
4022.22,NaN,NaN,NaN
4023.23,NaN,NaN,NaN
4024.09,NaN,NaN,NaN
4025.03,NaN,NaN,NaN
4026.18,NaN,NaN,NaN
4027.6,NaN,NaN,NaN
4028.59,NaN,NaN,NaN
4029.5,NaN,NaN,NaN
4030.45,NaN,NaN,NaN
4031.37,NaN,NaN,NaN
4032.3,NaN,NaN,NaN
4033.3,NaN,NaN,NaN
4034.5,NaN,NaN,NaN
4035.63,NaN,NaN,NaN
4036.53,NaN,NaN,NaN
4037.46,NaN,NaN,NaN
4038.38,NaN,NaN,NaN
4039.29,NaN,NaN,NaN
4040.27,NaN,NaN,NaN
4041.39,NaN,NaN,NaN
4042.34,NaN,NaN,NaN
4043.21,NaN,NaN,NaN
4044.22,NaN,NaN,NaN
4045.28,NaN,NaN,NaN
4046.42,NaN,NaN,NaN
4047.55,NaN,NaN,NaN
4048.4,NaN,NaN,NaN
4049.11,NaN,NaN,NaN
4050.13,NaN,NaN,NaN
4051.26,NaN,NaN,NaN
4052.27,NaN,NaN,NaN
4053.2,NaN,NaN,NaN
4054.11,NaN,NaN,NaN
4055.1,NaN,NaN,NaN
4056.15,NaN,NaN,NaN
4057.16,NaN,NaN,NaN
4058.16,NaN,NaN,NaN
4059.13,NaN,NaN,NaN
4060.06,NaN,NaN,NaN
4060.99,NaN,NaN,NaN
4061.98,NaN,NaN,NaN
4063.08,NaN,NaN,NaN
4064.22,NaN,NaN,NaN
4065.26,NaN,NaN,NaN
4066.18,NaN,NaN,NaN
4067.1,NaN,NaN,NaN
4068.04,NaN,NaN,NaN
4121.01,NaN,NaN,NaN
4121.04,0.0106292702257633,0.091154512638847,123
4125.9,NaN,NaN,NaN
4126.89,NaN,NaN,NaN
4127.85,NaN,NaN,NaN
4128.75,NaN,NaN,NaN
4129.81,NaN,NaN,NaN
4130.92,NaN,NaN,NaN
4131.91,NaN,NaN,NaN
4070.57,NaN,NaN,NaN
4071.47,NaN,NaN,NaN
4075.34,NaN,NaN,NaN
4076.37,NaN,NaN,NaN
4077.5,NaN,NaN,NaN
4078.4,NaN,NaN,NaN
4120.14,NaN,NaN,NaN
4119.51,NaN,NaN,NaN
4118.95,NaN,NaN,NaN
4118.17,NaN,NaN,NaN
4117.32,NaN,NaN,NaN
4116.45,NaN,NaN,NaN
4115.45,NaN,NaN,NaN
4114.5,NaN,NaN,NaN
4113.16,NaN,NaN,NaN
4112.15,NaN,NaN,NaN
4111.18,NaN,NaN,NaN
4110.31,NaN,NaN,NaN
4086.78,NaN,NaN,NaN
4087.77,NaN,NaN,NaN
4088.75,NaN,NaN,NaN
4089.77,NaN,NaN,NaN
4090.81,NaN,NaN,NaN
4091.75,NaN,NaN,NaN
4092.73,NaN,NaN,NaN
4093.81,NaN,NaN,NaN
4094.76,NaN,NaN,NaN
4095.61,NaN,NaN,NaN
4096.56,NaN,NaN,NaN
4097.58,NaN,NaN,NaN
4098.54,NaN,NaN,NaN
4149,NaN,NaN,NaN
4149.88,NaN,NaN,NaN
4150.69,NaN,NaN,NaN
4151.61,NaN,NaN,NaN
4152.59,NaN,NaN,NaN
4153.5,NaN,NaN,NaN
4158.11,0.00401783175766468,0.0420254605511824,178
4158.11,NaN,NaN,NaN
4157.57,NaN,NaN,NaN
4155.35,0.011922525241971,0.0531364465132356,131
4158.35,0.00576385855674744,0.0604542962585886,165
4159.41,0.00542156398296356,0.0464859132965406,184
4160.5,0.00216912105679512,0.0338046373799443,40
4161.54,0.00273635797202587,0.040097133256495,112
4162.52,0.0033453144133091,0.0468338327482343,117
4163.48,0.00548026710748672,0.0497980096066991,331
4164.4,0.00297541171312332,0.0405805769066016,363
4165.36,0.00402150675654411,0.0450698987891277,157
4166.33,0.00129730347543955,0.0294843384375175,61
4167.28,0.00286971405148506,0.0386315826326609,361
4168.31,0.00318300537765026,0.043223942629993,96
4169.37,0.00215305387973785,0.0378762014831106,48
4170.24,0.00634061172604561,0.0516427643597126,297
4171.13,0.00243891589343548,0.0457402132451534,306
4172.14,0.00356226041913033,0.0427793643126885,170
4173.2,NaN,NaN,NaN
4174.24,NaN,NaN,NaN
4175.19,NaN,NaN,NaN
4176.18,NaN,NaN,NaN
4177.28,NaN,NaN,NaN
4178.38,NaN,NaN,NaN
4179.42,NaN,NaN,NaN
4180.35,0.0400316044688225,0.141477918873231,218
4181.24,NaN,NaN,NaN
4182.26,0.112628042697906,0.17381206775705,235
4183.36,0.0179475359618664,0.111671193813284,343
4184.22,NaN,NaN,NaN
4185.08,0.016677588224411,0.0868587947140137,217
4186.11,0.0100597143173218,0.0706790747741858,47
4187.14,0.00527229905128479,0.0684462245553732,273
4188.1,0.0105813778936863,0.098232156286637,66
4189.11,0.0262297764420509,0.103354236111045,227
4190.13,NaN,NaN,NaN
4192.88,0.00592509657144547,0.078044855967164,362
4193.83,0.00789851322770119,0.065069193020463,144
4194.7,NaN,NaN,NaN
4195.61,NaN,NaN,NaN
4196.63,NaN,NaN,NaN
4197.62,NaN,NaN,NaN
4198.62,NaN,NaN,NaN
4199.58,NaN,NaN,NaN
4200.48,NaN,NaN,NaN
4201.48,NaN,NaN,NaN
4202.51,NaN,NaN,NaN
4212.63,NaN,NaN,NaN
4213.41,NaN,NaN,NaN
4215.53,NaN,NaN,NaN
4216.54,NaN,NaN,NaN
4217.51,NaN,NaN,NaN
4218.52,NaN,NaN,NaN
4219.54,NaN,NaN,NaN
4220.62,NaN,NaN,NaN
4221.75,NaN,NaN,NaN
4222.69,NaN,NaN,NaN
4223.63,NaN,NaN,NaN
4224.62,NaN,NaN,NaN
4225.59,NaN,NaN,NaN
4226.56,NaN,NaN,NaN
4227.55,NaN,NaN,NaN
4228.5,NaN,NaN,NaN
4229.58,NaN,NaN,NaN
4230.62,NaN,NaN,NaN
4231.76,NaN,NaN,NaN
4233.02,NaN,NaN,NaN
4233.91,NaN,NaN,NaN
4234.66,NaN,NaN,NaN
4235.36,NaN,NaN,NaN
4236.6,NaN,NaN,NaN
4237.9,NaN,NaN,NaN
4238.62,NaN,NaN,NaN
4239.6,NaN,NaN,NaN
4240.48,NaN,NaN,NaN
4241.4,NaN,NaN,NaN
4242.68,NaN,NaN,NaN
4243.96,NaN,NaN,NaN
4244.84,0.00935447961091995,0.0911140354971091,131
4245.47,NaN,NaN,NaN
4246.4,NaN,NaN,NaN
4247.4,NaN,NaN,NaN
4249.01,NaN,NaN,NaN
4249.89,NaN,NaN,NaN
4256.93,NaN,NaN,NaN
4257.89,NaN,NaN,NaN
4258.82,NaN,NaN,NaN
4259.82,NaN,NaN,NaN
4260.85,NaN,NaN,NaN
4261.8,NaN,NaN,NaN
4262.76,NaN,NaN,NaN
4263.68,NaN,NaN,NaN
4264.63,NaN,NaN,NaN
4265.65,NaN,NaN,NaN
4266.69,NaN,NaN,NaN
4267.69,NaN,NaN,NaN
4268.6,NaN,NaN,NaN
4269.51,NaN,NaN,NaN
4270.53,NaN,NaN,NaN
4271.5,NaN,NaN,NaN
4274.19,0.0604621469974518,0.170231493810813,231
4276.8,NaN,NaN,NaN
4278.01,NaN,NaN,NaN
4279.02,NaN,NaN,NaN
4280.05,NaN,NaN,NaN
4281.05,NaN,NaN,NaN
4282.03,0.00573415867984295,0.0612127386654417,193
4283.05,0.00515339151024818,0.0811646841466427,306
4284.5,NaN,NaN,NaN
4285.5,NaN,NaN,NaN
4286.5,NaN,NaN,NaN
4287.5,NaN,NaN,NaN
4287.5,NaN,NaN,NaN
4287.5,NaN,NaN,NaN
4289.61,NaN,NaN,NaN
4290.74,NaN,NaN,NaN
4291.86,NaN,NaN,NaN
4292.81,NaN,NaN,NaN
4293.79,NaN,NaN,NaN
4294.72,NaN,NaN,NaN
4295.5,NaN,NaN,NaN
4296.76,NaN,NaN,NaN
4297.86,NaN,NaN,NaN
4298.86,NaN,NaN,NaN
4298.96,NaN,NaN,NaN
4299.81,NaN,NaN,NaN
4300.8,NaN,NaN,NaN
4301.86,NaN,NaN,NaN
4302.75,NaN,NaN,NaN
4303.58,NaN,NaN,NaN
4304.53,NaN,NaN,NaN
4305.67,NaN,NaN,NaN
4306.8,NaN,NaN,NaN
4307.76,NaN,NaN,NaN
4313.5,0.0393093451857567,0.174538726607958,333
4314.72,0.0124848559498787,0.0843183652808269,105
4315.7,0.00462950021028519,0.083661671107014,365
4316.66,0.0142875835299492,0.0934058328469594,44
4317.72,0.0058143213391304,0.097050463159879,355
4318.77,NaN,NaN,NaN
4319.76,NaN,NaN,NaN
4320.75,NaN,NaN,NaN
4321.76,NaN,NaN,NaN
4322.79,NaN,NaN,NaN
4323.75,NaN,NaN,NaN
4324.6,NaN,NaN,NaN
4325.5,NaN,NaN,NaN
4326.48,NaN,NaN,NaN
4327.59,NaN,NaN,NaN
4328.83,NaN,NaN,NaN
4329.84,NaN,NaN,NaN
4330.71,NaN,NaN,NaN
4331.67,NaN,NaN,NaN
4332.74,NaN,NaN,NaN
4333.73,NaN,NaN,NaN
4334.67,NaN,NaN,NaN
4335.69,NaN,NaN,NaN
4347.8,NaN,NaN,NaN
4348.9,NaN,NaN,NaN
4349.93,NaN,NaN,NaN
4350.94,NaN,NaN,NaN
4352,NaN,NaN,NaN
4352.98,0.00658552348613739,0.0516859960431854,142
4353.79,NaN,NaN,NaN
4354.82,NaN,NaN,NaN
4355.86,NaN,NaN,NaN
4356.81,NaN,NaN,NaN
4357.84,NaN,NaN,NaN
4358.87,NaN,NaN,NaN
4359.81,0.0185409262776375,0.0691168311362465,86
4517.59,NaN,NaN,NaN
4518.69,NaN,NaN,NaN
4519.68,NaN,NaN,NaN
4520.68,NaN,NaN,NaN
4554.96,NaN,NaN,NaN
4556.16,NaN,NaN,NaN
4557.14,NaN,NaN,NaN
4558.15,NaN,NaN,NaN
4559.25,NaN,NaN,NaN
4560.3,NaN,NaN,NaN
4561.22,NaN,NaN,NaN
4562.18,NaN,NaN,NaN
4563.17,NaN,NaN,NaN
4564.15,NaN,NaN,NaN
4565.1,NaN,NaN,NaN
4566.11,NaN,NaN,NaN
4567.15,NaN,NaN,NaN
4568.18,NaN,NaN,NaN
4569.18,NaN,NaN,NaN
4570.07,NaN,NaN,NaN
4571.04,NaN,NaN,NaN
4572.08,NaN,NaN,NaN
4573.11,NaN,NaN,NaN
4574.03,0.018364392220974,0.081490445882082,53
4707.46,NaN,NaN,NaN
4708.5,NaN,NaN,NaN
4709.57,NaN,NaN,NaN
4710.6,NaN,NaN,NaN
4711.52,NaN,NaN,NaN
4712.36,0.00475683435797691,0.0560417594388127,1
4713.5,NaN,NaN,NaN
4714.5,0.00186286494135857,0.0519614849860469,332
4715.5,0.00452662818133831,0.0542277786880732,102
4717.15,NaN,NaN,NaN
4718.7,NaN,NaN,NaN
4718.83,0.0100843124091625,0.0961934973796209,220
4719.78,0.0123569183051586,0.105001940081517,201
4720.92,0.0353082306683064,0.122323580086231,156
4722,0.0202614031732082,0.116764028246204,75
4722.93,0.0185112953186035,0.111358620847265,9
4723.93,0.00814309157431126,0.0670209967841705,370
4724.81,0.00517962500452995,0.0648396996160348,285
5097.35,0.000807229429483414,0.0227966701301436,30
5098.45,0.00442148745059967,0.0383170483012994,195
5099.49,0.00112656690180302,0.0302008933698138,330
5100.49,0.00230569485574961,0.0296680429019034,359
5101.46,0.00114162918180227,0.0223836971757313,94
5102.42,0.00243961624801159,0.0431922224039833,102
5103.38,0.00102807860821486,0.0222054009015361,326
5104.38,NaN,NaN,NaN
5105.43,0.00279999617487192,0.0322653475838403,79
5106.47,0.000750154256820679,0.0338598629459739,315
5107.47,0.00144651345908642,0.03288340754807,32
5108.49,0.00186058506369591,0.0385741743569573,64
5109.5,0.00120949000120163,0.0331926879783471,84
5110.5,0.00219131447374821,0.0297137034746508,70
5111.51,0.00261119566857815,0.033030361092339,329
5112.54,0.00392610020935535,0.030362889636308,18
5113.56,0.00127323344349861,0.0249110494429866,70
5114.56,0.00625905394554138,0.0465788322811325,116
5115.56,0.00223499909043312,0.0358085244273146,92
5116.55,0.00268470868468285,0.0335686650748054,328
5117.52,0.00168904475867748,0.0389284044504166,331
5118.46,0.000911284238100052,0.030025425987939,37
5119.43,0.00210270285606384,0.0366557963813345,32
5120.43,0.00216197036206722,0.0400254419073462,20
5121.41,0.00252970308065414,0.0446562934666872,326
5122.4,0.00274451356381178,0.0316558675840497,37
5123.4,0.00170609354972839,0.0325095603863398,341
5124.4,0.00215254537761211,0.0355304746578137,351
5125.4,0.00163495354354382,0.0425434509913127,330
5126.42,0.00321462564170361,0.0418141450112065,300
5127.46,0.0015256367623806,0.0364766235773762,357
5128.52,0.00211784150451422,0.0256536905653775,333
5129.6,0.0054105008020997,0.0341982681614657,335
5130.64,0.00318235903978348,0.0351362520207961,324
5131.64,0.00255333445966244,0.0376866556083163,324
5132.66,0.00608575530350208,0.0475781060134371,327
5133.67,0.00193994492292404,0.0286194975487888,371
5134.68,0.00369145348668098,0.0539486693839232,33
5135.68,0.0028364509344101,0.0359472343698144,360
5136.68,0.00214520655572414,0.0338610205799341,29
5137.66,0.00169087294489145,0.0327621451579034,347
5138.62,0.00128959119319916,0.0300932857207954,332
5139.58,0.00343734957277775,0.0362793387224277,270
5140.57,0.0084410198032856,0.0387984979897738,344
5141.57,0.00238988921046257,0.0383849358186126,41
5142.57,0.00161793455481529,0.0377348167821765,357
5143.58,0.00251391250640154,0.0328438772509495,93
5144.59,0.00157113280147314,0.0297619849443436,33
5145.59,0.00488311797380447,0.031095698941499,289
5146.6,0.00126137491315603,0.0277158304428061,-3
5147.6,0.00163483526557684,0.0302127396377424,320
5148.6,0.00245058909058571,0.0397077966481447,254
5149.62,0.00314005836844444,0.0305826199861864,319
5150.64,0.00348691642284393,0.0301305724618336,40
5151.64,0.00383459404110909,0.0373173588886857,278
5152.65,0.00168723333626986,0.032179723183314,71
5153.67,0.00344622507691383,0.0455433996394277,94
5154.77,0.00189335457980633,0.0383373203997811,49
5155.82,0.00205157324671745,0.0345005647589763,351
5156.79,0.00188027881085873,0.0319925386769076,41
5157.78,0.00302039459347725,0.0304878096406658,34
5158.77,0.00536456611007452,0.032703396709015,234
5159.77,0.00210155919194221,0.0389405818035205,111
5160.76,0.00477350875735283,0.041572304132084,305
5161.76,0.00278768129646778,0.0363253646840652,322
5162.76,0.00507217086851597,0.045436964991192,14
5163.75,0.00523841381072998,0.042675018000106,332
5164.74,0.00140346214175224,0.0375141054391861,28
5165.8,0.000929621048271656,0.0297874209160606,332
5166.84,0.00118174962699413,0.0336287987108032,334
5167.78,0.00444216839969158,0.0406795948122938,201
5168.71,0.0017732298001647,0.0304093733429909,353
5169.64,0.00454248487949371,0.036352686273555,97
5170.53,0.00446459464728832,0.0555424507086476,-6
5171.42,0.00358693301677704,0.0482423274467389,320
5172.25,0.0025623943656683,0.0427035537237922,345
5254.05,0.00238173827528954,0.0585879577944676,1
5255.05,0.00300863012671471,0.0566107692817847,334
5256.05,0.00229718536138535,0.0316852458442251,127
5257.02,0.0012846402823925,0.0506232020755609,16
5258.01,0.00786703824996948,0.0705429793645938,281
5259,0.00786127150058746,0.0959171485155821,90
5259.99,0.00588952377438545,0.0610444834455848,239
5260.99,0.001825962215662,0.0429460235560934,311
5262,0.00168119370937347,0.0412645439306895,356
5263.01,0.00308457389473915,0.0496979883561532,1
5264.01,0.00194480642676353,0.0368478214368224,329
5265.01,0.00277447141706944,0.0532202037672202,90
5265.98,0.00228353962302208,0.0374240859722098,322
5266.99,0.00111224874854088,0.039759736508131,21
5268.04,NaN,NaN,NaN
5269.06,NaN,NaN,NaN
5270.05,NaN,NaN,NaN
5271.05,NaN,NaN,NaN
5272.07,NaN,NaN,NaN
5273.15,NaN,NaN,NaN
5274.26,NaN,NaN,NaN
5275.31,NaN,NaN,NaN
5276.31,NaN,NaN,NaN
5277.31,NaN,NaN,NaN
5278.3,NaN,NaN,NaN
5279.21,0.00117604807019234,0.0368103946869572,355
5280.14,0.00164591148495674,0.0407202010974288,363
5281.12,NaN,NaN,NaN
5282.1,NaN,NaN,NaN
5283.11,NaN,NaN,NaN
5284.12,NaN,NaN,NaN
5285.12,NaN,NaN,NaN
5286.13,NaN,NaN,NaN
5287.13,NaN,NaN,NaN
5288.14,NaN,NaN,NaN
5289.19,NaN,NaN,NaN
5290.3,NaN,NaN,NaN
5291.36,NaN,NaN,NaN
5292.36,NaN,NaN,NaN
5293.41,NaN,NaN,NaN
5294.46,NaN,NaN,NaN
5295.47,NaN,NaN,NaN
5296.43,NaN,NaN,NaN
5297.38,NaN,NaN,NaN
5298.34,NaN,NaN,NaN
5299.33,NaN,NaN,NaN
5300.34,NaN,NaN,NaN
5301.33,0.00204815529286861,0.0440648995960752,58
5302.32,0.00365670397877693,0.0403260958070556,-1
5303.31,0.00228895246982574,0.0400981831674775,48
5304.31,0.00463053397834301,0.0497187900667389,323
5305.31,0.00105864368379116,0.0381277799606323,32
5306.3,0.00111504644155502,0.0373966433107853,370
5307.29,0.00194303505122662,0.0369507325813174,326
5308.3,0.00374146178364754,0.034140574435393,237
5309.32,0.00459772907197475,0.0445774576316277,269
5310.32,0.00303317606449127,0.0376807538171609,21
5311.31,0.000825246796011925,0.0399813133602341,374
5312.31,0.00446370244026184,0.0476304221277436,44
5313.3,0.00140688382089138,0.0412882696837187,202
5314.27,0.00422573275864124,0.0478449904670318,6
5315.25,0.0016182865947485,0.0407668758804599,329
5316.25,0.00258045457303524,0.0408410004650553,83
5317.24,0.00105968862771988,0.0276411214532952,344
5318.25,NaN,NaN,NaN
5319.28,NaN,NaN,NaN
5320.32,NaN,NaN,NaN
5321.33,NaN,NaN,NaN
5322.32,NaN,NaN,NaN
5323.32,NaN,NaN,NaN
5324.31,NaN,NaN,NaN
5325.3,NaN,NaN,NaN
5326.3,NaN,NaN,NaN
5327.29,NaN,NaN,NaN
5328.27,NaN,NaN,NaN
5329.27,NaN,NaN,NaN
5330.27,NaN,NaN,NaN
5331.28,NaN,NaN,NaN
5332.37,NaN,NaN,NaN
5333.52,NaN,NaN,NaN
5334.55,0.0043018888682127,0.0388233053187529,333
5335.54,0.00135351903736591,0.0325540595998367,48
5336.53,0.00142992846667767,0.0314709100251397,161
5337.5,0.0024902019649744,0.0347661096602678,129
5338.44,NaN,NaN,NaN
5339.41,0.00183869432657957,0.0289763573867579,2
5340.39,0.00121308211237192,0.0275972777356704,20
5341.39,0.00357446912676096,0.0334252812899649,170
5342.38,0.000693670473992825,0.0284310343364875,11
5343.31,0.000686871819198132,0.0257680208111803,346
5344.24,0.00208403542637825,0.0399199035018682,259
5345.21,0.00190415605902672,0.0333512332290411,50
5346.27,0.00123449601233006,0.0337319665898879,29
5347.34,0.00305038318037987,0.0329166919303437,20
5348.36,0.00179158058017492,0.0312965423800051,358
5349.37,0.00155567843466997,0.0311401050227384,74
5350.38,0.00107560493052006,0.0274286998125414,132
5351.34,0.00287016853690147,0.0415998362004757,37
5352.27,NaN,NaN,NaN
5353.38,0.00378795340657234,0.0487081098059813,3
5354.5,0.0035551879554987,0.0438370599100987,71
5355.43,0.00347539968788624,0.0434814921269814,196
5356.3,0.00278496742248535,0.0425560964892308,361
5410.64,NaN,NaN,NaN
5411.47,NaN,NaN,NaN
5412.25,NaN,NaN,NaN
5413.24,NaN,NaN,NaN
5414.28,NaN,NaN,NaN
5415.17,NaN,NaN,NaN
5416.2,NaN,NaN,NaN
5417.22,NaN,NaN,NaN
5418.06,0.00110975652933121,0.0409214027846853,90
5418.85,0.00410765409469604,0.0731330433239539,47
5449.63,0.00963281281292439,0.0670680915936828,309
5450.39,0.00400320533663034,0.0313424356281757,12
5451.23,0.00191764160990715,0.0248118336312473,70
5452.24,0.00109485164284706,0.0274113550161322,98
5453.24,0.00657134503126144,0.0330715441765885,6
5454.25,0.000412655062973499,0.0236848178319633,318
5455.36,0.00105772260576487,0.0306998322096964,371
5456.31,0.00304736848920584,0.0256199742046495,15
5457.09,0.00176539458334446,0.0204810976671676,137
5458.12,0.00358940940350294,0.0319129216174285,-2
5459.29,0.00096798874437809,0.0293788962687055,363
5460.61,0.00471930019557476,0.0429428884138664,242
5461.5,0.00321540981531143,0.0395437739789486,105
5461.89,0.000913992524147034,0.0373478957141439,350
5463.14,0.00209794752299786,0.0330555665617188,228
5464.27,0.00138496048748493,0.0247301690590878,69
5464.85,0.00137455575168133,0.0336391786113381,67
5465.54,0.00206936150789261,0.0338106276467443,31
5466.78,NaN,NaN,NaN
5468.26,0.00516781397163868,0.0454808250069618,135
5469.05,0.00417281873524189,0.0435741627588868,13
5469.6,0.00260428339242935,0.0407954103623827,57
5470.58,0.00271505676209927,0.03681763758262,283
5471.68,0.00135213136672974,0.0460565922160943,97
5472.43,0.00620277598500252,0.0535079818218946,86
5483.5,NaN,NaN,NaN
5484.31,NaN,NaN,NaN
5485.25,NaN,NaN,NaN
5486.23,NaN,NaN,NaN
5487.15,NaN,NaN,NaN
5488.04,NaN,NaN,NaN
5488.96,NaN,NaN,NaN
5489.94,NaN,NaN,NaN
5490.93,NaN,NaN,NaN
5491.92,NaN,NaN,NaN
5492.92,NaN,NaN,NaN
5494.02,NaN,NaN,NaN
5495.13,NaN,NaN,NaN
5496.16,NaN,NaN,NaN
5497.18,NaN,NaN,NaN
5498.19,NaN,NaN,NaN
5499.21,NaN,NaN,NaN
5500.22,NaN,NaN,NaN
5501.22,NaN,NaN,NaN
5502.23,NaN,NaN,NaN
5503.3,NaN,NaN,NaN
5504.38,NaN,NaN,NaN
5505.31,NaN,NaN,NaN
5506.17,NaN,NaN,NaN
5507.09,NaN,NaN,NaN
5508.08,NaN,NaN,NaN
5509.08,NaN,NaN,NaN
5510.08,NaN,NaN,NaN
5511.08,NaN,NaN,NaN
5512.08,NaN,NaN,NaN
5513.08,NaN,NaN,NaN
5514.09,NaN,NaN,NaN
5515.09,NaN,NaN,NaN
5516.11,NaN,NaN,NaN
5517.15,NaN,NaN,NaN
5518.18,NaN,NaN,NaN
5519.17,NaN,NaN,NaN
5520.16,NaN,NaN,NaN
5521.15,NaN,NaN,NaN
5522.15,NaN,NaN,NaN
5523.15,NaN,NaN,NaN
5524.15,NaN,NaN,NaN
5525.15,NaN,NaN,NaN
5526.15,NaN,NaN,NaN
5527.16,NaN,NaN,NaN
5528.32,NaN,NaN,NaN
5529.7,NaN,NaN,NaN
5530.35,NaN,NaN,NaN
5530.85,NaN,NaN,NaN
5531.29,NaN,NaN,NaN
5531.75,NaN,NaN,NaN
5532.25,NaN,NaN,NaN
5532.75,NaN,NaN,NaN
5533.26,NaN,NaN,NaN
5533.75,NaN,NaN,NaN
5534.24,NaN,NaN,NaN
5534.73,NaN,NaN,NaN
5535.24,NaN,NaN,NaN
5535.74,NaN,NaN,NaN
5536.25,NaN,NaN,NaN
5536.75,NaN,NaN,NaN
5537.26,NaN,NaN,NaN
5537.77,NaN,NaN,NaN
5538.29,NaN,NaN,NaN
5538.79,NaN,NaN,NaN
5539.27,NaN,NaN,NaN
5539.75,NaN,NaN,NaN
5540.24,NaN,NaN,NaN
5540.73,NaN,NaN,NaN
5541.24,NaN,NaN,NaN
5541.75,NaN,NaN,NaN
5542.26,NaN,NaN,NaN
5542.77,NaN,NaN,NaN
5543.29,NaN,NaN,NaN
5543.82,NaN,NaN,NaN
5544.5,NaN,NaN,NaN
5544.88,0.00306716933846474,0.0487016246964534,311
5545.37,NaN,NaN,NaN
5545.84,NaN,NaN,NaN
5546.36,NaN,NaN,NaN
5546.89,NaN,NaN,NaN
5547.4,NaN,NaN,NaN
5547.89,NaN,NaN,NaN
5548.4,NaN,NaN,NaN
5548.88,0.00346154347062111,0.0536085174729427,169
5549.37,0.00441882386803627,0.057620767193536,361
5549.86,0.000887477770447731,0.0552152798821529,346
5550.37,0.00300305709242821,0.0511279761170348,100
5550.87,0.00591087155044079,0.0410340034092466,21
5551.38,0.00274792313575745,0.0534310148408016,60
5551.85,0.00297833234071732,0.0427015358582139,-7
5552.33,0.00217759050428867,0.0398515220731497,332
5552.82,0.00327981635928154,0.0508393611138066,90
5553.34,0.00100320391356945,0.0407641188551982,50
5553.84,0.00277500785887241,0.0439079621185859,261
5554.35,0.00309296324849129,0.0402753992627064,67
5554.84,0.00278966315090656,0.0602634244908889,10
5555.33,0.00191733427345753,0.0490663414821029,100
5555.82,0.00301050394773483,0.0413127830252051,363
5556.31,0.00178834237158298,0.0348557314525048,361
5556.8,0.00290541164577007,0.0481178176899751,372
5557.31,0.00194987840950489,0.037585667334497,81
5557.85,0.00131764449179173,0.0264852062488596,343
5558.38,NaN,NaN,NaN
5558.87,0.00505200959742069,0.0489654373377562,-3
5559.36,0.00396221317350864,0.0447101102521022,309
5559.87,0.000836517661809921,0.0417848533640305,76
5560.39,0.00525342673063278,0.0473002980773648,360
5560.9,0.0039201732724905,0.0512543230627974,47
5561.43,0.0213617086410522,0.160653291891019,264
5561.92,0.00387949123978615,0.0362839568406343,278
5562.42,0.00128638744354248,0.0255941180512309,282
5562.91,0.00274455733597279,0.0417985403910279,212
5563.39,0.00221103802323341,0.0398299470543861,337
5563.86,0.00254883989691734,0.0410014021520813,343
5564.35,0.00363992154598236,0.0387570600335797,1
5564.85,0.00179830193519592,0.0437695117046436,331
5565.38,0.000841572880744934,0.0442991694435477,34
5565.88,0.00473770499229431,0.052250220750769,24
5566.39,0.00258918479084969,0.0460876040160656,49
5566.87,0.00146292895078659,0.0355735762665669,46
5567.37,0.000971127301454544,0.0461415210738778,12
5567.87,0.00174738839268684,0.0444809611265858,86
5568.4,NaN,NaN,NaN
5568.92,0.00368400290608406,0.0561754448960225,19
5569.46,NaN,NaN,NaN
5569.96,0.00271108746528625,0.0478540475790699,239
5570.46,NaN,NaN,NaN
5570.97,0.00266655720770359,0.0431785117834806,61
5571.5,0.00227781757712364,0.0380692450950543,259
5571.97,0.00212139822542667,0.0416461328665415,36
5572.45,0.0030385684221983,0.0432937800263365,362
5572.94,0.00286670494824648,0.0329246587740878,218
5573.43,0.00140723772346973,0.0362036523098747,9
5573.93,0.0013156421482563,0.0400914903730154,46
5574.44,0.00165233388543129,0.0357622820883989,73
5574.95,0.00153502076864243,0.0322081396977107,359
5575.46,0.00370188616216183,0.0358033208176494,26
5575.96,0.000609121285378933,0.0297477771528065,69
5576.5,NaN,NaN,NaN
5576.98,0.00160391628742218,0.0378631787995497,31
5577.48,0.00151329673826694,0.0368734914809465,64
5577.97,0.00143369194120169,0.0324153030912081,137
5578.46,0.00179141014814377,0.0340649314845602,71
5578.94,0.00268014334142208,0.0380472525333365,311
5579.42,0.00250571221113205,0.0358466540152828,27
5579.93,0.00188602693378925,0.0364976031705737,64
5580.46,0.00160058680921793,0.0313331557748218,327
5580.95,0.00160653609782457,0.0255875337558488,321
5581.45,0.000837154686450958,0.0291625958246489,10
5581.94,0.00156969297677279,0.0268385694362223,210
5582.43,0.00103519763797522,0.0257451551345487,75
5582.92,0.000938240438699722,0.0348380642632643,50
5583.43,0.00167173147201538,0.0299279211709897,-1
5583.91,0.00247553642839193,0.0296314015674094,322
5584.41,0.000850425101816654,0.0225728177465498,6
5584.91,0.00152856856584549,0.0303952400572598,-8
5585.41,0.00174020882695913,0.0259814735812445,331
5585.92,0.00219255685806274,0.0301973276461164,71
5586.45,0.000809536315500736,0.0242723079087834,279
5586.93,0.00168744102120399,0.0358073472355803,75
5587.43,0.00133503135293722,0.0206276075914502,-3
5587.9,0.000254423357546329,0.0232282419068118,35
5588.37,0.00105651933699846,0.0267114965245128,339
5588.85,0.00142599083483219,0.0298124399657051,364
5589.36,0.00115886889398098,0.0223607146181166,-10
5589.89,NaN,NaN,NaN
5590.43,0.00312724523246288,0.0303064502465228,367
5590.93,0.00212914869189262,0.0299832931098839,71
5591.44,0.000633667223155499,0.02317888646697,75
5591.93,0.00161283742636442,0.0270541502783696,-2
5592.43,0.00277520809322596,0.0324463907939692,95
5592.91,0.00246350094676018,0.0256813008648654,314
5593.4,0.000761794857680798,0.0235798535868526,349
5593.5,0.00111241731792688,0.0239859307184815,49
5594.03,0.00274447724223137,0.0359214171767235,258
5594.6,0.00216203276067972,0.0300977854058146,286
5595.12,0.00205558259040117,0.0265115067983667,299
5595.6,0.00139414053410292,0.0300981604183714,52
5596.14,0.00170060154050589,0.023383660086741,234
5596.58,NaN,NaN,NaN
5597.01,NaN,NaN,NaN
5597.51,NaN,NaN,NaN
5598.07,NaN,NaN,NaN
5598.55,NaN,NaN,NaN
5599.03,NaN,NaN,NaN
5599.58,NaN,NaN,NaN
5600.12,NaN,NaN,NaN
5600.6,0.0013070423156023,0.0279257499302427,-11
5601.08,0.00408185180276632,0.0258424809823434,302
5601.58,0.00111446436494589,0.0308622899465263,85
5602.14,0.00290357135236263,0.0310228240365783,1
5602.62,0.00233529601246119,0.0310414526611567,321
5603.03,0.00254428014159203,0.0275549842044711,260
5603.5,0.00146101135760546,0.0314529230818152,302
5604.06,0.00432394817471504,0.038042058236897,349
5604.54,0.00096015352755785,0.0272291757476826,-4
5604.98,0.00160496402531862,0.0311655782473584,355
5605.56,0.00321482960134745,0.0285609086665014,280
5606.11,0.00174472294747829,0.0307201648441454,354
5606.56,0.00284627173095942,0.0281526331479351,317
5607.09,0.00138133391737938,0.0290742926299572,37
5607.55,0.000968178734183311,0.0314567742558817,65
5608,0.00156541168689728,0.0257415141289433,359
5608.56,0.00266436859965324,0.0317868300092717,303
5609.07,0.002500019967556,0.031342941801995,43
5609.51,0.000514566898345947,0.0271294536069036,320
5610.04,0.0047164149582386,0.0310130971483886,325
5610.58,0.000601604580879211,0.027694841225942,51
5611.07,0.00225879531353712,0.0261342829714219,53
5611.55,0.00132166966795921,0.0239250096492469,337
5612.05,0.00227918196469545,0.0239767446182668,309
5612.51,0.000680979341268539,0.0261487057432532,-1
5612.99,0.00237580388784409,0.0309638927380244,219
5613.51,0.000723397359251976,0.0273117730394006,312
5614.07,0.00149541348218918,0.0330198677256703,321
5614.58,0.00287750456482172,0.033101766059796,278
5615.09,0.000661524944007397,0.0267495913431048,365
5615.61,0.00230558030307293,0.0342489667236805,46
5616.09,NaN,NaN,NaN
5616.52,NaN,NaN,NaN
5617,NaN,NaN,NaN
5617.5,NaN,NaN,NaN
5617.97,NaN,NaN,NaN
5618.52,NaN,NaN,NaN
5619.02,NaN,NaN,NaN
5619.48,NaN,NaN,NaN
5620.05,NaN,NaN,NaN
5620.53,0.000984814949333668,0.028146627979974,358
5620.98,0.00148393120616674,0.023973087935398,302
5621.44,0.0010691937059164,0.028775809177508,207
5621.89,0.00156691204756498,0.0302911281275253,125
5622.4,0.000227410346269608,0.00864796612101297,371
5622.97,0.000983146019279957,0.0295473798178136,40
5623.45,0.000490733422338963,0.0167293103101353,326
5623.92,0.00103120319545269,0.0194559949450195,65
5624.47,0.00166385620832443,0.0207599815912545,125
5624.91,0.000532089732587337,0.0208676766293744,89
5625.38,0.000827337615191936,0.026136826723814,-12
5625.88,0.00148135330528021,0.0235930355265737,23
5626.32,0.000838359817862511,0.0227206343164047,1
5626.76,0.00108569860458374,0.0205264291726053,318
5627.22,0.0044333953410387,0.0350772999227047,55
5663.75,0.000393922440707684,0.0131868377017478,104
5664.5,NaN,NaN,NaN
5664.79,NaN,NaN,NaN
5665.5,NaN,NaN,NaN
5666.26,0.0145196374505758,0.0740776962290208,71
5674.04,0.014457181096077,0.100023883705338,318
5674.47,0.00653059035539627,0.0747280778984229,70
5674.91,0.00222761183977127,0.0673061187068621,339
5675.4,0.00778766721487045,0.069506657620271,332
5675.9,0.00817792303860188,0.0580506290619572,355
5676.41,NaN,NaN,NaN
5676.85,NaN,NaN,NaN
5677.28,NaN,NaN,NaN
5677.62,NaN,NaN,NaN
5677.96,NaN,NaN,NaN
5829.63,0.000709718093276024,0.00914794819739958,346
5830.13,0.0112184789031744,0.0452077640220523,18
5830.62,NaN,NaN,NaN
5831.09,0.00243233516812325,0.0348908575251698,50
5831.56,0.00102694798260927,0.0243177342539032,95
5832.06,0.0011203670874238,0.0259357003184656,366
5832.55,0.0010787071660161,0.0229679304175079,30
5833.07,0.0021723173558712,0.0299771218560636,344
5833.58,0.00197646766901016,0.0367936544741193,50
5834.09,0.00151250045746565,0.0310225339295963,23
5834.6,0.00931736826896667,0.0493919501701991,126
5835.09,0.00288297794759274,0.034856781984369,57
5835.57,0.00221616216003895,0.0339302386467656,317
5836.08,0.00368598289787769,0.0353947086259723,117
5836.58,NaN,NaN,NaN
5837.13,NaN,NaN,NaN
5837.66,0.00535512901842594,0.047980159210662,199
5838.18,0.00242144241929054,0.0369931580498815,262
5838.68,NaN,NaN,NaN
5839.18,0.00163216888904572,0.0352115671460827,34
5839.67,NaN,NaN,NaN
5840.17,0.00347112491726875,0.0298447911627591,98
5840.67,NaN,NaN,NaN
5841.2,0.00415179133415222,0.0508185354992747,70
5841.72,0.00474234856665134,0.0411029517029723,274
5842.22,0.00296321883797646,0.0397233202432593,79
5842.71,0.00281019881367683,0.0299995904788375,361
5843.21,0.00117299612611532,0.0321681145578623,358
5843.71,0.00190269574522972,0.0366959047193329,357
5844.21,0.00339524075388908,0.0352042922750115,225
5844.72,0.00236437283456326,0.0337154977023602,153
5845.23,0.00251260586082935,0.035844698548317,92
5845.73,0.00334079563617706,0.0486310496926308,13
5846.23,0.00147874467074871,0.0380272545541326,330
5846.71,0.00332622788846493,0.0388217897464832,150
5847.22,NaN,NaN,NaN
5847.73,0.00132825784385204,0.0326795754954219,350
5848.24,0.00703527592122555,0.0409000037858884,331
5848.74,0.00403332524001598,0.0400692500794927,41
5849.25,0.000754206441342831,0.0280600941429536,359
5849.75,0.00204358249902725,0.0314601338468492,345
5850.25,0.00148261338472366,0.0315451850183308,221
5850.74,0.00158584676682949,0.0347049059346318,37
5851.25,0.00536938197910786,0.0438710643599431,274
5851.74,0.00107195787131786,0.0361678330227733,323
5852.24,0.00435996893793344,0.0298389562716087,42
5852.73,0.00237250328063965,0.0357207180932164,28
5853.22,0.00236540473997593,0.0343547432372967,74
5853.72,0.00480424240231514,0.0386908228198687,300
5854.24,0.00300179794430733,0.0400567417964339,333
5854.74,0.00238918419927359,0.0308927190490067,64
5855.25,0.00201609544456005,0.0365834422409534,309
5855.73,0.00431174226105213,0.0437166042005022,221
5856.23,0.0027171466499567,0.0375106511637568,361
5856.71,0.0042057242244482,0.0440767944479982,359
5857.2,0.00271899066865444,0.0315857694173853,54
5857.68,0.00140265934169292,0.0293168184968332,-1
5858.23,0.00236640777438879,0.0295446463860571,30
5858.77,0.00257740169763565,0.0414854912087321,14
5859.29,0.0037276353687048,0.0461362941811482,2
5859.79,0.00172729045152664,0.0335874228427807,-2
5860.3,0.00499254837632179,0.0372258014976978,359
5860.8,0.00640501640737057,0.0398017366727193,38
5861.3,0.00169415399432182,0.033688242547214,46
5861.78,0.00351119134575129,0.0328139032547673,33
5862.25,0.0028305621817708,0.031471692956984,263
5862.72,0.00386232137680054,0.0375053171689312,109
5863.21,0.00241677649319172,0.0297090637808045,49
5863.7,0.00368725135922432,0.0357641074806452,238
5864.21,0.00298250932246447,0.0329560652996103,261
5864.73,0.00104741007089615,0.0340915831426779,359
5865.22,0.00491983257234097,0.0310397986322641,37
5865.68,0.00359488185495138,0.0289100085695585,375
5866.14,0.00105590187013149,0.0309110851958394,32
5866.59,0.00434714648872614,0.0347810268091659,41
5867.06,0.00157057866454124,0.034136195667088,44
5867.5,0.00250067561864853,0.0311284934480985,13
5867.89,NaN,NaN,NaN
5868.26,NaN,NaN,NaN
5880.27,NaN,NaN,NaN
5879.61,NaN,NaN,NaN
5879.5,NaN,NaN,NaN
5880.43,NaN,NaN,NaN
5881.09,0.000557702966034412,0.0135300871140013,310
5881.5,0.000928566791117191,0.0183258412095408,314
5882.21,0.000473181717097759,0.0149376709014177,80
5882.5,NaN,NaN,NaN
5883.11,NaN,NaN,NaN
5883.5,0.00379223749041557,0.0204722741618752,265
5883.97,0.00236934050917625,0.0185798656505843,258
5884.44,0.00481508392840624,0.0228831161124011,318
5884.94,0.00233850441873074,0.0189047739841044,351
5885.42,0.00143927009776235,0.0168984365494301,341
5885.9,0.00089255440980196,0.0182063532993197,101
5886.38,0.00231997482478619,0.0181615129113197,286
5886.85,0.00606608204543591,0.0258612499261896,29
5887.34,0.00126426527276635,0.0149623381439596,331
5887.84,0.00585552677512169,0.0341469139481584,206
5888.35,0.000723624601960182,0.0175756113603711,321
5888.88,0.00113518908619881,0.0186130272534986,359
5889.41,0.00270804949104786,0.0255991100954513,2
5889.89,0.00535869598388672,0.0231220171165963,310
5890.38,0.00103573780506849,0.0151631942329307,354
5890.86,0.00133960228413343,0.0171920297046502,341
5891.37,0.000757839530706406,0.018476946434627,59
5891.86,0.00357456970959902,0.022596496467789,334
5892.36,0.00101161049678922,0.0159145342186093,356
5892.84,0.0019758976995945,0.0225771237164736,170
5893.35,0.00122710783034563,0.0194849201167623,313
5893.88,0.00068542268127203,0.0186478996959825,32
5894.39,0.000901988707482815,0.0235440282461544,101
5894.87,0.000830518081784248,0.0195266371592879,99
5895.37,0.00150416884571314,0.024076671184351,102
5895.88,0.00235675647854805,0.0290236993071934,11
5896.4,0.00089719146490097,0.0217728026521703,68
5896.9,0.00243067648261786,0.0216643686095874,345
5897.41,0.00147664733231068,0.0231464652655025,356
5897.89,0.00391066446900368,0.0209617015595237,309
5898.35,0.00411626789718866,0.0317664031560222,228
5898.8,0.00141346640884876,0.0225312248803675,338
5899.28,0.00371260195970535,0.0214112990846237,274
5899.8,0.00157872587442398,0.0390344032396873,97
5900.38,NaN,NaN,NaN
5900.96,0.00878839194774628,0.0562860301385323,177
5901.54,0.00285499077290297,0.0292555292447408,279
5902.03,0.00249970331788063,0.0383947227771083,352
5902.51,0.00227560475468636,0.0374598543470105,364
5902.97,0.0048619769513607,0.0403332763041059,280
5903.43,0.00230835005640984,0.0293756537139416,356
5903.96,0.00167152937501669,0.0292976917698979,51
5904.5,0.000960739329457283,0.0385007976243893,314
5905.01,NaN,NaN,NaN
5905.5,NaN,NaN,NaN
5906.01,0.00281129591166973,0.0296964395480851,25
5906.51,0.00362556427717209,0.0369433288772901,340
5906.98,0.00140309799462557,0.0276072435081005,227
5907.46,0.00268727261573076,0.0256524034775794,74
5907.93,0.000733565539121628,0.0271513528811435,10
5908.43,0.00197689794003963,0.0303712737125655,330
5908.91,0.00108130648732185,0.0276779344615837,88
5909.4,0.00189057923853397,0.034610329195857,338
5909.88,0.0036216527223587,0.0378918076554934,63
5910.38,0.0022519351914525,0.0271745791348318,0
5910.9,0.00287139043211937,0.0271261270778875,34
5911.42,0.000781968235969543,0.0266521624289453,13
5911.92,0.00325759500265121,0.0308476467616856,357
5912.42,0.00382822658866644,0.0296680588896076,1
5912.9,0.00222131889313459,0.0267042866908014,14
5913.38,0.00218436401337385,0.0303920581936836,315
5913.85,0.00176089908927679,0.0303513042939206,313
5914.33,0.000768246129155159,0.0220337503900131,11
5914.82,0.00206387881189585,0.0285508957070609,333
5915.4,0.0028510894626379,0.0237481816050907,361
5915.94,0.00441166292876005,0.0268154771377643,-12
5916.42,0.00383999291807413,0.0300689569363991,365
5916.88,0.00227194279432297,0.0212117773480713,24
5917.35,0.00180788058787584,0.0204962291754782,353
5917.82,0.0057648029178381,0.0255173092397551,29
5918.31,0.00223619025200605,0.0206706556491554,372
5918.82,0.000988415442407131,0.0280352141708136,49
5919.34,0.00180006958544254,0.0276523112940292,53
5919.85,0.00437376089394093,0.0388589774568876,48
5920.39,0.000999321229755878,0.0300841874753435,43
5920.89,0.00100881792604923,0.0304604827736815,311
5921.39,0.000925907865166664,0.026388398061196,365
5921.88,0.00198897533118725,0.0354321586589018,1
5922.37,0.00309424288570881,0.0296583051482836,328
5922.83,0.00422778725624084,0.0340127043115596,321
5923.3,0.00131102744489908,0.0319250576818983,331
5923.78,0.00429330486804247,0.0346307762277623,43
5924.31,0.0040945652872324,0.0390806735182802,329
5924.79,0.00397585146129131,0.0485505949084957,32
5925.23,0.00145309790968895,0.0477089025080204,70
5925.65,0.00154722854495049,0.0459949346259236,10
5926.13,0.00322757475078106,0.052266925573349,55
5926.65,0.00225868448615074,0.0461582740147909,73
5927.17,0.00294925644993782,0.0478304761151473,345
5927.69,0.00487417727708817,0.0377730820327997,17
5928.21,0.00258593261241913,0.0359527974699934,15
6062.04,NaN,NaN,NaN
6062.58,NaN,NaN,NaN
6063.28,NaN,NaN,NaN
6063.97,NaN,NaN,NaN
6064.5,NaN,NaN,NaN
6064.93,NaN,NaN,NaN
6065.32,NaN,NaN,NaN
6065.83,NaN,NaN,NaN
6066.45,NaN,NaN,NaN
6066.98,NaN,NaN,NaN
6067.21,NaN,NaN,NaN
6067.59,NaN,NaN,NaN
6068.19,NaN,NaN,NaN
6068.62,NaN,NaN,NaN
6069.15,NaN,NaN,NaN
6069.84,NaN,NaN,NaN
6070.48,NaN,NaN,NaN
6075.95,0.0252899900078773,0.123574217160543,4
6076.5,NaN,NaN,NaN
6076.98,0.0120842456817627,0.0926958862692118,120
6077.54,NaN,NaN,NaN
6078.04,0.00857024639844894,0.0497893129164974,267
6078.41,NaN,NaN,NaN
6078.9,NaN,NaN,NaN
6079.54,NaN,NaN,NaN
6080.06,NaN,NaN,NaN
6080.54,NaN,NaN,NaN
6081.01,NaN,NaN,NaN
6081.48,NaN,NaN,NaN
6081.94,NaN,NaN,NaN
6082.48,NaN,NaN,NaN
6082.99,NaN,NaN,NaN
6083.46,NaN,NaN,NaN
6083.96,0.0107945669442415,0.0654154348497589,263
6084.45,NaN,NaN,NaN
6094.7,NaN,NaN,NaN
6095.15,NaN,NaN,NaN
6095.57,NaN,NaN,NaN
6096.02,NaN,NaN,NaN
6096.54,NaN,NaN,NaN
6097.04,NaN,NaN,NaN
6097.5,NaN,NaN,NaN
6105.02,NaN,NaN,NaN
6105.54,0.00311662629246712,0.0418890671183666,25
6106.2,0.00651027634739876,0.0704138372093439,321
6106.72,NaN,NaN,NaN
6107.11,NaN,NaN,NaN
6107.66,0.0240493305027485,0.0856412369757891,257
6108.23,NaN,NaN,NaN
6108.59,NaN,NaN,NaN
6108.94,NaN,NaN,NaN
6109.4,NaN,NaN,NaN
6109.97,NaN,NaN,NaN
6110.59,NaN,NaN,NaN
6111.09,NaN,NaN,NaN
6111.53,0.00367052108049393,0.0442592812081178,352
6112.04,0.000867687165737152,0.0271121553766231,-13
6112.5,0.00448564253747463,0.0502491754790147,171
6113.67,0.00495311617851257,0.0513504405195514,225
6114.28,0.00367099046707153,0.0344725210840503,316
6114.88,0.00808986648917198,0.0452320538461208,268
6115.46,0.00470038875937462,0.0352304587140679,361
6115.98,0.00590240769088268,0.0635258102168639,336
6116.42,0.00317843072116375,0.0419231522828341,360
6116.86,0.00653722323477268,0.041964581857125,323
6117.36,0.00339209288358688,0.0479839267209172,-10
6117.94,0.00372545979917049,0.0508821085095406,68
6118.44,0.00779353640973568,0.057536767795682,29
6118.89,0.00791161134839058,0.0542421670009693,312
6119.46,0.0109296794980764,0.0711680448924502,323
6119.99,0.0158179234713316,0.0576987375194828,302
6120.48,0.0153530742973089,0.0719160710771879,328
6128.72,NaN,NaN,NaN
6128.22,0.00497459806501865,0.06509670894593,366
6127.64,0.016472902148962,0.0954668273528417,238
6127.03,0.00438955798745155,0.0730401426553726,327
6126.5,0.00633233413100243,0.0688479306797187,312
6125.93,0.00927957519888878,0.0510689116393526,1
6125.5,0.0111337509006262,0.0681982869282365,360
6124.83,0.00241152569651604,0.0447851444284121,349
6144.81,0.0027200598269701,0.0452158059924841,93
6145.26,0.00654451735317707,0.0497496531655391,364
6145.69,NaN,NaN,NaN
6146.17,0.0024899635463953,0.0533272533987959,274
6146.62,0.00556021369993687,0.0464771147817373,71
6147.09,0.00667846761643887,0.0451519070193172,29
6147.58,0.00580982677638531,0.0463535062347849,232
6148.12,0.00901714339852333,0.0431382603322466,309
6148.66,0.00916687399148941,0.0624500252306461,75
6149.27,0.00551105476915836,0.0533593806127707,285
6149.66,NaN,NaN,NaN
6149.98,NaN,NaN,NaN
6150.56,0.00271569006145,0.0566429098447164,2
6151.19,0.00599600188434124,0.0364634503299991,72
6151.69,NaN,NaN,NaN
6152.44,NaN,NaN,NaN
6153.14,NaN,NaN,NaN
6153.49,NaN,NaN,NaN
6153.82,NaN,NaN,NaN
6171.85,0.011772945523262,0.139462069918712,63
6171.5,NaN,NaN,NaN
6170.81,NaN,NaN,NaN
6170.5,NaN,NaN,NaN
6170.23,NaN,NaN,NaN
6169.71,0.0043265912681818,0.0649898163974285,363
6169.08,0.00795121863484383,0.0716089873264233,325
6168.5,0.00468878820538521,0.0561408456414938,39
6167.93,0.00341969728469849,0.0352406247208516,193
6178.34,NaN,NaN,NaN
6177.65,0.0256716832518578,0.172412246465683,40
6177.01,NaN,NaN,NaN
6183.1,NaN,NaN,NaN
6182.61,NaN,NaN,NaN
6182.1,NaN,NaN,NaN
6181.58,NaN,NaN,NaN
6181,NaN,NaN,NaN
6180.5,NaN,NaN,NaN
6183.95,0.00134804286062717,0.0208570406151315,322
6188.68,0.0340630821883678,0.0927178828666608,256
6189.06,0.0293513350188732,0.0914092417806387,238
6189.5,NaN,NaN,NaN
6190.01,NaN,NaN,NaN
6190.4,NaN,NaN,NaN
6190.86,0.00975104607641697,0.0453492992868026,4
6191.5,0.00961052067577839,0.0560514492293199,255
6192.02,0.00727792829275131,0.0468633056928714,271
6192.5,0.00342436879873276,0.0417534507190188,357
6197.28,NaN,NaN,NaN
6197.84,0.00352127104997635,0.0428431689118346,9
6198.5,NaN,NaN,NaN
6199.12,0.0130499601364136,0.167932207385699,43
6215.1,NaN,NaN,NaN
6215.5,NaN,NaN,NaN
6216.13,NaN,NaN,NaN
6216.71,NaN,NaN,NaN
6217.2,NaN,NaN,NaN
6219.78,0.0020110048353672,0.0249778642319143,-3
6219.86,0.00488049350678921,0.039961401373148,297
6222.15,0.00343925505876541,0.0420066819836696,313
6222.79,0.00382187217473984,0.0324136762258907,-3
6223.3,0.00271603278815746,0.0293775829486549,195
6223.75,0.00280433334410191,0.0510855043927828,365
6244.19,NaN,NaN,NaN
6245.5,0.00392832607030869,0.0362871106093129,29
6246.28,NaN,NaN,NaN
6246.98,0.00389020889997482,0.0468373717740178,42
6247.5,0.0017706211656332,0.0236269397040208,168
6247.81,0.0027734786272049,0.0358814249436061,377
6248.21,0.00304316356778145,0.0417315065860748,18
6248.77,0.00500607863068581,0.0454064657290777,208
6249.38,NaN,NaN,NaN
6250.03,0.00941029563546181,0.0564140028630694,149
6250.5,0.0274337343871593,0.0825613010674715,129
6256.78,0.00159524194896221,0.0415424319605033,37
6257.32,0.00787237100303173,0.0491138519719243,301
6257.81,NaN,NaN,NaN
6258.3,0.00248350948095322,0.0399845813711484,363
6258.76,NaN,NaN,NaN
6259.23,NaN,NaN,NaN
6259.73,NaN,NaN,NaN
6260.25,0.00462625734508038,0.0563520907113949,360
6260.72,0.00267640873789787,0.0495036104694009,33
6261.2,0.025715745985508,0.158085957169533,253
6261.66,0.0191060192883015,0.140719723577301,76
6262.13,0.00466333888471127,0.0576562350615859,64
6329.5,NaN,NaN,NaN
6330.07,NaN,NaN,NaN
6330.7,NaN,NaN,NaN
6331.15,NaN,NaN,NaN
6331.64,NaN,NaN,NaN
6332.18,NaN,NaN,NaN
6332.63,NaN,NaN,NaN
6333.13,NaN,NaN,NaN
6333.66,NaN,NaN,NaN
6334.15,NaN,NaN,NaN
6384.8,NaN,NaN,NaN
6387.9,NaN,NaN,NaN
6388.5,0.00131038948893547,0.0299050281755626,71
6389.17,NaN,NaN,NaN
6389.81,0.00421662628650665,0.0442447898288568,325
6390.42,NaN,NaN,NaN
6391.01,NaN,NaN,NaN
6391.51,NaN,NaN,NaN
6391.93,0.00278642680495977,0.0229897540993989,0
6439.18,NaN,NaN,NaN
6439.68,NaN,NaN,NaN
6440.17,NaN,NaN,NaN
6498.96,NaN,NaN,NaN
6498.51,NaN,NaN,NaN
6498.09,0.00926397927105427,0.0687934660042326,10
6653.08,NaN,NaN,NaN
6653.72,0.00643923878669739,0.102090556174517,70
6654.33,NaN,NaN,NaN
6654.76,0.019994281232357,0.100046356519063,192
6655.16,0.0250083804130554,0.107666524127126,147
6655.6,0.0296098701655865,0.118532632788022,84
6672.95,NaN,NaN,NaN
6673.5,0.00319132953882217,0.0505547219266494,51
6674.04,0.00368365272879601,0.0594944550345341,361
6674.51,NaN,NaN,NaN
6677.5,NaN,NaN,NaN
6680.26,0.00219630263745785,0.043486211138467,355
6680.97,0.0032851155847311,0.0520732837418715,65
6681.43,0.00422124192118645,0.0450109420344234,20
6681.88,0.00381254032254219,0.0727376875778039,-7
6682.36,0.00253947824239731,0.0797234959900379,-4
6682.8,0.00617529265582561,0.0666470692182581,60
6683.24,0.0190030485391617,0.0988323067625364,100
6683.67,0.0154878553003073,0.0690133376047015,49
6684.16,0.0229289047420025,0.100865131244063,93
6684.63,NaN,NaN,NaN
6685.26,NaN,NaN,NaN
6685.85,NaN,NaN,NaN
6686.45,NaN,NaN,NaN
6687.29,NaN,NaN,NaN
6687.94,NaN,NaN,NaN
6688.5,NaN,NaN,NaN
6688.78,NaN,NaN,NaN
6689.07,0.00432249158620834,0.050505853878955,50
6689.56,0.0110482759773731,0.069800061173737,320
6692.51,NaN,NaN,NaN
6693.07,0.0156263820827007,0.0769129594167074,166
6693.5,NaN,NaN,NaN
6693.98,NaN,NaN,NaN
6694.5,NaN,NaN,NaN
6695.01,NaN,NaN,NaN
6695.66,NaN,NaN,NaN
6695.94,NaN,NaN,NaN
6696.2,NaN,NaN,NaN
6696.87,0.00737692788243294,0.0791216467817624,54
6697.47,0.00278451107442379,0.0465173029030363,95
6697.86,0.0106339678168297,0.078526267160972,52
6698.5,NaN,NaN,NaN
6698.74,0.024677611887455,0.125316781302293,108
6699.28,NaN,NaN,NaN
6699.8,0.00674072280526161,0.0706734371682008,77
6700.36,NaN,NaN,NaN
6701.26,0.00708468444645405,0.0562555193901062,92
6701.5,NaN,NaN,NaN
6706.22,NaN,NaN,NaN
6706.73,0.00594950094819069,0.0511161197597782,69
6707.26,0.0099435318261385,0.056345645027856,87
6707.73,0.00257205218076706,0.0445458696534236,49
6708.27,0.0153967924416065,0.108170116941134,35
6708.8,NaN,NaN,NaN
6709.1,0.00343253463506699,0.0526281349981825,14
6709.38,NaN,NaN,NaN
6732.46,0.00144891440868378,0.0349011986205975,313
6732.85,NaN,NaN,NaN
6733.28,0.00390631519258022,0.0460704853758216,39
6733.75,NaN,NaN,NaN
6734.23,0.00437308847904205,0.0629602391272783,218
6734.71,0.00743597745895386,0.0434623695909977,344
6735.21,0.00319092534482479,0.0448141281182567,327
6735.69,0.00951720774173737,0.0628693234175444,30
6736.18,0.00397380068898201,0.046003047687312,325
6736.66,0.0101102627813816,0.0548442834988236,345
6737.14,0.00734097510576248,0.0476145865395665,289
6737.6,0.00521653704345226,0.0484652981782953,70
6738.12,0.00903319008648396,0.0678597766285141,254
6738.61,0.0119470935314894,0.0634997092808286,298
6739.08,0.00357424467802048,0.0385314784944057,271
6745.14,0.00361280515789986,0.0377617900570234,313
6745.83,0.00863350555300713,0.0638720250378052,38
6746.41,0.00110173970460892,0.0313282913217942,89
6746.89,0.002462238073349,0.0403550202026963,197
6747.35,NaN,NaN,NaN
6747.83,NaN,NaN,NaN
6748.32,NaN,NaN,NaN
6748.82,NaN,NaN,NaN
6751.84,NaN,NaN,NaN
6752.24,NaN,NaN,NaN
6752.68,0.00462896563112736,0.0405957003434499,340
6753.15,NaN,NaN,NaN
6812.55,0.0050894133746624,0.0483891731128097,16
6812.97,0.00242377072572708,0.035059615659217,319
6813.4,0.00346355512738228,0.0477861904849609,2
6813.83,0.00514332391321659,0.0373448270062606,40
6814.28,0.00548520497977734,0.0413838854680459,26
6814.73,0.0028342641890049,0.046209169862171,31
6815.17,0.00271123275160789,0.0316000295182069,38
6815.58,0.00212538428604603,0.0467433125401537,366
6904.6,NaN,NaN,NaN
6905.5,NaN,NaN,NaN
6905.97,NaN,NaN,NaN
6906.44,NaN,NaN,NaN
6906.8,NaN,NaN,NaN
6907.27,NaN,NaN,NaN
6907.74,NaN,NaN,NaN
6916.5,NaN,NaN,NaN
6915.74,NaN,NaN,NaN
6915.04,NaN,NaN,NaN
6914.56,NaN,NaN,NaN
6914.09,NaN,NaN,NaN
6913.52,NaN,NaN,NaN
6912.95,NaN,NaN,NaN
6912.5,NaN,NaN,NaN
6912.15,NaN,NaN,NaN
6920.95,0.00224051345139742,0.0241781525934736,311
6921.54,0.00289410632103682,0.0244260838565727,45
6922.22,0.00190830416977406,0.0253549388920267,364
6922.78,NaN,NaN,NaN
6923.25,0.00584147125482559,0.0369401496524612,348
6923.7,0.0039423480629921,0.0432759995261828,279
6924.22,0.00218719057738781,0.0455227630833785,366
6924.75,0.00328552536666393,0.0464207343757153,360
6925.2,0.0025403369218111,0.0562247366954883,6
6925.62,0.00870857387781143,0.0619779604797562,52
6926.18,0.00658661872148514,0.0643646642565727,329
6926.73,0.00107512623071671,0.0323590685923894,369
6927.21,0.00481892563402653,0.0393241352091233,65
6927.67,0.00168894045054913,0.031481873554488,23
6928.08,0.00221555773168802,0.0326721856060127,129
6928.5,0.00208219513297081,0.0391512283434471,174
6928.94,0.00614765100181103,0.0468933076287309,42
6929.54,0.00477793999016285,0.0402253422265252,301
6930.13,0.00672521069645882,0.046266555475692,250
6935.5,NaN,NaN,NaN
6935.79,0.0130655318498611,0.0857591933260361,-6
6936.45,NaN,NaN,NaN
6936.96,NaN,NaN,NaN
6990.42,NaN,NaN,NaN
6990.83,NaN,NaN,NaN
6991.4,NaN,NaN,NaN
6992,0.00816995650529861,0.0710816873858372,362
6992.5,NaN,NaN,NaN
6993.06,0.00379814580082893,0.0707950082918008,0
6993.5,NaN,NaN,NaN
6994.29,0.00542235560715199,0.0588677944615483,159
6994.92,NaN,NaN,NaN
6995.02,NaN,NaN,NaN
6995.09,NaN,NaN,NaN
6995.75,0.0309615172445774,0.0894790403544903,333
6996.34,0.00488114543259144,0.0444375462830067,225
6996.77,0.00228475965559483,0.0449532348041733,308
6997.5,NaN,NaN,NaN
6998.04,0.00501207076013088,0.0555526108170549,320
6998.5,0.00138082727789879,0.0448047326256832,369
7045.57,NaN,NaN,NaN
7046,0.00627024099230766,0.0434422828257084,365
7046.48,NaN,NaN,NaN
7046.98,0.0219251848757267,0.109025581429402,364
7047.46,0.0126114636659622,0.0796627129117648,49
7048,0.0136017128825188,0.0610698514307539,316
7048.52,NaN,NaN,NaN
7049.03,0.0306826941668987,0.0961933738241593,303
7049.54,0.00623876787722111,0.0472130142152309,300
7050.03,0.0173278283327818,0.066899095972379,290
7050.5,0.00407183729112148,0.0386546260366837,350
7051.06,0.00632603093981743,0.0429548717414339,262
7051.62,0.0050056017935276,0.0383419717351596,279
7052.08,0.00582479313015938,0.0384168578311801,364
7052.56,0.0082494355738163,0.0459817411998908,264
7053.1,0.0033405777066946,0.0505457427352667,113
7053.61,0.00687886774539948,0.0335459695197642,330
7054.12,0.00818058848381042,0.0460125890870889,259
7054.61,0.00564566254615784,0.0434454229349891,271
7055.11,0.011943805962801,0.0555637512976925,272
7055.65,0.00473113171756268,0.0528538431972265,319
7056.2,0.0032964963465929,0.0372655913233757,20
7056.69,0.0110814683139324,0.0826857214172681,348
7057.21,0.00353249721229076,0.049467045503358,59
7057.75,0.00198471173644066,0.0491972845047712,327
7058.29,0.0157833993434906,0.0553376510118445,336
7058.78,0.004879180341959,0.052046215472122,356
7059.27,0.00739520788192749,0.0564963311577837,338
7059.76,0.00229266285896301,0.044650016973416,357
7060.32,0.00400461629033089,0.0490183988586068,314
7060.87,0.00112863909453154,0.0317960572429001,49
7061.39,0.00521804951131344,0.0412712730467319,303
7061.84,0.0110711026936769,0.0649790965641538,278
7062.31,0.00536045618355274,0.0638465918600559,168
7062.86,0.00383530929684639,0.0489048936093847,33
7063.43,0.00464915297925472,0.052198374333481,302
7063.96,0.00788409262895584,0.0840468096236388,35
7064.51,0.00331226177513599,0.0473031705866257,323
7065.03,0.0230949781835079,0.0949875023216009,265
7065.53,0.0446644835174084,0.145067928979794,357
7066.02,0.00484456121921539,0.0505645132313172,274
7066.5,0.0117781162261963,0.06557913372914,365
7067.02,0.0025271363556385,0.0463603151341279,56
7067.61,0.00189108401536942,0.0434882243474325,63
7068.18,0.0154693983495235,0.0904915469388167,322
7068.65,0.0026161540299654,0.0415834399561087,92
7069.12,0.00169304572045803,0.0290992747371395,318
7069.53,0.00507030263543129,0.0749021066973607,32
7069.99,0.00311405770480633,0.052447955434521,356
7070.6,0.00578377023339272,0.0561239517604311,64
7071.21,0.00404560193419456,0.0668059214949608,49
7071.71,0.00713957473635674,0.0595878921449184,284
7072.18,0.00629670917987823,0.0683706576625506,316
7072.63,0.00281010195612907,0.0485852677375078,42
7073.12,0.00165677443146706,0.0417935261502862,100
7073.59,0.00306915119290352,0.0582477183391651,33
7074.08,0.00160166062414646,0.0380703223248323,366
7074.62,0.00931013561785221,0.0592777089526256,51
7075.24,0.00349513813853264,0.0357963824644685,307
7075.69,0.0142740979790688,0.0588808904091517,315
7076.06,NaN,NaN,NaN
7076.58,NaN,NaN,NaN
7077.13,NaN,NaN,NaN
7077.62,0.00503763929009438,0.0537557707478603,341
7078.13,0.010938411578536,0.0527766921247045,56
7078.68,0.00242959335446358,0.0255087465047836,362
7079.16,NaN,NaN,NaN
7079.55,NaN,NaN,NaN
7080.07,0.00620608404278755,0.0565495345120629,294
7080.61,0.00323360040783882,0.0392591090252002,348
7081.1,0.00897997431457043,0.054173285762469,316
7081.61,0.00392149016261101,0.0566087262704968,18
7082.18,NaN,NaN,NaN
7082.61,NaN,NaN,NaN
7083.09,NaN,NaN,NaN
7083.68,0.00843448378145695,0.0697313519194722,2
7084.19,0.00262704119086266,0.0332909848851462,296
7084.7,0.0522036515176296,0.132364628836513,-2
7085.23,0.00483710505068302,0.0570380535597603,264
7085.67,0.00477553531527519,0.0711208985497554,365
7086.16,0.0273674316704273,0.111045103520155,316
7086.7,0.00118138082325459,0.0409231927866737,353
7087.17,0.00991008430719376,0.0728464561204116,220
7087.65,0.00225437246263027,0.0353989678745468,364
7088.18,0.00113690830767155,0.0440454489241044,256
7088.59,0.00186617206782103,0.0318086271484693,257
7089.18,0.00159303098917007,0.0399305485188961,356
7089.7,0.00297753140330315,0.0439919981484612,209
7090.12,0.0084078274667263,0.0604351302608848,71
7090.65,0.00269390642642975,0.0455164931093653,53
7091.14,0.00238803587853909,0.0543831884860992,78
7091.54,0.00343970768153667,0.0571079909180601,320
7092.06,0.00307470560073853,0.0503551301856836,28
7092.62,NaN,NaN,NaN
7093.16,NaN,NaN,NaN
7093.69,NaN,NaN,NaN
7094.22,0.00398675538599491,0.0463227710376183,337
7094.72,0.00195221789181232,0.0426816986873746,52
7095.21,0.00424351170659065,0.0592962562416991,311
7095.7,0.00267257168889046,0.0495049046973387,362
7096.21,0.00574645958840847,0.0510894460603595,346
7096.71,0.0016897264868021,0.0421292722846071,210
7097.22,0.00400368683040142,0.0513510769233108,312
7097.71,0.00430761836469173,0.0491691309337815,315
7098.22,0.00156703777611256,0.0274408147670329,73
7098.73,0.00249894708395004,0.0434337171415488,-3
7099.25,0.00274447165429592,0.0448511096959313,39
7099.74,0.00200436636805534,0.0470564452310403,372
7100.23,0.00284939259290695,0.0472212644914786,12
7100.71,0.00351289100944996,0.0493842748304208,353
7101.2,0.00193962641060352,0.0441105707238118,52
7101.68,0.00056544691324234,0.0337146275366346,46
7102.19,0.00196589902043343,0.0317480267646412,366
7102.69,NaN,NaN,NaN
7103.2,NaN,NaN,NaN
7103.71,NaN,NaN,NaN
7104.23,0.00523339211940765,0.0522791768113772,266
7104.72,NaN,NaN,NaN
7105.23,0.002168208360672,0.0404092160363992,2
7105.72,0.00337395444512367,0.0327599979937077,307
7106.22,0.00668776966631413,0.0569739987452825,298
7106.72,0.00277028232812881,0.0441207624971867,29
7107.21,0.00929475761950016,0.0674163056537509,205
7107.7,0.00252057239413261,0.0504620966191093,74
7108.21,0.0116520822048187,0.0725450019041697,235
7108.69,0.00330411083996296,0.0455939282352726,16
7109.19,0.00110102817416191,0.0411875983700156,49
7109.68,NaN,NaN,NaN
7110.19,NaN,NaN,NaN
7110.69,0.00197975896298885,0.0400463783492645,319
7111.19,0.00209912657737732,0.0530881732702255,55
7111.71,NaN,NaN,NaN
7112.23,0.00344425067305565,0.0527150304988027,358
7112.73,0.00566111691296101,0.0441040551910798,294
7113.24,0.00143419578671455,0.0538526568561792,313
7113.73,0.00264985486865044,0.045697504033645,319
7114.21,0.00143279880285263,0.0401564526061217,-3
7114.7,0.0058265533298254,0.0444970699027181,37
7115.21,0.00231508444994688,0.027270071208477,45
7115.71,0.00152122788131237,0.0301814021853109,335
7116.21,0.00674018263816833,0.0494797055919965,361
7116.7,0.00425932556390762,0.0499395585308472,34
7117.19,0.00446603819727898,0.0434530839944879,-6
7117.68,0.00585146993398666,0.0604729748641451,319
7118.17,0.00802113674581051,0.0584079654266437,307
7118.62,0.0029873214662075,0.0536624149729808,245
7119.11,0.00318693928420544,0.0464670490473509,98
7119.64,NaN,NaN,NaN
7120.2,NaN,NaN,NaN
7120.71,0.00192090310156345,0.0423449544856946,-2
7121.21,0.00384951755404472,0.0482261839012305,364
7121.69,0.00423800572752953,0.0470120739191771,10
7122.19,0.00332522019743919,0.0469165220856667,-3
7122.72,0.00217880122363567,0.0341232928136984,103
7123.25,0.00201614014804363,0.0378897230451306,328
7123.73,0.00843433104455471,0.061943642484645,332
7124.21,NaN,NaN,NaN
7124.69,4.17977571487427e-05,0.0054658775528272,343
7125.18,0.00131144560873508,0.0374472082282106,360
7125.67,0.00491373427212238,0.0471529786785444,320
7126.16,0.00498343259096146,0.0460386152068774,325
7126.64,0.00535241514444351,0.0415526389454802,27
7127.14,0.00273472629487514,0.0439503754799565,360
7127.63,0.00159391574561596,0.0344200367107987,213
7128.14,0.00385887920856476,0.0385941086957852,216
7128.65,0.00130235590040684,0.0359022052337726,85
7129.18,0.00211111921817064,0.0313756104248265,55
7129.72,0.0012187622487545,0.0355825905377666,38
7130.23,0.00176637433469296,0.0240459594254692,290
7130.71,0.00128129217773676,0.0279154945164919,28
7131.2,0.00530287995934486,0.0489922510460019,307
7131.68,0.0057974886149168,0.0402026483789086,85
7132.16,0.00317957997322083,0.0544864830250541,362
7132.63,0.00239835493266582,0.0526218066612879,318
7133.13,0.00106233917176723,0.0409888131543994,-5
7133.62,0.00274350866675377,0.0404329312344392,13
7134.12,0.000892804935574532,0.0324773248285055,204
7134.61,0.00223965384066105,0.0307820308953524,205
7135.1,0.000272771343588829,0.0161831870985528,360
7135.58,0.00179137289524078,0.0351195214316249,43
7136.08,0.00185590237379074,0.0371569876248638,362
7136.58,0.00434030033648014,0.064332889392972,368
7137.09,0.00188438035547733,0.0516601968556643,329
7137.59,0.000938168726861477,0.0315665445911388,69
7138.1,0.00210171286016703,0.0281452837710579,193
7138.59,NaN,NaN,NaN
7139.08,0.00560163706541061,0.0465571619570255,32
7139.56,NaN,NaN,NaN
7140.1,NaN,NaN,NaN
7140.63,NaN,NaN,NaN
7141.14,0.00338339619338512,0.0460581292087833,35
7141.63,NaN,NaN,NaN
7142.09,0.00859575904905796,0.0628349197407563,292
7142.56,NaN,NaN,NaN
7143.07,NaN,NaN,NaN
7143.56,NaN,NaN,NaN
7144.07,NaN,NaN,NaN
7144.59,NaN,NaN,NaN
7145.1,NaN,NaN,NaN
7145.6,NaN,NaN,NaN
7146.12,0.00452293828129768,0.047296361066401,59
7146.61,0.00314325839281082,0.0469462542484204,149
7147.1,0.00606762617826462,0.0525050861760974,50
7147.59,0.00734850764274597,0.0507240360602736,57
7148.1,0.00577153079211712,0.0636599228406946,95
7148.6,0.00897854939103127,0.0605742549523711,198
7149.07,0.00319200195372105,0.0462320546309153,-3
7149.52,0.00216002576053143,0.0478662038221955,142
7150.01,1.87314581125975e-05,0.00312327252080043,-15
7150.52,0.00630977749824524,0.0529903002704183,362
7151.05,0.00423892959952354,0.0413883443300923,249
7151.56,0.0106000378727913,0.0771433487534523,276
7152.05,0.00185738690197468,0.0427678264677525,65
7152.53,0.0010662954300642,0.0359214621906479,318
7153.08,0.00220856070518494,0.0334841959799329,309
7153.61,0.00268228352069855,0.041985588769118,59
7154.08,0.0012142863124609,0.031594756214569,262
7154.54,0.00234702229499817,0.0304115558974445,47
7155.04,0.00350595638155937,0.0502132667849461,66
7155.56,0.00596040487289429,0.0699852829178174,153
7156.08,0.002569280564785,0.0491532866532604,90
7156.57,0.00792387127876282,0.0480197397992015,374
7157.06,0.00307817198336124,0.0376933201526602,61
7157.55,0.00165846385061741,0.0438696692387263,362
7158.06,0.0032515088096261,0.0321732463004688,366
7158.57,0.00352609902620316,0.0418253125001987,65
7159.08,0.00309150852262974,0.0290013576547305,43
7159.57,0.00137783028185368,0.0294426625284056,76
7160.05,0.0024650739505887,0.0282164930055539,372
7160.57,0.00310668349266052,0.0373188043013215,362
7161.1,0.00198723748326302,0.0426702176531156,307
7161.61,0.00482604093849659,0.0445139594376087,362
7162.1,0.00354975461959839,0.0473308113093177,374
7162.55,0.00310925021767616,0.0372338118031621,24
7163.01,0.00404604524374008,0.0451404477159182,35
7163.5,0.0024617426097393,0.0422569019719958,77
7164.03,0.0024929940700531,0.0389155667896072,292
7164.53,0.00237281620502472,0.0353696560487151,364
7165.04,0.0011643897742033,0.0397333282356461,336
7165.54,0.00292232632637024,0.041901808232069,337
7166.04,0.00328216701745987,0.0519192408149441,271
7166.54,0.00261353701353073,0.0651486665010452,310
7167.06,0.00331982225179672,0.0515227609624465,333
7167.55,0.00465894490480423,0.0672775879502296,162
7168.09,0.00709144398570061,0.0863770799090465,350
7168.59,0.0105765629559755,0.0674364861721794,47
7168.99,0.00331104546785355,0.0487654594083627,366
7169.46,0.00285704620182514,0.0454501320297519,1
7170.08,0.00296956673264503,0.0528832816829284,84
7170.5,0.0109556503593922,0.0896749353657166,263
7170.87,0.00176046043634415,0.060448629471163,352
7171.5,NaN,NaN,NaN
7172,0.0149082839488983,0.0845123510807753,208
7172.5,NaN,NaN,NaN
7172.97,0.000834506005048752,0.0403982602680723,39
7173.5,0.00869131460785866,0.083573413391908,94
7173.85,0.00408240407705307,0.0543818436563015,273
7174.48,NaN,NaN,NaN
7175.08,NaN,NaN,NaN
7177.17,0.00487603433430195,0.0395396674672763,266
7177.67,0.00168373622000217,0.0399236101657152,9
7178.13,0.00304430723190308,0.0438290465002259,218
7178.6,0.00415402185171843,0.0337173664011061,50
7179.07,0.00172090996056795,0.0322210635058582,308
7179.53,0.00430946797132492,0.0452950689941645,313
7180.04,0.00250743236392736,0.0271039586514235,352
7180.55,0.00222284067422152,0.0273633521671096,329
7181.04,0.00573588535189629,0.0428031052773198,80
7181.5,0.00113385729491711,0.0374519620090723,34
7182.06,0.00241572596132755,0.0291812983341515,290
7182.57,0.00382518488913774,0.0328588308766484,37
7183.1,0.00206731632351875,0.0381308461849888,365
7183.59,0.00351178646087646,0.0363639397546649,58
7184.06,0.00218687579035759,0.0285791009664536,362
7184.48,0.00217179115861654,0.0329117304645479,48
7184.91,0.00071399100124836,0.034958403557539,318
7185.46,0.000970080494880676,0.0340547018374006,73
7186,0.00202139839529991,0.0344460491711895,241
7186.5,0.00171131920069456,0.0322295872805019,54
7187.01,0.00233503244817257,0.0501636924842993,64
7187.5,0.00259293057024479,0.0399593540156881,347
7188,0.00236149877309799,0.0395558501283328,355
7188.5,0.00203999504446983,0.0395519367108742,58
7188.95,0.00298797339200974,0.036348097336789,183
7189.39,0.00330608151853085,0.0383863014479478,306
7189.87,0.0036194808781147,0.0381378872940938,316
7190.42,0.00226918049156666,0.0361278159543872,95
7190.93,0.000900233164429665,0.0353712836901347,8
7191.41,0.00241617485880852,0.0338401754076282,44
7191.84,0.00245744735002518,0.0386610040441155,313
7192.31,0.00273764505982399,0.0342287834112843,18
7192.8,0.00200177449733019,0.0293431739943723,333
7193.33,0.00191009975969791,0.0352511179322998,328
7193.95,0.00765745714306831,0.044026231393218,99
7194.44,0.00396689586341381,0.0381262712180614,229
7194.84,NaN,NaN,NaN
7195.36,NaN,NaN,NaN
7195.85,NaN,NaN,NaN
7198,NaN,NaN,NaN
7198.5,NaN,NaN,NaN
7198.97,NaN,NaN,NaN
7199.46,NaN,NaN,NaN
7199.93,NaN,NaN,NaN
7200.35,NaN,NaN,NaN
7200.76,NaN,NaN,NaN
7201.24,NaN,NaN,NaN
7201.72,NaN,NaN,NaN
7202.22,NaN,NaN,NaN
7202.72,NaN,NaN,NaN
7203.23,0.00170052237808704,0.0250656367279589,322
7203.76,0.009402671828866,0.0523797646164894,41
7204.31,NaN,NaN,NaN
7204.82,0.00241633504629135,0.0323177521737913,352
7205.33,0.00184698030352592,0.0332236581792434,360
7205.81,0.00277594849467278,0.028826490820696,80
7206.3,0.00156410504132509,0.0313688878280421,68
7206.82,0.00128998048603535,0.0255598705261946,44
7207.36,0.00210273172706366,0.0318960919976234,290
7207.86,0.00225319620221853,0.0328812457931538,61
7208.36,0.00404481589794159,0.03310284546266,46
7208.84,0.00201596319675446,0.031007780538251,325
7209.33,0.00354902539402246,0.0312583760047952,6
7209.82,0.00283797923475504,0.0291521712206304,312
7210.33,0.00219639204442501,0.0293928609850506,16
7210.82,0.00151816103607416,0.0265021106849114,311
7211.3,0.00103390589356422,0.0251899425250789,46
7211.74,0.00255943648517132,0.029086589658012,52
7212.21,0.000895109958946705,0.0241700480692089,-2
7212.69,0.00134952366352081,0.0346969853465756,350
7213.18,0.00294039864093065,0.029682204592973,366
7213.66,0.00179634429514408,0.0359950220833222,343
7214.15,0.00300353579223156,0.0352218355983496,280
7214.63,0.00154286995530128,0.0382301574572921,23
7215.13,0.00372756086289883,0.0388514722386996,363
7215.62,0.00275747943669558,0.0322331154408554,103
7216.12,0.00201139785349369,0.0365445952241619,352
7216.64,0.00181206595152617,0.0320813736567895,316
7217.15,0.00491515174508095,0.0467408377056321,98
7217.64,0.00285801291465759,0.0352260634923975,9
7218.13,0.00240272469818592,0.0403527058660984,35
7218.61,0.00541865080595016,0.0378076781829198,14
7219.11,0.00575828179717064,0.0395338876793782,48
7219.6,0.00187821313738823,0.0303700977625946,17
7220.09,0.00336915627121925,0.0418641390278935,106
7220.58,0.00233159400522709,0.0412697174275915,69
7221.11,0.00330477021634579,0.0349825906256835,79
7221.63,0.00417459756135941,0.0283163841813803,312
7222.14,0.0012686662375927,0.0235936768973867,52
7222.63,0.00286189280450344,0.0383199052885175,-2
7223.11,0.00750746019184589,0.0554134941970309,74
7223.59,0.00191221013665199,0.0319409474420051,273
7224.09,0.00158063694834709,0.0317415500370165,24
7224.58,0.00261298567056656,0.0427902958666285,72
7225.08,0.00381369888782501,0.0368959223851562,102
7225.58,0.00285630486905575,0.0359712584565083,23
7226.07,0.00459069665521383,0.0328904804773629,46
7226.55,0.0026372317224741,0.0317435275452832,344
7227.05,0.00322722271084785,0.0431559697414438,55
7227.54,0.00299456715583801,0.0415838292489449,43
7228.03,0.00393965467810631,0.0335598423456152,33
7228.51,0.00179698318243027,0.0375785060847799,376
7229.01,0.00165564380586147,0.027579110270987,35
7229.51,NaN,NaN,NaN
7230.02,0.00152942351996899,0.0376743090649446,79
7230.52,0.00499327108263969,0.0509612302606305,47
7231.01,0.00209684297442436,0.0425733737647533,21
7231.5,0.00366004183888435,0.0429184722403685,335
7232,0.00167081784456968,0.0328307494831582,27
7232.5,0.000781731680035591,0.0396817186847329,317
7232.99,0.00251036696135998,0.0330555833255251,98
7233.49,0.00467497110366821,0.0384939986591538,62
7233.98,0.00190385896712542,0.0271619350338976,75
7234.45,0.00138826202601194,0.0249362442021569,13
7234.91,0.00254947319626808,0.026828465051949,69
7235.4,0.00184636376798153,0.0347266973306735,46
7235.89,0.00205779913812876,0.0314841627453764,80
7236.39,0.0014331080019474,0.0386021658778191,354
7236.87,0.0026914719492197,0.0425660908222198,358
7237.36,0.00153101608157158,0.0425031082704663,7
7237.85,0.00244836509227753,0.0440408748884996,152
7238.36,0.00251892581582069,0.0418338002637029,330
7238.85,0.00140100903809071,0.0458059124648571,123
7239.36,0.00351636484265327,0.044252570408086,32
7239.85,0.00444931723177433,0.064042688968281,74
7240.34,0.00147468224167824,0.0388976028189063,324
7240.84,0.000942934304475784,0.0358706405386329,74
7241.34,0.00104659143835306,0.02899945837756,100
7241.82,0.00240302924066782,0.0319425825340052,105
7242.31,0.000869588926434517,0.0390823688358068,4
7242.8,0.00324958935379982,0.0566030436505874,97
7243.3,0.00187511369585991,0.0369895355155071,94
7243.8,0.0124940015375614,0.0808050973961751,85
7244.33,0.00119643099606037,0.0368098852535089,73
7244.83,0.0032309927046299,0.039533367070059,104
7245.33,0.00209352560341358,0.0465090159947673,305
7245.82,0.00748209841549397,0.0514437180633346,95
7246.3,0.00362633541226387,0.069335059573253,316
7246.78,0.000852871686220169,0.0396795154859622,73
7247.27,0.00172162801027298,0.0381759398927291,12
7247.75,0.00151745229959488,0.0351886240144571,186
7248.26,0.00358032993972301,0.0437738591184219,58
7248.75,0.00336233526468277,0.0374598645915588,316
7249.24,0.0016004741191864,0.0410384691009919,32
7249.72,0.0023829024285078,0.0471668997779489,319
7250.21,0.00475037842988968,0.0622130172948043,268
7250.69,0.0055062472820282,0.0528903106848399,300
7251.19,0.00442639552056789,0.0499140315999587,342
7251.67,0.00560163520276546,0.0452429332459966,110
7252.22,0.0035096462816,0.0322657460346818,1
7252.76,0.00119181722402573,0.0379775728409489,-12
7253.24,0.000669975765049458,0.0282415354934831,36
7253.73,0.00408939458429813,0.0459499796852469,55
7254.25,0.00635245442390442,0.0322237750515342,353
7254.75,0.00258186738938093,0.029908509614567,15
7255.27,0.00122986454516649,0.0260193993647893,46
7255.76,0.00334114767611027,0.039803567652901,31
7256.25,0.000846491195261478,0.0267516255068282,10
7256.74,0.00195403955876827,0.0303568903667231,371
7257.24,0.00307993590831757,0.0385333861534794,361
7257.72,0.00167543347924948,0.0310839653636018,70
7258.21,0.00347158126533031,0.0340022935221593,342
7258.69,0.000771996565163136,0.0249461551817755,49
7259.18,3.51219205185771e-06,0.00168558154837228,4
7259.65,0.00229199789464474,0.0364070661986868,353
7260.14,0.00105049926787615,0.0270448623535534,31
7260.63,0.00113021675497293,0.0264265816658735,63
7261.13,0.00173044390976429,0.0285347473497192,364
7261.62,0.00253010261803865,0.0275597300690909,317
7262.14,0.00288434512913227,0.0316752234163384,340
7262.67,0.00193696096539497,0.0347725115716457,357
7263.16,NaN,NaN,NaN
7263.64,0.00393463484942913,0.0317243000802894,359
7264.13,0.00459657609462738,0.046944847330451,292
7264.62,0.00131460279226303,0.0276890704408288,66
7265.13,0.00269067846238613,0.041978484330078,-9
7265.62,0.0147203803062439,0.0492536242430409,12
7266.11,0.0037746038287878,0.0461564169575771,159
7266.62,0.0185770019888878,0.0942043320586284,334
7267.14,0.0014773178845644,0.0261462313743929,351
7267.62,0.0101096779108047,0.0706669213250279,314
7268.11,0.000928357243537903,0.024684884895881,70
7268.6,0.00130929611623287,0.0245969439856708,366
7269.1,0.00235871039330959,0.0390180939187606,119
7269.6,0.00123085826635361,0.0378237751622995,376
7270.12,0.00192069262266159,0.0217683690910538,344
7270.61,0.00121567212045193,0.025486404231439,365
7271.1,0.00064861960709095,0.0324768306066593,-1
7271.59,0.00357599928975105,0.047769410846134,-3
7272.08,0.00146368239074945,0.0278256515351435,362
7272.57,0.00157389231026173,0.0385739440098405,322
7273.08,0.00480226613581181,0.0426910690342387,51
7273.57,0.00613739900290966,0.0503313628335794,352
7274.09,0.00356107018887997,0.0583808862914642,365
7274.65,0.00252129323780537,0.0382641873632868,357
7275.18,0.00119195505976677,0.0531600617493192,366
7275.66,0.0100817903876305,0.0722337085753679,129
7276.15,0.00380351021885872,0.0417820780227582,325
7276.63,0.00378698110580444,0.0594210199390849,342
7277.12,0.134027116000652,0.164844483758012,5
7277.6,0.00242089852690697,0.041577589387695,8
7278.09,0.000908607617020607,0.0235792302216093,23
7278.59,0.000458100810647011,0.0163212829890351,70
7279.1,0.00361060164868832,0.0399674282719692,55
7279.57,0.00205896236002445,0.0321089482555787,81
7280.07,0.00229117088019848,0.030979711872836,361
7280.55,0.0077788382768631,0.0423663972566525,47
7281.05,0.00406228378415108,0.0300311871493856,38
7281.59,0.00287221372127533,0.0212264051660895,44
7282.14,0.00175878591835499,0.0259069497697055,45
7282.63,0.00133649446070194,0.0426628490289052,355
7283.13,0.00592359341681004,0.0477614315847556,67
7283.62,0.00241010822355747,0.0526199579859773,127
7284.11,0.000986289232969284,0.0373430252075195,100
7316.37,NaN,NaN,NaN
7316.85,NaN,NaN,NaN
7314.48,NaN,NaN,NaN
7315.01,0.0680554285645485,0.189562970151504,327
7315.53,NaN,NaN,NaN
7320.5,NaN,NaN,NaN
7321.11,0.0275329500436783,0.132687479257584,76
7321.69,0.00597594305872917,0.0495736701413989,326
7322.19,0.0187975466251373,0.101884751891096,93
7322.66,0.00826168246567249,0.0709693863367041,372
7323.1,0.011925958096981,0.112202210972706,42
7323.54,0.0237749293446541,0.120853637034694,99
7324.5,0.0152244865894318,0.102378080288569,193
7324.67,NaN,NaN,NaN
7325.32,NaN,NaN,NaN
7325.89,NaN,NaN,NaN
7326.44,0.00752092897891998,0.0635576167454322,55
7307.73,NaN,NaN,NaN
7308.5,NaN,NaN,NaN
7308.91,NaN,NaN,NaN
7309.04,NaN,NaN,NaN
7309.82,NaN,NaN,NaN
7310.5,NaN,NaN,NaN
7311.02,NaN,NaN,NaN
7311.21,NaN,NaN,NaN
7311.96,NaN,NaN,NaN
7312.5,NaN,NaN,NaN
7329.53,NaN,NaN,NaN
7330.3,0.00364107545465231,0.0303576630540192,55
7330.88,0.009352907538414,0.0643382038300236,352
7331.41,0.00174133665859699,0.0333210844546556,20
7331.9,NaN,NaN,NaN
7332.5,NaN,NaN,NaN
7333.01,0.00840404070913792,0.0634217526142796,338
7333.72,0.00342267379164696,0.0697099367777507,363
7334.3,0.00621826760470867,0.060787348387142,44
7285.15,0.0726104713976383,0.190590777123968,25
7285.66,0.0135311204940081,0.0738293832788865,73
7286.17,0.0030753742903471,0.0616135988384485,364
7286.66,0.00518598034977913,0.0483175649618109,-4
7287.15,0.00909397378563881,0.0560330698887507,360
7287.62,0.00407593324780464,0.0714775808155537,322
7288.1,0.00544785521924496,0.0641391221433878,24
7288.57,0.00556516088545322,0.050593351945281,364
7289.05,0.0482647828757763,0.172685641174515,82
7289.58,0.00845661386847496,0.0660069932540258,360
7290.13,0.00259297713637352,0.0550341084599495,193
7290.6,0.0014378298074007,0.0356307290494442,34
7291.07,0.00590409711003304,0.0769977749635776,366
7291.53,0.000399408861994743,0.0348406042903662,371
7292,0.00309975072741508,0.0497479302187761,80
7292.5,0.00220269523561001,0.0331647771721085,38
7292.98,0.000374927185475826,0.0294692944735289,38
7293.54,0.00440592505037785,0.0555532742291689,180
7294.06,0.00586292333900928,0.0558195002377033,134
7294.54,0.0016014464199543,0.0325013748370111,360
7295.04,0.00546929985284805,0.0583091977362831,307
7295.6,0.00157870911061764,0.0329988393932581,369
7296.2,NaN,NaN,NaN
7296.68,NaN,NaN,NaN
7297.32,0.00909514352679253,0.0724349189549685,135
7298.03,0.0368826352059841,0.121165682251255,187
7298.5,NaN,NaN,NaN
7299.17,NaN,NaN,NaN
7299.5,NaN,NaN,NaN
7300.44,NaN,NaN,NaN
7300.83,NaN,NaN,NaN
7301.21,NaN,NaN,NaN
7301.68,NaN,NaN,NaN
7302.16,NaN,NaN,NaN
7302.5,NaN,NaN,NaN
7303.12,NaN,NaN,NaN
7303.52,NaN,NaN,NaN
7303.78,NaN,NaN,NaN
7304.5,NaN,NaN,NaN
7304.73,NaN,NaN,NaN
7366.75,NaN,NaN,NaN
7367.5,NaN,NaN,NaN
7334.75,NaN,NaN,NaN
7335.22,0.00657740235328674,0.0681763533502817,96
7335.71,0.00551916100084782,0.0641423134754101,352
7336.24,0.011677335947752,0.0656646154820919,40
7336.74,0.00385905802249908,0.0818786130597194,309
7337.25,0.0115882270038128,0.100726056223114,39
7337.78,0.0169651135802269,0.100772955765327,345
7338.34,0.0212514325976372,0.109291552876433,308
7338.85,0.00419311411678791,0.0535581549629569,50
7339.5,NaN,NaN,NaN
7339.74,NaN,NaN,NaN
7340.3,NaN,NaN,NaN
7340.83,0.00476831384003162,0.0594939791286985,45
7378.25,NaN,NaN,NaN
7378.7,0.000955601222813129,0.0202537338870267,87
7379.25,0.0037981141358614,0.0400889047111074,55
7379.5,0.00294193252921104,0.0585084104289611,75
7400.38,NaN,NaN,NaN
7401.5,NaN,NaN,NaN
7401.87,NaN,NaN,NaN
7402.5,0.00435963645577431,0.0690561278412739,93
7403.2,0.00457624532282352,0.0560701281453172,56
7403.82,0.0155177973210812,0.1019209989657,329
7404.39,NaN,NaN,NaN
7412.61,NaN,NaN,NaN
7412.87,NaN,NaN,NaN
7413.19,NaN,NaN,NaN
7413.68,NaN,NaN,NaN
7414.18,NaN,NaN,NaN
7414.77,NaN,NaN,NaN
7415.28,0.0281536132097244,0.174613033731778,73
7415.68,NaN,NaN,NaN
7416.05,NaN,NaN,NaN
7416.52,NaN,NaN,NaN
7417.1,NaN,NaN,NaN
7425.54,NaN,NaN,NaN
7426.1,NaN,NaN,NaN
7426.6,NaN,NaN,NaN
7427.07,0.00249637197703123,0.0331836738623679,352
7427.5,NaN,NaN,NaN
7428.27,NaN,NaN,NaN
7434.64,NaN,NaN,NaN
7435.34,NaN,NaN,NaN
7435.96,NaN,NaN,NaN
7436.5,NaN,NaN,NaN
7436.9,0.000579445390030742,0.0082676102174446,266
7445.5,NaN,NaN,NaN
7445.91,NaN,NaN,NaN
7446.5,NaN,NaN,NaN
7454.17,NaN,NaN,NaN
7454.68,NaN,NaN,NaN
7455.24,NaN,NaN,NaN
7455.5,NaN,NaN,NaN
7457.5,NaN,NaN,NaN
7457.83,NaN,NaN,NaN
7458.22,NaN,NaN,NaN
7461.91,NaN,NaN,NaN
7462.58,NaN,NaN,NaN
7469.5,NaN,NaN,NaN
7469.02,0.00448858179152012,0.0661351059873899,321
7468.5,0.0215135812759399,0.138087267056108,33
7477.27,0.00372745469212532,0.0956873713682095,80
7477.78,0.00245789438486099,0.060530089152356,16
7478.27,0.00251794420182705,0.0530403113613526,353
7478.74,0.00377963110804558,0.041815247386694,57
7479.21,NaN,NaN,NaN
7479.67,NaN,NaN,NaN
7480.14,NaN,NaN,NaN
7480.68,NaN,NaN,NaN
7481.23,NaN,NaN,NaN
7481.78,NaN,NaN,NaN
7482.33,0.00178865343332291,0.0401032896091541,-10
7482.81,NaN,NaN,NaN
7516.5,NaN,NaN,NaN
7516.99,NaN,NaN,NaN
7517.51,0.000424342229962349,0.023521800370266,360
7518.14,0.00162536278367043,0.0346217602491379,363
7518.69,0.00360378809273243,0.0387947770456473,362
7519.22,0.00325513351708651,0.0340239012924333,370
7519.69,NaN,NaN,NaN
7520.21,NaN,NaN,NaN
7520.72,NaN,NaN,NaN
7521.2,0.00170715525746346,0.0411002201338609,78
7521.66,0.00299143604934216,0.0305940605079134,271
7522.15,0.0044202096760273,0.0377646780883273,124
7522.64,0.00267007015645504,0.0502321313445767,3
7542.44,NaN,NaN,NaN
7541.94,0.00582167506217957,0.029657909180969,252
7541.5,0.00402884185314178,0.0360321626067162,311
7540.92,0.0021140119060874,0.0320211777773996,324
7540.44,0.00919862277805805,0.0659279658769568,-9
7539.97,0.00323481112718582,0.0487344252566497,62
7539.49,0.0062472615391016,0.0513770294686159,108
7538.98,0.00278773903846741,0.0406954179828366,76
7538.5,0.00782498903572559,0.0434871676067511,356
7537.95,0.00486756861209869,0.0871238112449646,46
7537.42,NaN,NaN,NaN
7536.88,0.0118248909711838,0.0867195514341195,132
7536.34,NaN,NaN,NaN
7535.84,0.00461672060191631,0.0585636347532272,20
7535.37,0.00398609042167664,0.0619822119673093,60
7534.88,0.00130579993128777,0.0453288601711392,95
7534.37,0.0070546492934227,0.053205528917412,60
7533.86,0.00453791208565235,0.0567990280687809,260
7533.36,0.00281687080860138,0.0525293763106068,56
7532.86,0.00151041336357594,0.0611687113220493,-5
7532.42,0.00477530807256699,0.0724470224231482,237
7531.91,0.0184185393154621,0.102711057911317,94
7531.26,0.00238123722374439,0.0477721011266112,33
7530.55,0.00231192633509636,0.040284444577992,-6
7529.93,0.00391353666782379,0.0590587832654516,347
7529.3,0.00876021012663841,0.0687345912059148,162
7528.8,0.0200697183609009,0.113314085950454,362
7585.72,0.00295953266322613,0.0305415904149413,130
7586.23,NaN,NaN,NaN
7586.7,0.0032130628824234,0.0360491766283909,4
7587.15,0.00155414454638958,0.0289000564565261,-2
7587.58,0.00137629453092813,0.0275595144679149,122
7588.06,0.00297890324145555,0.0324390387783448,354
7588.63,NaN,NaN,NaN
7589.24,NaN,NaN,NaN
7589.67,NaN,NaN,NaN
7590.07,0.00362012628465891,0.0343650702076654,312
7590.57,0.00240952987223864,0.0305423862300813,218
7591.13,0.00574577413499355,0.0412246339643995,331
7591.64,0.00411162991076708,0.0300467236277958,9
7592.16,0.00165688619017601,0.0372614127894243,61
7592.69,0.00173680298030376,0.0357113191857934,309
7593.17,0.00281376391649246,0.0285194253859421,331
7593.62,0.00225361529737711,0.0295574138872325,-13
7594.08,0.00386817660182714,0.0298526774471005,324
7594.53,0.00718178972601891,0.0499715888872743,312
7595.03,0.00790639780461788,0.0453962599858642,232
7595.54,NaN,NaN,NaN
7596.05,NaN,NaN,NaN
7596.51,0.00176272541284561,0.0395788010209799,47
7619.5,0.0108231082558632,0.0523898744334777,173
7619.89,0.00273838080465794,0.0485373294601838,55
7620.5,0.00582791864871979,0.0553305000066757,87
7620.98,0.00207174383103848,0.0423571250090996,100
7672.5,NaN,NaN,NaN
7672.76,NaN,NaN,NaN
7673.11,0.0066055404022336,0.0375785982857148,268
7673.5,NaN,NaN,NaN
7674.08,0.00387512240558863,0.030410439396898,370
7674.46,NaN,NaN,NaN
7674.99,0.00158286187797785,0.0288852231266598,318
7675.53,NaN,NaN,NaN
7676.02,0.00138693489134312,0.0231028723840912,314
7676.38,NaN,NaN,NaN
7676.75,0.00378414802253246,0.0311829724038641,48
7690.52,0.00467922538518906,0.0343634172653159,133
7691,0.00280859135091305,0.042420607060194,321
7691.47,0.00813931971788406,0.0594420057410995,354
7691.91,0.0158054120838642,0.0613609530652563,341
7692.38,0.00331753119826317,0.0384722361341119,313
7692.94,0.00457322411239147,0.0467811850830913,40
7693.5,NaN,NaN,NaN
7694.04,0.0138168353587389,0.0669257985427976,148
7694.5,0.0106846820563078,0.0487024231503407,321
7694.91,0.00336837489157915,0.0276278266683221,212
7695.43,0.00315065495669842,0.0417542895302176,262
7695.93,0.00154233351349831,0.0245494193707903,87
7696.44,0.000468245707452297,0.0184655242289106,370
7696.94,0.00175865273922682,0.0308200858222942,31
7697.5,0.0138965304940939,0.0504588326439261,277
7697.95,0.00194951612502337,0.0248201208499571,235
7698.44,0.00153729133307934,0.0268674436956644,32
7698.94,0.00106038432568312,0.0232893861830235,9
7699.5,0.00203158240765333,0.0224978310676912,313
7699.95,0.00238096248358488,0.0294672250747681,1
7700.45,0.00041554868221283,0.0224933607193331,38
7700.96,0.00293237343430519,0.040584534406662,314
7701.5,0.00197494681924582,0.0328174405731261,99
7702,0.00640589743852615,0.0294507311967512,168
7702.52,0.00518218800425529,0.0413221803804239,311
7703.03,NaN,NaN,NaN
7705.61,0.00145014934241772,0.0319478545958797,41
7706.15,0.000439858995378017,0.0228609712794423,333
7706.66,0.00158540438860655,0.0316885739254455,330
7707.15,0.0138546656817198,0.0618456754212578,128
7707.65,0.00402362830936909,0.0375900184735656,60
7708.16,0.00872890278697014,0.0742731106777986,344
7708.67,0.00344072375446558,0.0308029862741629,252
7709.18,0.00307438336312771,0.0366141758859158,187
7709.67,0.00264397449791431,0.0327485790476203,171
7710.17,0.0101186688989401,0.0632653115317225,202
7710.65,0.00288138911128044,0.0371006171529492,69
7711.15,0.00228389538824558,0.0271589501450459,46
7711.65,0.00508487969636917,0.0422517769038677,163
7712.15,0.0155966114252806,0.058242477166156,170
7712.64,0.0268590040504932,0.0680013963331779,221
7713.15,0.000327743589878082,0.0169993316133817,45
7713.67,0.00220865197479725,0.0252141856277982,65
7714.19,0.000599374063313007,0.0317318184922139,2
7714.67,0.00197938363999128,0.0259862219293912,258
7715.16,0.000791789963841438,0.0199864233533541,370
7715.63,0.00124239083379507,0.0169331248228749,319
7716.13,0.000899993814527988,0.0232718400657177,64
7716.62,0.00144066754728556,0.0273956352223953,37
7717.11,0.00193514302372932,0.0397968478500843,362
7717.62,0.00115852896124125,0.0290749392782648,101
7719.5,NaN,NaN,NaN
7720.07,0.00139673613011837,0.0262710442766547,62
7720.66,NaN,NaN,NaN
7721.1,0.00164301134645939,0.0287702726200223,364
7721.5,NaN,NaN,NaN
7721.89,0.00188140664249659,0.0222134576179087,111
7722.2,NaN,NaN,NaN
7722.77,NaN,NaN,NaN
7723.5,0.000804007053375244,0.0335762115816275,74
7723.91,0.00220977887511253,0.0280660555387537,362
7724.46,0.000654971227049828,0.0119873693523308,-8
7725.01,0.00288553815335035,0.0212907415504257,324
7725.62,NaN,NaN,NaN
7726.23,0.00489283259958029,0.0272108645488818,291
7726.85,0.000466587021946907,0.0159944011829793,370
7727.47,NaN,NaN,NaN
7734.5,NaN,NaN,NaN
7734.95,0.00419813953340054,0.0627124672755599,71
7735.5,0.00248442217707634,0.04095558822155,370
7735.69,0.00190125592052937,0.0557071436196566,329
7736.11,0.0435820035636425,0.15518194809556,23
7736.81,0.00639777630567551,0.0824615843594074,371
7737.47,0.00670617818832397,0.0744557436555624,95
7738.5,0.00498812459409237,0.0462011049191157,43
7750.77,NaN,NaN,NaN
7751.75,0.0016572754830122,0.0421305513009429,315
7752.71,0.00803494080901146,0.0705698945870002,32
7753.22,0.0135046970099211,0.0758021657044689,346
7754.07,NaN,NaN,NaN
7754.53,NaN,NaN,NaN
7754.68,NaN,NaN,NaN
7755.05,NaN,NaN,NaN
7755.57,0.00649240985512733,0.06696467846632,255
7756.16,0.0100236423313618,0.104077694937587,24
7756.77,NaN,NaN,NaN
7757.33,NaN,NaN,NaN
7769.3,0.00149455480277538,0.0413635515918334,56
7769.88,0.00967612117528915,0.0713011672099431,77
7770.65,0.00161359831690788,0.0436598531280955,368
7771.29,0.00444472022354603,0.0628968986372153,86
7771.76,NaN,NaN,NaN
7775.03,0.00327320769429207,0.0507317837327719,26
7775.54,0.00348640605807304,0.0538783017545938,376
7776.06,0.0211385972797871,0.109824220339457,21
7776.67,0.0123166777193546,0.081189705679814,10
7777.45,0.0198399871587753,0.126364437242349,343
7778.5,NaN,NaN,NaN
7780.84,NaN,NaN,NaN
7781.23,NaN,NaN,NaN
7781.72,NaN,NaN,NaN
7782.34,NaN,NaN,NaN
7782.78,NaN,NaN,NaN
7783.37,NaN,NaN,NaN
7783.98,NaN,NaN,NaN
7784.42,NaN,NaN,NaN
7784.83,NaN,NaN,NaN
7785.29,NaN,NaN,NaN
7785.86,NaN,NaN,NaN
7786.35,NaN,NaN,NaN
7786.76,0.0013730451464653,0.0438161023582021,60
7787.28,NaN,NaN,NaN
7787.78,0.00288316980004311,0.0436028844366471,371
7788.28,0.00124120432883501,0.0312359303546449,71
7788.74,0.0027103666216135,0.0374905553956827,257
7789.21,0.00358058884739876,0.0412808318311969,310
7789.75,0.00246603228151798,0.0408468159536521,365
7790.33,0.00382919237017632,0.0453608725219965,374
7790.82,0.000594230368733406,0.0236257753955821,317
7791.28,0.00302841328084469,0.0368773856510719,310
7791.77,0.00146211124956608,0.0398385950053732,88
7792.29,0.00143122673034668,0.0427974459404747,80
7792.8,0.000861029140651226,0.0253622697976728,74
7793.29,0.00220731273293495,0.0408593953276674,3
7793.62,0.00390350818634033,0.0424392592782776,330
7794.05,0.00505187548696995,0.0469210896020134,337
7794.73,NaN,NaN,NaN
7795.3,NaN,NaN,NaN
7795.81,0.000994313508272171,0.0327324538181225,14
7796.25,0.00901530310511589,0.0639613922685385,71
7796.61,0.00323054194450378,0.0858679978797833,22
7797.09,0.0115252137184143,0.083146383985877,-9
7797.6,0.00522121787071228,0.0630157776176929,32
7798.06,0.00878500752151012,0.0699044202143947,80
7798.53,NaN,NaN,NaN
7799.09,NaN,NaN,NaN
7799.68,NaN,NaN,NaN
7800.15,0.0153145082294941,0.0941178177793821,220
7800.63,0.00618394091725349,0.0604960486913721,-5
7801.18,0.00819537974894047,0.0509406412020326,239
7801.66,0.00240553915500641,0.0529016380508741,13
7802.05,0.00622370652854443,0.055394120203952,342
7802.49,0.00604377686977386,0.0642442684620619,318
7803.04,0.0137877464294434,0.0780225557585557,43
7803.62,NaN,NaN,NaN
7804.08,0.00798049941658974,0.0527020009855429,167
7804.5,NaN,NaN,NaN
7805.04,NaN,NaN,NaN
7805.57,NaN,NaN,NaN
7806.02,0.00156821869313717,0.0402535439158479,35
7806.44,0.00132220610976219,0.0326914638280869,64
7807.03,0.00060547236353159,0.0301387423338989,339
7807.49,0.00327314995229244,0.0299902241677046,132
7807.89,0.00319288112223148,0.0476168105378747,7
7808.5,NaN,NaN,NaN
7809.01,0.00801881961524487,0.0415397432322303,75
7809.48,0.00287795066833496,0.0388141854976614,365
7809.94,0.00688913464546204,0.0468865654741724,31
7810.5,0.0038665197789669,0.0314142919766406,329
7810.89,0.00204596202820539,0.0218209073257943,335
7811.37,0.00475902669131756,0.0399198016772668,39
7811.9,0.00210314150899649,0.0273156207986176,333
7812.5,0.00319238193333149,0.0358870572720965,360
7812.85,NaN,NaN,NaN
7813.3,NaN,NaN,NaN
7813.76,NaN,NaN,NaN
7814.5,NaN,NaN,NaN
7814.73,NaN,NaN,NaN
7815.22,NaN,NaN,NaN
7815.77,0.00417721830308437,0.0472194928055008,58
7816.24,0.00457153096795082,0.0581217982495824,346
7816.56,0.00917245447635651,0.0644793355216583,369
7816.87,0.00551316142082214,0.0606189277023077,207
7817.5,NaN,NaN,NaN
7817.86,NaN,NaN,NaN
7818.5,NaN,NaN,NaN
7818.69,NaN,NaN,NaN
7867.55,NaN,NaN,NaN
7868.23,0.0038217157125473,0.0401813052594662,172
7868.81,0.0027550607919693,0.0356497938434283,327
7869.25,0.00215533189475536,0.0433808633436759,-4
7869.76,0.00328592583537102,0.0372998376066486,11
7870.26,0.0021775234490633,0.0511728208512068,-8
7870.71,0.00715490430593491,0.0489849749331673,306
7871.21,0.00041258055716753,0.0257252921971182,86
7871.69,0.00406933017075062,0.0389006277546287,-6
7872.1,0.00418600998818874,0.0417410746837656,-1
7872.56,NaN,NaN,NaN
7873.03,0.00355098396539688,0.0262621399015188,333
7873.5,NaN,NaN,NaN
7879.5,0.000760757364332676,0.0291826695514222,45
7879.83,0.00275005586445332,0.0380081506446004,39
7880.27,0.0117168799042702,0.0560749129702648,363
7880.66,0.00546054728329182,0.0546119476978978,22
7881.07,NaN,NaN,NaN
7909.31,0.0136884413659573,0.116909641151627,254
7909.78,0.00396245345473289,0.0493600896249215,8
7910.26,0.00427005626261234,0.0532753985996048,361
7910.8,0.00576013885438442,0.0454375141610702,348
7911.42,0.00419015437364578,0.0497925905510783,205
7911.95,0.00344869121909142,0.0454959875593583,198
7912.48,0.00717662088572979,0.0517954059566061,272
7913.04,0.00498652830719948,0.0465094487493237,173
7913.5,0.00720125064253807,0.0835634724547466,56
7914.14,0.00579049810767174,0.0417177686467767,256
7914.5,0.00606694258749485,0.0554751123612126,256
7927.5,NaN,NaN,NaN
7928.3,NaN,NaN,NaN
7928.92,0.00402818433940411,0.0361141224081318,97
7929.37,0.00678075850009918,0.0644789474705855,327
7929.89,0.0133205838501453,0.0655104691783587,233
7930.32,0.00689161010086536,0.0634305306399862,149
7930.72,NaN,NaN,NaN
7931.25,NaN,NaN,NaN
7931.73,NaN,NaN,NaN
7932.15,NaN,NaN,NaN
7932.67,NaN,NaN,NaN
7933.19,NaN,NaN,NaN
7933.69,NaN,NaN,NaN
7934.23,NaN,NaN,NaN
7934.64,NaN,NaN,NaN
7935.08,NaN,NaN,NaN
7935.6,NaN,NaN,NaN
7936.08,NaN,NaN,NaN
7939.76,NaN,NaN,NaN
7940.26,NaN,NaN,NaN
7940.75,NaN,NaN,NaN
7941.26,NaN,NaN,NaN
7941.78,NaN,NaN,NaN
7942.27,NaN,NaN,NaN
7942.67,NaN,NaN,NaN
7943.1,NaN,NaN,NaN
7943.64,NaN,NaN,NaN
7944.2,NaN,NaN,NaN
7944.68,NaN,NaN,NaN
7945.16,NaN,NaN,NaN
7945.65,NaN,NaN,NaN
7946.17,NaN,NaN,NaN
7946.67,NaN,NaN,NaN
7947.17,NaN,NaN,NaN
7947.66,NaN,NaN,NaN
7948.19,NaN,NaN,NaN
7948.77,NaN,NaN,NaN
7949.27,NaN,NaN,NaN
7949.62,NaN,NaN,NaN
7950.03,NaN,NaN,NaN
7950.5,NaN,NaN,NaN
7950.97,NaN,NaN,NaN
8015.96,NaN,NaN,NaN
8015.49,0.000682677142322063,0.0211810545685391,356
8015.05,0.000396071001887321,0.01721843611449,40
8014.6,0.00146217364817858,0.0215943215104441,3
8014.17,0.00162941310554743,0.0309584064719578,5
8013.69,0.00216850358992815,0.0277216653339565,65
8013.21,0.00182703416794538,0.0185381208236019,370
8012.71,0.00205396208912134,0.027071098331362,17
8012.23,0.00522848591208458,0.0269238596471647,332
8011.72,0.00133597478270531,0.0190613681140045,209
8011.23,0.000367224682122469,0.0143190297919015,20
8010.74,0.00113732181489468,0.0207085595466197,74
8010.24,0.0029169162735343,0.0288550994979839,317
8009.74,0.0013026837259531,0.0207946250836054,48
8009.25,0.00140606518834829,0.0201059888737897,-10
8008.75,0.00196141377091408,0.0221153864016136,159
8008.26,0.00155043043196201,0.019087185151875,309
8007.76,0.000928982626646757,0.012694909159715,113
8007.28,0.000835983548313379,0.0159057313576341,364
8006.77,0.00130297336727381,0.0241417268601557,345
8006.27,NaN,NaN,NaN
8005.75,0.000422102864831686,0.0123451910912991,-2
8005.24,0.00162987597286701,0.0270240015039841,-6
8004.77,0.0018600607290864,0.0265837490248183,19
8004.33,0.00187294371426105,0.0232551243777076,43
8003.84,0.00334702804684639,0.0273261989156405,244
8003.36,0.00196422636508942,0.0230533606372774,78
8002.86,0.00249213445931673,0.0262100471494098,123
8002.35,0.00109784863889217,0.0159084290110817,208
8001.82,0.00249724835157394,0.0192349394783378,336
8001.33,0.00273250695317984,0.0276974667795002,226
8000.82,0.0019885515794158,0.0226391004398465,149
8000.33,0.00268235057592392,0.0267950794659555,309
7999.84,0.00280993618071079,0.0338873307531079,352
7999.37,0.00133042875677347,0.0217681070789695,67
7998.89,0.00228026509284973,0.0228497817491492,177
7998.36,0.000657094642519951,0.0247960903992256,0
7997.82,0.00154777616262436,0.0212265068354706,81
7997.32,0.00114148017019033,0.0220711414391796,57
7996.82,0.00129685271531343,0.028113252017647,73
7996.32,0.00215964857488871,0.0326741492996613,311
7995.82,0.00133826304227114,0.0268698230696221,346
7995.33,0.00180942006409168,0.024761851100872,16
7994.83,0.00180300045758486,0.0235434387189647,13
7994.35,0.00123217888176441,0.0311222256471713,343
7993.86,0.00205599423497915,0.0222689335544904,194
7993.39,0.000681759789586067,0.0244209407828748,40
7992.91,0.0018786359578371,0.0309376181103289,0
7992.44,0.00270377937704325,0.0333146625198424,368
7991.95,0.00270888488739729,0.0310256456335386,277
7991.47,0.0029629385098815,0.030923529372861,261
7990.97,0.0211374275386333,0.0694463349257906,259
7990.48,NaN,NaN,NaN
7989.97,NaN,NaN,NaN
7989.46,NaN,NaN,NaN
7988.95,NaN,NaN,NaN
7988.46,NaN,NaN,NaN
7987.97,NaN,NaN,NaN
7987.49,NaN,NaN,NaN
7986.98,NaN,NaN,NaN
7986.5,NaN,NaN,NaN
7985.96,NaN,NaN,NaN
7985.44,NaN,NaN,NaN
7984.91,NaN,NaN,NaN
7984.41,NaN,NaN,NaN
7983.9,NaN,NaN,NaN
7983.4,NaN,NaN,NaN
7982.92,0.00156989507377148,0.0332397418096662,30
7982.45,NaN,NaN,NaN
7981.94,0.00551630277186632,0.0326328912439446,337
7981.44,0.00120774935930967,0.0221533505246043,348
7980.95,0.00189219694584608,0.0262798195083936,339
7980.49,0.00215258914977312,0.0258125583641231,357
7980.04,0.00101606734097004,0.024940493516624,304
7979.57,0.000714356079697609,0.0265820197140177,26
7979.08,0.00233124569058418,0.023464539864411,331
7978.57,0.00128018483519554,0.026808681897819,362
7978.04,0.000844953581690788,0.0312749796236555,47
7977.57,0.00353344436734915,0.0299760719450812,270
7976.98,0.00254502519965172,0.0229570631248256,92
7976.33,0.000867738388478756,0.0148267409919451,51
7975.7,0.00234823394566774,0.0238393546702961,157
7975.17,0.00123190227895975,0.0291027181471388,59
7974.71,0.00302989315241575,0.0324494031568368,16
7974.27,0.00103054381906986,0.0314072586285571,1
7973.78,0.0036370400339365,0.0349112031981349,147
7973.29,0.00148720294237137,0.0290426942519844,289
7972.79,0.00137970969080925,0.0331944823265076,354
7972.28,NaN,NaN,NaN
7971.74,NaN,NaN,NaN
7971.22,NaN,NaN,NaN
7970.74,NaN,NaN,NaN
7970.26,NaN,NaN,NaN
7969.77,NaN,NaN,NaN
7969.3,NaN,NaN,NaN
7968.82,NaN,NaN,NaN
7968.33,NaN,NaN,NaN
7967.82,NaN,NaN,NaN
7967.31,NaN,NaN,NaN
7966.79,NaN,NaN,NaN
7966.29,NaN,NaN,NaN
7965.8,NaN,NaN,NaN
7965.32,NaN,NaN,NaN
7964.8,NaN,NaN,NaN
7964.3,NaN,NaN,NaN
7963.79,NaN,NaN,NaN
7963.3,NaN,NaN,NaN
7962.81,0.00374068692326546,0.0427697133272886,255
7962.34,0.0107059739530087,0.0344825387001038,321
7961.85,NaN,NaN,NaN
7961.37,NaN,NaN,NaN
7960.86,NaN,NaN,NaN
7960.37,NaN,NaN,NaN
7959.86,NaN,NaN,NaN
7959.38,NaN,NaN,NaN
7958.9,NaN,NaN,NaN
7958.43,NaN,NaN,NaN
7957.95,NaN,NaN,NaN
7957.47,NaN,NaN,NaN
8034.28,0.00501183792948723,0.0466421799113353,-3
8034.69,0.00114939175546169,0.025485473840187,301
8035.11,0.00686431303620338,0.0579212236528595,289
8035.59,0.00797931477427483,0.0518773415436347,205
8036.18,0.0024480577558279,0.0544929684450229,1
8036.68,0.00240487791597843,0.0470505223299066,50
8037.21,0.00509639829397202,0.0721958453456561,281
8037.75,0.00693956948816776,0.0652828939879934,191
8038.25,0.0187100954353809,0.0997127871960402,320
8038.71,0.00971747189760208,0.055056506767869,97
8039.2,0.00342581979930401,0.0374202625826001,5
8087.5,NaN,NaN,NaN
8088.01,NaN,NaN,NaN
8088.5,NaN,NaN,NaN
8089,NaN,NaN,NaN
8089.37,NaN,NaN,NaN
8089.9,NaN,NaN,NaN
8090.49,NaN,NaN,NaN
8113.17,NaN,NaN,NaN
8113.56,NaN,NaN,NaN
8113.99,0.00816675461828709,0.0631946669891477,121
8114.5,NaN,NaN,NaN
8114.91,NaN,NaN,NaN
8115.47,NaN,NaN,NaN
8142.68,NaN,NaN,NaN
8143.5,NaN,NaN,NaN
8143.92,NaN,NaN,NaN
8144.5,0.0035057682543993,0.0614116828267773,13
8145.2,NaN,NaN,NaN
8145.85,NaN,NaN,NaN
8146.42,NaN,NaN,NaN
8184.9,0.00301704183220863,0.0410090113679568,362
8185.38,0.00085044838488102,0.0284215901046991,361
8185.83,0.0023518018424511,0.0291909865724544,9
8186.3,0.00404397863894701,0.0315124263676504,247
8186.77,0.00193744245916605,0.0293816775083542,85
8187.25,0.00162075087428093,0.0275219553150237,2
8187.72,0.00345159415155649,0.0283473030043145,346
8188.27,0.00243424903601408,0.0262962966226041,91
8188.82,0.00512185413390398,0.0333267554330329,359
8189.32,0.00108644831925631,0.0287788871986171,318
8189.8,0.0011871587485075,0.0289565495525797,48
8190.29,0.00168891344219446,0.0260209188175698,118
8190.78,0.00281705427914858,0.0285803335718811,363
8191.29,0.00167457945644855,0.0302383285015821,336
8191.83,0.00457138475030661,0.0300890690026184,356
8192.38,0.00114613026380539,0.0307926338476439,78
8192.85,0.00174626428633928,0.0302273249253631,71
8193.33,0.00238843448460102,0.0363734032337864,96
8193.81,0.00290406681597233,0.0331517976398269,349
8194.31,0.00279634259641171,0.0286254660847286,119
8194.81,0.00447525829076767,0.0369617672016223,207
8195.32,0.00245986320078373,0.0344424483676751,262
8195.84,0.00229768548160791,0.0306529404285053,229
8196.35,0.00258923042565584,0.0323347924277186,47
8196.83,0.0038349274545908,0.0339583105718096,206
8197.32,0.00134799722582102,0.0297070080414414,34
8197.8,0.00391724891960621,0.0417441911995411,14
8198.29,0.00195290893316269,0.0376842704912027,51
8198.83,0.00341032259166241,0.0383536464845141,48
8199.39,0.00247716531157494,0.0389296750848492,160
8199.86,0.00189880467951298,0.0352546684443951,112
8200.35,0.00160579197108746,0.0407068971544504,315
8200.84,0.00176606141030788,0.0337750433633725,9
8201.41,0.00195866357535124,0.0325340804023047,86
8201.96,0.0024738609790802,0.0355643111591538,350
8202.45,0.00148822832852602,0.0264831671180824,354
8202.94,0.00285366736352444,0.0356827769428492,126
8203.43,0.000864546746015549,0.032913511308531,345
8203.93,0.00248621217906475,0.0341729270294309,79
8204.44,0.00229359976947308,0.0452476230760415,31
8204.92,NaN,NaN,NaN
8205.4,NaN,NaN,NaN
8205.84,NaN,NaN,NaN
8206.5,NaN,NaN,NaN
8206.79,NaN,NaN,NaN
8272.99,NaN,NaN,NaN
8272.5,NaN,NaN,NaN
8271.99,0.0185076966881752,0.155918983121713,71
8271.42,NaN,NaN,NaN
8270.78,NaN,NaN,NaN
8267.65,0.0536757633090019,0.106227477391561,145
8276.94,0.00734228827059269,0.0617568216597041,248
8277.35,0.00983493402600288,0.0922448082516591,214
8277.69,0.0107551030814648,0.059690918152531,275
8278.16,0.0121240839362144,0.0795244804273049,179
8278.71,NaN,NaN,NaN
8279.21,NaN,NaN,NaN
8279.69,NaN,NaN,NaN
8280.17,0.00329311564564705,0.0539993063236276,311
8280.65,NaN,NaN,NaN
8281.12,0.00427296943962574,0.0554024021451672,309
8281.63,NaN,NaN,NaN
8282.24,0.00707294605672359,0.0588171724230051,180
8282.7,0.00928506813943386,0.0660605042551955,351
8283.11,0.00688675791025162,0.0522764440005024,18
8283.58,0.00402039103209972,0.0409962596992652,27
8284.07,0.00553280301392078,0.0570411098500093,-11
8284.59,NaN,NaN,NaN
8285.08,0.00421489588916302,0.0416973996907473,215
8285.52,NaN,NaN,NaN
8286.05,0.00249342806637287,0.0464928861086567,66
8286.54,NaN,NaN,NaN
8287.01,0.00228898599743843,0.0421682065352798,351
8287.52,NaN,NaN,NaN
8288.09,0.00603063590824604,0.05712881218642,371
8288.59,0.00291271135210991,0.0508369210486611,361
8289.08,0.0129219070076942,0.0528514326239626,268
8289.54,0.00350767746567726,0.0527017454927166,363
8289.96,0.00695821829140186,0.0429166161144773,281
8290.5,NaN,NaN,NaN
8291.06,0.0133551117032766,0.0560241139804324,304
8291.46,0.0058828629553318,0.0511311935260892,242
8291.91,0.0039505697786808,0.044535471436878,309
8292.46,NaN,NaN,NaN
8292.96,0.00471285730600357,0.0455692500496904,14
8293.46,0.00460882484912872,0.0528703754146894,82
8293.96,0.0054809357970953,0.0520496619865298,92
8294.45,0.0111854821443558,0.0921869867791732,328
8294.93,0.00917079672217369,0.0534944785758853,286
8295.42,0.0242779329419136,0.122832336152593,139
8302.82,NaN,NaN,NaN
8303.32,NaN,NaN,NaN
8303.79,0.0118847712874413,0.140940378109614,-1
8304.24,0.0155179314315319,0.0998053848743439,84
8304.71,0.0316423177719116,0.171519571294387,50
8305.24,0.057103268802166,0.181223466992378,331
8305.75,0.00393393635749817,0.0864293364187082,8
8306.26,0.0067257434129715,0.0650736105938752,67
8306.73,0.00614164210855961,0.0557218889395396,225
8307.18,0.00483482144773006,0.0550586717824141,185
8307.66,0.00322175025939941,0.0660566973189513,10
8308.2,0.00691825151443481,0.077507384121418,198
8308.7,0.00953079015016556,0.0834860013176997,362
8309.15,0.00551141053438187,0.0850877861181895,367
8309.63,0.00356725603342056,0.0834694169461727,69
8310.11,NaN,NaN,NaN
8310.53,0.0134871006011963,0.0823187778393428,157
8322.38,0.0139248035848141,0.11666197826465,82
8322.9,0.0124348662793636,0.106974564492702,72
8323.45,NaN,NaN,NaN
8323.96,0.00732710584998131,0.0733830984681845,48
8324.46,0.0459969267249107,0.182980664074421,98
8324.96,0.00502664223313332,0.080350515122215,42
8325.47,NaN,NaN,NaN
8326,0.00305118411779404,0.0706622991710901,100
8326.52,0.00529260188341141,0.06325863301754,69
8327.02,0.0309548228979111,0.126586558297276,124
8327.5,0.0164192132651806,0.11357018413643,83
8327.98,0.00800436362624168,0.118261939535538,79
8328.45,0.0240400284528732,0.16488046819965,334
8328.97,0.0203277468681335,0.14084629714489,337
8329.5,0.0236858651041985,0.181022368371487,342
8329.99,0.0190801359713078,0.133390280728539,257
8330.48,0.0100932568311691,0.117625176906586,43
8330.98,NaN,NaN,NaN
8331.5,0.00613533332943916,0.0972383723904689,15
8332.01,0.00487304851412773,0.0715445280075073,65
8332.5,0.0134908594191074,0.0887271004418532,67
8332.99,0.00543110817670822,0.0873446284482877,46
8333.49,0.0151901841163635,0.104327255239089,43
8334,0.011639229953289,0.0991343017667532,335
8334.51,0.0126352459192276,0.0914115384221077,68
8335,0.0146664120256901,0.100275699049234,338
8335.49,0.0085783526301384,0.080318421125412,340
8335.98,0.00720831379294395,0.0752132764707009,37
8336.48,0.0053924135863781,0.0600130095457037,20
8336.98,0.00385304540395737,0.0565610298266013,96
8337.51,0.00660434365272522,0.0651836028943459,223
8338.02,0.00422384031116962,0.0610816931972901,79
8338.5,0.00433937832713127,0.0681295202424129,288
8339.05,0.003762386739254,0.0529700216526786,360
8339.55,0.000792026519775391,0.0383801100154718,351
8340.05,0.00330640934407711,0.0638140387212237,343
8340.51,0.00495847128331661,0.0553561688090364,19
8341,0.00254043936729431,0.0435570270443956,71
8341.5,0.00885941833257675,0.0594795911262433,216
8342.08,0.00122475065290928,0.0345050841569901,73
8342.55,0.00137544795870781,0.0416263478497664,2
8343.02,0.00567561201751232,0.046318784976999,54
8343.51,0.00221081078052521,0.0379032396400968,41
8344.08,0.00137816742062569,0.049418616729478,355
8344.63,0.00315468199551105,0.0400657032926877,362
8345.14,0.00208109617233276,0.0421807480355104,163
8345.64,0.0035792775452137,0.0455183228477836,69
8346.16,0.00369512848556042,0.0409665334348877,146
8346.65,0.00817388482391834,0.0508360154926777,144
8347.15,0.00393194705247879,0.0383987724781036,51
8347.63,0.00175284035503864,0.0453869377573331,344
8348.13,0.00221769325435162,0.0363397182275852,79
8348.63,0.00636723451316357,0.0402088075255354,143
8349.15,0.00385335274040699,0.0358550930395722,19
8349.66,0.0045183002948761,0.0401502617945274,48
8350.16,0.00183671154081821,0.0398854774733384,324
8350.65,0.00681484676897526,0.0459213800107439,86
8351.15,0.00272045936435461,0.0332117470291754,352
8351.69,0.00683470629155636,0.040294379927218,109
8352.26,0.00477500632405281,0.0438617533072829,141
8352.76,0.00282600894570351,0.0396525285517176,316
8353.25,0.00198793783783913,0.0333597393085559,349
8353.73,0.00309511087834835,0.0354165667667985,76
8354.22,NaN,NaN,NaN
8354.71,NaN,NaN,NaN
8355.22,NaN,NaN,NaN
8355.72,NaN,NaN,NaN
8356.23,NaN,NaN,NaN
8356.74,NaN,NaN,NaN
8357.27,NaN,NaN,NaN
8357.78,NaN,NaN,NaN
8358.31,NaN,NaN,NaN
8358.81,NaN,NaN,NaN
8359.31,NaN,NaN,NaN
8359.8,NaN,NaN,NaN
8360.25,NaN,NaN,NaN
8360.32,NaN,NaN,NaN
8360.39,NaN,NaN,NaN
8363.76,NaN,NaN,NaN
8364.22,NaN,NaN,NaN
8364.7,NaN,NaN,NaN
8365.21,NaN,NaN,NaN
8365.71,NaN,NaN,NaN
8365.92,NaN,NaN,NaN
8366.14,NaN,NaN,NaN
8366.71,NaN,NaN,NaN
8367.3,0.00126866344362497,0.0160883812544247,285
8367.8,0.000852353870868683,0.0162169234051059,328
8368.36,0.00299136899411678,0.0377073533212145,75
8368.89,0.00526602938771248,0.0730688540885846,210
8369.4,0.00226076692342758,0.0495906751602888,0
8369.89,0.00224889442324638,0.0519042257219553,229
8370.5,0.00233880616724491,0.0409272058556477,71
8371.06,0.00141400843858719,0.0254116714932024,30
8371.55,0.00145354494452477,0.0417764807740847,318
8372.04,0.00217186100780964,0.0483360042174657,133
8372.52,0.00802527740597725,0.070000184699893,359
8373.04,0.0104279574006796,0.0678908809398611,313
8373.56,0.00646058470010757,0.0640381493916114,69
8374.07,0.00279775820672512,0.0520010112474362,347
8374.56,0.0088535975664854,0.0569430105388165,153
8375.06,0.00399147532880306,0.0467170430347323,278
8375.59,0.00308042392134666,0.0440455488860607,43
8376.17,0.00565284304320812,0.0487255215023955,287
8376.72,0.00376643426716328,0.0284043573774397,44
8377.24,0.00176467373967171,0.0223680833975474,38
8377.75,0.000918714329600334,0.0330141993860404,55
8378.26,0.0025023091584444,0.0521753383800387,57
8378.75,0.0065915547311306,0.0686082579195499,69
8379.27,0.00363400764763355,0.0589503077790141,28
8379.81,0.0105009321123362,0.0627926557014386,13
8380.32,0.00418239086866379,0.0870764746020238,83
8380.79,0.00878687389194965,0.0650059161707759,134
8381.27,0.0106012113392353,0.0916368706772725,73
8381.78,0.0096571296453476,0.0724056536952655,125
8382.34,0.00242328085005283,0.0520477176954349,330
8382.85,0.00255212187767029,0.0692748551567395,64
8383.33,0.00352666527032852,0.0792142661909262,100
8383.8,0.0108518227934837,0.067980505215625,28
8384.29,0.00720853358507156,0.0637610970685879,5
8384.75,0.00299321487545967,0.0460776000594099,327
8385.24,0.00536121428012848,0.0486416015774012,33
8385.75,0.00412185490131378,0.0518021884684761,0
8386.25,0.00508216209709644,0.0438933934395512,346
8386.71,0.00223921425640583,0.0558786351854602,21
8387.17,NaN,NaN,NaN
8387.63,0.00738952122628689,0.0585610351214806,53
8388.17,NaN,NaN,NaN
8388.73,NaN,NaN,NaN
8389.5,NaN,NaN,NaN
8447.15,NaN,NaN,NaN
8447.6,NaN,NaN,NaN
8448.05,0.00679627247154713,0.0455017065008481,151
8448.46,NaN,NaN,NaN
8448.93,0.00311843305826187,0.0439705476164818,139
8449.45,0.00075837317854166,0.0238067161602279,32
8449.97,0.00189412944018841,0.0320280826029678,-4
8450.42,0.0367114394903183,0.137875710303585,373
8450.81,NaN,NaN,NaN
8451.35,0.0454240441322327,0.201426486174266,42
8451.97,0.00933599844574928,0.0613477521886428,62
8452.45,0.0133762136101723,0.0878132979075114,122
8452.84,0.0107252039015293,0.0857921869804462,63
8453.24,0.00338209420442581,0.0635549727206429,59
8453.72,0.00632676854729652,0.0500353431950013,234
8454.29,0.00377645343542099,0.0680537174145381,43
8454.78,0.00776048004627228,0.0772872436791658,356
8455.24,0.00806334614753723,0.0844891841212908,267
8455.76,0.015506699681282,0.0870065384854873,288
8456.3,0.013282286003232,0.0687443766122063,45
8456.81,0.00261949561536312,0.0340637005865574,42
8457.3,0.00409546587616205,0.0321240589643518,38
8457.73,0.00765499472618103,0.0780155155807734,73
8458.26,0.00571446493268013,0.0632075319687525,10
8458.83,0.0022176206111908,0.0551601151625315,373
8459.29,0.00333746522665024,0.0580953502406677,44
8459.74,0.00596710294485092,0.0866157431155443,53
8460.38,NaN,NaN,NaN
8460.89,0.0191883631050587,0.124120668818553,312
8461.22,0.0267499312758446,0.10139562189579,316
8461.66,0.00771820172667503,0.0612150461723407,47
8462.2,0.00218203663825989,0.0356512867535154,172
8462.65,0.00253440998494625,0.0417861376578609,100
8463.17,0.0339260995388031,0.102170104160905,72
8463.85,0.0125127770006657,0.135581671570738,-2
8464.38,0.076410099864006,0.137388577063878,157
8464.72,0.00094967894256115,0.0556460438917081,369
8465.02,0.0269213393330574,0.122785869364937,325
8465.47,0.00631256401538849,0.0721720090756814,356
8466.12,0.00385688804090023,0.0626480588689446,45
8466.82,0.00235728546977043,0.0503924172371626,9
8467.4,0.00657669641077518,0.0545672181372841,11
8467.76,0.00614621676504612,0.0634060104688009,7
8468.05,0.0034980047494173,0.0581300503884753,27
8468.46,0.00375406071543694,0.0463147532815735,327
8469.03,0.00189240463078022,0.0429972506438692,19
8469.69,0.0032472088932991,0.0482697974269589,315
8470.24,0.00252072140574455,0.0458716616655389,97
8470.6,0.0114683657884598,0.102630887801449,64
8471.11,0.00289550237357616,0.0504923372839888,356
8471.68,0.000570882111787796,0.0382250522573789,343
8472.05,0.00330951623618603,0.040842754766345,-15
8472.51,0.0175408162176609,0.106538113827507,338
8473.07,0.00153230503201485,0.0379376734296481,58
8473.5,0.0112811848521233,0.113410358627637,7
8473.97,0.00209597311913967,0.0570665917669733,342
8474.57,0.00249948725104332,0.0526943812146783,336
8475.14,0.00322110950946808,0.0518752224743366,316
8475.5,0.00313575193285942,0.0510734707737962,21
8475.97,0.0247119627892971,0.137520274147391,254
8476.5,0.00173475965857506,0.0486254890759786,328
8477.03,0.00567799061536789,0.065022894491752,68
8477.57,0.00929829105734825,0.0749195956935485,219
8478.12,0.00276225432753563,0.0416248419011633,261
8478.62,0.00190404430031776,0.0454471108193199,-3
8479,0.00244948640465736,0.0518523554007212,372
8479.56,0.00363796949386597,0.0659345934788386,51
8480.19,0.0107186622917652,0.0542786428704858,334
8480.52,0.00770494341850281,0.060172110175093,65
8480.96,0.00823653116822243,0.0628353130693237,316
8481.51,0.00232297368347645,0.0621924468626579,29
8482.04,0.00108659453690052,0.0374631692344944,17
8482.58,0.00233516842126846,0.0475316684072216,309
8483.09,0.00399724394083023,0.054427788592875,19
8483.45,0.00236529856920242,0.059914986602962,-2
8483.88,0.00381738692522049,0.078879431510965,72
8484.5,0.00381427630782127,0.0434133947516481,224
8485.12,0.00108896568417549,0.034347644696633,87
8485.58,0.00789799913764,0.0721875826517741,235
8485.9,0.00314297527074814,0.067106389751037,45
8486.32,0.00777114927768707,0.074629475052158,318
8487,0.00231177918612957,0.0468528050308426,50
8487.62,0.00158200040459633,0.0446042859305938,-2
8487.95,0.00644855573773384,0.0625757047285636,369
8488.31,0.00620530173182487,0.0812236970911423,298
8488.89,0.00410294160246849,0.0664267651736736,-11
8489.47,0.00240235961973667,0.057287092320621,307
8490.14,0.0029081255197525,0.0609871534009775,306
8490.5,0.0078118871897459,0.0630435502777497,92
8490.74,0.00984441861510277,0.05821335191528,98
8491.41,0.00549095124006271,0.0612558595215281,157
8492.11,0.00307523831725121,0.0398450906698902,69
8492.52,0.00340799055993557,0.0430133442083995,333
8492.79,0.00208136066794395,0.0513771064579487,37
8493.18,0.00272261910140514,0.0433012538899978,22
8493.75,0.00982603058218956,0.0670036468654871,29
8494.38,0.00692825764417648,0.0871849060058594,311
8494.98,0.0049753412604332,0.0661095840235551,346
8495.49,0.00574657507240772,0.0522544293974837,337
8495.81,0.0013190358877182,0.0421930653974414,0
8496.3,0.000681145116686821,0.0381929408758879,-1
8496.96,0.00156083051115274,0.0278222132474184,274
8497.41,0.00543380901217461,0.0541714653372765,6
8497.71,0.00387658551335335,0.0473302581037084,311
8498.29,0.00646822899580002,0.0818978610138098,351
8498.9,0.00643505342304707,0.0526007137571772,313
8499.31,0.00154898874461651,0.0269831859817108,312
8499.79,0.00251493602991104,0.044745495232443,74
8500.3,0.00174485146999359,0.0434176195412874,36
8500.74,0.00356354378163815,0.0417290724193056,282
8501.3,0.00224739778786898,0.0300172331432501,135
8501.77,0.00650237500667572,0.0751038212329149,62
8502.2,0.0098140761256218,0.0827082265168428,188
8502.81,0.00369891151785851,0.0402817452947299,263
8503.34,0.00110293366014957,0.0402572769671679,351
8503.67,0.00485664233565331,0.0572034558281302,273
8504.11,0.0026352982968092,0.041023511129121,114
8504.73,0.00455187074840069,0.0637176986783743,36
8505.3,0.0276004523038864,0.123608743151029,183
8505.8,0.00187446735799313,0.0465912520885468,319
8506.43,0.00302921235561371,0.0503438031300902,38
8506.78,0.00497138127684593,0.0568123661602537,320
8507.17,0.00193950347602367,0.057033666719993,34
8507.65,0.00405992195010185,0.0408671746651332,228
8507.96,0.00476454943418503,0.0494128366311391,243
8508.53,0.00611232966184616,0.0467704047138492,185
8509.16,0.00501327589154243,0.0599318460250894,135
8509.71,0.00696823373436928,0.0592341128115853,287
8510.18,0.00166942737996578,0.0381153545652827,93
8510.53,0.00234226509928703,0.050928787017862,371
8511.05,0.00144009850919247,0.0284140142612159,-3
8511.62,0.00441385246813297,0.0480340793728828,332
8512.19,0.00504646264016628,0.0459690463418762,-7
8512.59,0.00243890285491943,0.0430721795807282,358
8512.99,0.00336520187556744,0.0364705612882972,308
8513.57,0.000855585560202599,0.0485529170061151,374
8514.14,0.00580664165318012,0.0567334573715925,302
8514.53,NaN,NaN,NaN
8514.94,0.00206606835126877,0.0351544665172696,1
8515.47,NaN,NaN,NaN
8516.04,NaN,NaN,NaN
8516.68,NaN,NaN,NaN
8517.09,NaN,NaN,NaN
8517.44,NaN,NaN,NaN
8518,0.00198756158351898,0.0361561113968492,10
8518.47,0.0021615419536829,0.0317995663111409,7
8518.91,0.00179828330874443,0.0377805770064394,314
8519.44,0.00903573073446751,0.0535745931168397,223
8519.99,NaN,NaN,NaN
8520.53,0.00116981565952301,0.0349656955028574,27
8520.99,0.00442337803542614,0.0476538352668285,27
8521.58,0.00291883014142513,0.043428171115617,244
8522.02,0.00104151014238596,0.0309672333920995,341
8522.39,0.00385893881320953,0.038969364327689,348
8523.01,0.00104551017284393,0.0303170847085615,363
8523.49,0.00111250672489405,0.0255951285362244,43
8523.89,0.00192444026470184,0.0330646984900037,-2
8524.5,0.00176477339118719,0.0307240245553354,72
8524.96,0.00109057687222958,0.0322631141170859,367
8525.4,0.00108706019818783,0.0329446202764908,327
8525.92,0.000870161689817905,0.0291738249361515,95
8526.35,0.00242313370108604,0.0437228872130314,99
8526.92,0.00341745279729366,0.0516635272651911,199
8527.42,0.00171020440757275,0.0365684100737174,67
8527.8,0.00134523585438728,0.0321938210787872,-7
8528.38,0.00136985909193754,0.0305709862150252,40
8528.83,0.00162258185446262,0.0350625546028217,311
8529.34,0.00254451856017113,0.0366045782963435,-12
8530,0.00170582160353661,0.0313566469897827,342
8530.5,0.00167512148618698,0.0276023149490356,37
8530.9,0.000911466777324677,0.0358085784440239,-6
8531.14,0.00483766570687294,0.0443022676433126,8
8531.67,0.00534991547465324,0.0383622962981462,289
8532.37,0.00399239547550678,0.0403737919405103,314
8532.85,0.00149591453373432,0.0396570336694519,60
8533.36,0.00696595944464207,0.0430329324056705,215
8533.85,0.00302177295088768,0.0303313788026571,217
8534.42,0.00185844022780657,0.030493482016027,232
8534.84,0.00414008088409901,0.0389038653423389,83
8535.23,0.00274863373488188,0.032491399285694,289
8535.81,0.00120233278721571,0.029215803835541,330
8536.38,0.00313607975840569,0.0352491997182369,256
8536.8,0.00173115637153387,0.0281337855073313,246
8537.25,0.00215340685099363,0.0243848240934312,22
8537.76,NaN,NaN,NaN
8538.33,0.00250909850001335,0.0278391490379969,300
8538.99,0.00108353141695261,0.0310372139016787,340
8539.37,0.00136958807706833,0.0294938473962247,72
8539.78,0.00183683913201094,0.0250049193079273,358
8540.35,0.00309055484831333,0.0351898986846209,46
8540.84,0.00210634991526604,0.0342291683579485,31
8541.23,0.00151002034544945,0.0272794685636957,231
8541.61,0.0016667079180479,0.032596574164927,62
8542.19,0.000887665897607803,0.0324346451088786,330
8542.68,0.00139403901994228,0.0361751994738976,5
8544.5,NaN,NaN,NaN
8544.81,0.0539544448256493,0.17848040163517,52
8545.5,NaN,NaN,NaN
8545.78,0.00135441496968269,0.0474084240073959,309
8546.11,NaN,NaN,NaN
8547.98,NaN,NaN,NaN
8548.73,NaN,NaN,NaN
8549.24,NaN,NaN,NaN
8549.68,NaN,NaN,NaN
8550.21,NaN,NaN,NaN
8550.7,NaN,NaN,NaN
8556.88,NaN,NaN,NaN
8556.65,NaN,NaN,NaN
8560.06,NaN,NaN,NaN
8560.57,NaN,NaN,NaN
8561,0.00139479525387287,0.0327359562118848,75
8561.45,NaN,NaN,NaN
8561.89,0.000995492562651634,0.0351101110378901,8
8562.32,NaN,NaN,NaN
8562.84,NaN,NaN,NaN
8564.11,NaN,NaN,NaN
8564.67,NaN,NaN,NaN
8565.16,0.00910787843167782,0.0491470530008276,361
8565.63,NaN,NaN,NaN
8566.09,NaN,NaN,NaN
8566.58,NaN,NaN,NaN
8567.09,0.00296315737068653,0.0374425919726491,58
8567.55,NaN,NaN,NaN
8568.03,NaN,NaN,NaN
8568.53,NaN,NaN,NaN
8568.96,NaN,NaN,NaN
8621.3,NaN,NaN,NaN
8621.77,NaN,NaN,NaN
8622.24,NaN,NaN,NaN
8622.69,0.00191554147750139,0.0282593797892332,366
8623.16,0.00113946292549372,0.0228842158491413,86
8623.62,0.000429080799221992,0.021524465487649,51
8624.11,0.00306403264403343,0.0278653010415534,171
8624.62,0.00086571741849184,0.0227973350944618,78
8625.15,0.00245316326618195,0.0256507475860417,99
8625.59,0.00217719282954931,0.0291381479861836,333
8626.04,0.00197429955005646,0.0350343451524774,352
8626.54,0.00399393402040005,0.031213589788725,274
8627.14,0.00168714486062527,0.0349708562716842,33
8627.66,0.00236199237406254,0.0379894676928719,200
8637.5,NaN,NaN,NaN
8637.66,0.00654024258255959,0.0643957673261563,268
8638.33,NaN,NaN,NaN
8665.28,NaN,NaN,NaN
8665.79,0.00514757633209229,0.0774097188065449,50
8666.29,NaN,NaN,NaN
8666.8,0.00166251882910728,0.0448287958279252,98
8668.08,NaN,NaN,NaN
8668.71,0.0086182989180088,0.0768531337380409,132
8669.31,0.00374435447156429,0.0558656727274259,30
8669.74,0.00531438738107681,0.0865974767754475,342
8670.14,0.00928268954157829,0.103506774331133,216
8670.65,NaN,NaN,NaN
8671.26,NaN,NaN,NaN
8671.74,0.00308848544955254,0.0468536168336868,324
8672.27,0.00177137367427349,0.0496917727092902,51
8672.81,NaN,NaN,NaN
8673.33,NaN,NaN,NaN
8673.82,0.00219615362584591,0.0534084060539802,100
8674.29,0.00255460478365421,0.0554338094467918,50
8674.74,0.00432125478982925,0.0673228272547324,24
8675.23,NaN,NaN,NaN
8675.71,0.00283348746597767,0.0614149014775952,24
8676.16,0.00137734226882458,0.0485798642039299,358
8676.66,0.00276452489197254,0.0567110097035766,50
8677.16,0.00718681700527668,0.0549556985497475,142
8677.62,0.00266863219439983,0.0588223086670041,3
8678.12,0.00425891019403934,0.0635328224549691,189
8678.61,0.00564774684607983,0.0507408004874984,64
8679.14,0.00497205182909966,0.0487565544123451,323
8679.64,0.00212640315294266,0.0399714602778355,331
8680.17,0.00152448192238808,0.0406291149556637,81
8680.7,0.00276017561554909,0.0526451831683517,57
8681.23,0.00742813758552074,0.0504488435884317,124
8681.73,0.000949464738368988,0.0326683198412259,334
8682.5,0.00138729903846979,0.0254003331065178,34
8682.88,0.00585723295807838,0.0448338547721505,4
8683.3,0.000998679548501968,0.0282710891527434,24
8683.74,0.00361868552863598,0.0456313447405895,157
8684.5,NaN,NaN,NaN
8685.08,0.00175782293081284,0.0466451508303483,60
8685.62,NaN,NaN,NaN
8686.24,0.00233907252550125,0.065067649508516,202
8686.9,NaN,NaN,NaN
8687.5,NaN,NaN,NaN
8712.5,NaN,NaN,NaN
8712.98,NaN,NaN,NaN
8713.5,NaN,NaN,NaN
8721.65,0.00249022711068392,0.0263322896013657,237
8722.1,0.00258347764611244,0.0472015499447783,339
8722.5,0.00126035138964653,0.0303293198036651,65
8723.25,0.0159501191228628,0.062449399381876,263
8723.78,0.00155472010374069,0.0392774343490601,74
8724.24,0.00196502171456814,0.0515583949163556,366
8724.7,0.00318508595228195,0.0463198696573575,352
8725.16,0.00328721664845943,0.0410564395909508,364
8725.61,0.00103515014052391,0.030323398920397,45
8726.09,0.00458550080657005,0.0562505147730311,202
8726.56,0.0025462917983532,0.0429611873502533,346
8727.07,0.00163489952683449,0.0243510172391931,23
8727.57,0.00689846649765968,0.0442743708069126,318
8728.1,0.00183591246604919,0.0436091721057892,66
8728.65,0.00600785203278065,0.0437614169592659,58
8729.17,0.00565255247056484,0.0354897184297442,308
8729.64,0.00251724757254124,0.0422623129561543,41
8730.12,0.0038798600435257,0.0409373681371411,308
8730.61,0.00140935368835926,0.0352063511187832,311
8731.16,0.00434019789099693,0.0556522939975063,27
8731.69,0.00128272175788879,0.0228956666154166,316
8732.19,0.00188576616346836,0.0510539785027504,315
8732.67,0.00281981565058231,0.0340410191565752,-9
8733.18,0.00241093710064888,0.0261540211116274,330
8733.68,0.00119629129767418,0.0307640285852055,88
8734.19,0.00401806831359863,0.0445367954671383,235
8734.68,0.00249127577990294,0.0305763903694848,344
8735.19,0.0038913618773222,0.0328018815877537,120
8735.68,0.00160488858819008,0.0236375005915761,283
8736.16,0.00170540250837803,0.0367864416912198,78
8736.65,0.00181816890835762,0.0292487738964458,25
8737.14,0.000907496549189091,0.0215244355301062,78
8737.63,0.00443967152386904,0.0335340369492769,351
8738.13,NaN,NaN,NaN
8738.63,NaN,NaN,NaN
8739.14,NaN,NaN,NaN
8739.62,NaN,NaN,NaN
8740.11,NaN,NaN,NaN
8740.59,NaN,NaN,NaN
8741.08,0.00113245379179716,0.0234396086695294,27
8741.57,0.00163091346621513,0.0353660040224592,-15
8742.03,0.00159379467368126,0.0354103728507956,15
8742.48,0.00563198141753674,0.0476238578557968,333
8742.93,0.00111178308725357,0.0410340108598272,329
8755.5,0.00189918279647827,0.057629509208103,56
8756.9,0.00415061041712761,0.0476915342733264,137
8757.5,0.00407169014215469,0.0949656466643016,316
8758.04,0.0203675739467144,0.127627339214087,303
8758.5,0.00185678899288177,0.048669779052337,6
8759.15,NaN,NaN,NaN
8759.69,NaN,NaN,NaN
8760.33,0.00341987982392311,0.0783480896304051,356
8760.92,0.002021674066782,0.0519643969212969,54
8772.66,0.0120187290012836,0.0821559857577085,321
8773.23,0.0129531100392342,0.12978090532124,219
8773.74,0.0163032673299313,0.126984888066848,297
8774.24,0.00760667398571968,0.0671722258751591,268
8774.76,0.0135679058730602,0.0805178762724002,4
8775.4,0.0135932303965092,0.13903323871394,259
8776.02,0.00621230900287628,0.0903241975853841,34
8776.5,0.00568808242678642,0.0714580398052931,262
8777.04,NaN,NaN,NaN
8777.41,NaN,NaN,NaN
8777.83,0.00113311037421227,0.0482202976321181,16
8778.42,0.00697019509971142,0.0624203144883116,314
8778.96,0.00863289088010788,0.0881522881488005,354
8779.47,0.00648683309555054,0.0594919631257653,241
8779.95,0.00352038815617561,0.0531745506450534,-5
8780.45,0.00301940366625786,0.0691793660322825,313
8780.94,0.00572781637310982,0.0651043988764286,57
8797.17,NaN,NaN,NaN
8799.79,NaN,NaN,NaN
8800.3,0.00396091863512993,0.0604651151224971,75
8800.5,NaN,NaN,NaN
8800.74,0.00438286177814007,0.0523900063708425,0
8801.5,NaN,NaN,NaN
8801.88,0.00243487022817135,0.0535994873692592,82
8802.5,NaN,NaN,NaN
8802.66,NaN,NaN,NaN
8802.99,NaN,NaN,NaN
8803.69,0.0135928653180599,0.0688475230708718,296
8804.5,NaN,NaN,NaN
8804.99,NaN,NaN,NaN
8804.98,NaN,NaN,NaN
8805.26,0.0064837746322155,0.100286946321527,55
8809.79,0.00185330584645271,0.0243436073263486,319
8810.29,0.00794921070337296,0.070286779354016,362
8810.79,0.00642605870962143,0.083884734660387,16
8811.19,0.0136642977595329,0.099245972931385,334
8811.62,0.0205499343574047,0.129869842280944,205
8812.12,NaN,NaN,NaN
8812.6,NaN,NaN,NaN
8813.07,NaN,NaN,NaN
8813.5,NaN,NaN,NaN
8814.84,NaN,NaN,NaN
8815.29,NaN,NaN,NaN
8815.76,0.00285618007183075,0.0348658577228586,300
8816.23,0.00898934900760651,0.0656015925730268,183
8816.75,0.00136523135006428,0.0359913231804967,78
8817.31,0.00408834964036942,0.0627147573977709,39
8817.86,0.00534840300679207,0.0680560320615768,91
8818.42,0.0100393183529377,0.0755619332194328,91
8855.43,0.0101873427629471,0.106604427099228,315
8856.03,NaN,NaN,NaN
8856.9,0.00414051860570908,0.129159194727739,-3
8857.5,0.0119109600782394,0.157083226988713,44
8858,0.0102636516094208,0.10289408142368,163
8858.44,NaN,NaN,NaN
9087.21,0.00229360535740852,0.0408411379903555,17
9087.69,0.000859973952174187,0.0274779413205882,361
9088.23,0.0030691847205162,0.0428905872007211,324
9088.69,0.00356007367372513,0.0496794283390045,337
9089.08,0.000866624526679516,0.0290600374961893,315
9089.54,0.000926217995584011,0.0267593072106441,342
9090.06,0.00184419006109238,0.0398662518709898,332
9090.5,NaN,NaN,NaN
9113.5,NaN,NaN,NaN
9113.91,0.00825227983295918,0.0664639718209704,293
9114.5,NaN,NaN,NaN
9135.83,0.0030350424349308,0.0342604440326492,317
9136.5,NaN,NaN,NaN
9136.95,NaN,NaN,NaN
9137.5,0.0045949574559927,0.0504751062641541,131
9138.5,NaN,NaN,NaN
9139.11,0.00439861789345741,0.0522453101972739,260
9165.44,NaN,NaN,NaN
9167.74,NaN,NaN,NaN
9168.36,0.000886499881744385,0.0416858410462737,33
9168.81,0.00434944778680801,0.0880823899060488,68
9169.31,0.00837867707014084,0.0785324362417062,35
9169.82,NaN,NaN,NaN
9170.29,NaN,NaN,NaN
9170.82,NaN,NaN,NaN
9171.32,NaN,NaN,NaN
9171.72,NaN,NaN,NaN
9172.2,NaN,NaN,NaN
9172.69,0.00786174088716507,0.0767811934153239,161
9195.33,0.0022976603358984,0.0291188584330181,55
9195.82,0.00171284936368465,0.031284058932215,-6
9206.5,NaN,NaN,NaN
9207.5,0.00244669243693352,0.045104614769419,36
9208.13,0.00298922695219517,0.0482649486511946,268
9208.58,0.00252020265907049,0.0340420089972516,46
9209.24,0.00433975644409657,0.03981597473224,228
9209.94,NaN,NaN,NaN
9210.5,NaN,NaN,NaN
9212.89,NaN,NaN,NaN
9213.33,NaN,NaN,NaN
9213.92,0.0161197409033775,0.153797595451275,133
9277.95,0.0133460182696581,0.0721662218372027,192
9278.5,NaN,NaN,NaN
9279.05,0.00108774937689304,0.0421011336147785,4
9279.67,NaN,NaN,NaN
9280.22,0.00280805677175522,0.0368524789810181,143
9281.39,NaN,NaN,NaN
9281.87,0.00174049288034439,0.0405833857754866,-1
9282.32,0.00171666126698256,0.0269906578275065,147
9282.69,0.00123107433319092,0.0384593863661091,341
9283.17,0.00207103043794632,0.0460105317955216,346
9283.7,0.00162125565111637,0.0569441147769491,100
9284.18,0.00504530966281891,0.0773896034806967,76
9301.51,0.00250036455690861,0.0610045359159509,369
9302,NaN,NaN,NaN
9302.59,NaN,NaN,NaN
9303.14,NaN,NaN,NaN
9369.34,NaN,NaN,NaN
9369.83,NaN,NaN,NaN
9370.36,NaN,NaN,NaN
9370.99,0.000954008661210537,0.0299107030344506,70
9371.5,0.00378327071666718,0.0356426568080982,181
9372.04,0.00141905248165131,0.0361887281760573,23
9372.49,0.00196486618369818,0.0279148449189961,308
9372.94,0.00529360771179199,0.0385729388023416,334
9373.46,0.00136595964431763,0.0294632537600895,335
9373.96,0.00675766728818417,0.0380509415020545,321
9374.41,0.00240987725555897,0.0392368749404947,331
9374.88,0.000997995957732201,0.0283411711764832,-2
9375.37,0.00203084014356136,0.031863857836773,314
9375.88,0.00215427577495575,0.033972814368705,340
9376.41,0.00184336025267839,0.0322629072082539,49
9376.91,0.00187366828322411,0.0478634915004174,361
9377.39,0.00300837866961956,0.0461859898641706,277
9377.89,0.00457244180142879,0.0424206253762046,232
9378.41,0.0030673686414957,0.0352253538245956,296
9378.94,0.00590714067220688,0.049075674576064,246
9379.46,0.008825508877635,0.0471646230046948,321
9379.96,0.0045472513884306,0.0385578364754717,314
9380.5,0.00950823910534382,0.0557091161608696,-5
9380.96,0.00590215623378754,0.0570200653746724,347
9381.47,0.0172366369515657,0.0670576666792234,366
9381.98,0.0108952093869448,0.0531600527465343,310
9382.49,0.0040319412946701,0.037914006660382,256
9383,0.00812997668981552,0.0520310991754135,249
9383.5,0.00838354043662548,0.0435322858393192,284
9383.99,NaN,NaN,NaN
9384.48,NaN,NaN,NaN
9384.97,0.00413898192346096,0.0424689051384727,272
9385.5,0.0030302070081234,0.045735244328777,308
9386.03,0.00138608925044537,0.045241958151261,340
9386.51,0.00306974910199642,0.0376723691200217,89
9387,0.00525087304413319,0.0495041338726878,229
9387.49,0.0027704881504178,0.0298821963369846,33
9387.98,0.00212184339761734,0.0338917784392834,309
9388.49,0.00146267749369144,0.0301454447520276,363
9388.96,0.00220479816198349,0.0344902596746882,90
9389.44,0.00300952233374119,0.0369928702712059,349
9389.94,0.0103824697434902,0.0529053285717964,325
9390.44,0.0018580611795187,0.0397984410325686,78
9390.93,0.0114070512354374,0.0490598740677039,222
9391.49,NaN,NaN,NaN
9392.04,0.00418981164693832,0.0525763124848405,268
9392.54,NaN,NaN,NaN
9393.04,0.00354752689599991,0.0466523695116242,363
9393.53,0.00339803658425808,0.0518798210347692,43
9394.03,0.00802866369485855,0.0581787694245577,349
9394.53,0.00104012526571751,0.0332632685701052,321
9395.03,0.00342216622084379,0.0303464541211724,355
9395.52,0.00319653935730457,0.0360402902588248,36
9396.02,0.00179506652057171,0.0468247675647338,72
9396.52,0.0044153518974781,0.0455907142410676,179
9397.05,0.00491544231772423,0.0456171128898859,113
9397.55,0.00201648846268654,0.0424178938070933,321
9398.06,0.00337467342615128,0.0558886264140407,43
9398.56,0.00188672356307507,0.0594639951984088,42
9399.07,0.003390833735466,0.0440114941447973,364
9399.58,0.00287746265530586,0.0354180624708533,70
9400.09,0.00182750821113586,0.0365005076552431,0
9400.58,0.00361681543290615,0.0405552769079804,68
9401.06,0.00180230662226677,0.0357498293742537,373
9401.53,NaN,NaN,NaN
9402.02,NaN,NaN,NaN
9402.5,NaN,NaN,NaN
9403.02,NaN,NaN,NaN
9403.55,NaN,NaN,NaN
9404.07,NaN,NaN,NaN
9404.57,0.00370799377560616,0.0425466333205501,126
9405.07,0.00424531847238541,0.0389224172880252,84
9405.56,0.00323369167745113,0.0487003236388167,0
9406.05,0.00163848698139191,0.0357869118452072,31
9406.54,0.00461902841925621,0.0458734923352798,63
9407.05,0.00118708051741123,0.0361666812871893,79
9407.54,0.00864794291555882,0.0591376951585213,46
9408.03,0.00531912967562675,0.0460214462752144,106
9408.51,0.00532438792288303,0.0451787505298853,366
9408.98,0.00274707563221455,0.0404825735216339,-1
9409.5,NaN,NaN,NaN
9410,0.00172658078372478,0.0396959617113074,320
9410.47,0.00102383270859718,0.0347913677493731,347
9410.91,0.00181980431079865,0.0437827973316113,5
9411.37,0.00268653035163879,0.0388555486376087,77
9411.83,0.00407814607024193,0.0416354869181911,246
9486.5,NaN,NaN,NaN
9486.1,0.0089079849421978,0.0773178500433763,238
9485.52,0.00324539095163345,0.0818387766679128,-6
9541.24,NaN,NaN,NaN
9541.65,0.00728732533752918,0.0647585870077213,335
9542.07,0.0116158500313759,0.103069676707188,19
9542.57,0.00362582877278328,0.0607777296875914,18
9543.16,NaN,NaN,NaN
9543.71,NaN,NaN,NaN
9544.34,NaN,NaN,NaN
9545.05,NaN,NaN,NaN
9735.5,NaN,NaN,NaN
9735.5,NaN,NaN,NaN
9791.5,NaN,NaN,NaN
9791.73,NaN,NaN,NaN
9832.72,0.00167198292911053,0.0245229275897145,308
9833.5,0.0173236187547445,0.050025062635541,4
9834.5,0.0424734465777874,0.112857783213258,-11
9843.5,0.000932291150093079,0.0245197207356493,349
9844.03,NaN,NaN,NaN
9844.5,0.0087918546050787,0.049947720952332,4
9845.44,0.00411099940538406,0.0393035256614288,5
9845.89,0.00796628557145596,0.0466382031639417,33
9846.44,NaN,NaN,NaN
9846.92,0.00244742911309004,0.0300682440089683,343
9853.5,NaN,NaN,NaN
9859.56,NaN,NaN,NaN
9860.27,NaN,NaN,NaN
9860.87,NaN,NaN,NaN
9861.43,NaN,NaN,NaN
9862.07,NaN,NaN,NaN
9862.67,0.0059241745620966,0.0629822785655657,270
9864.51,NaN,NaN,NaN
9865.02,NaN,NaN,NaN
9865.51,NaN,NaN,NaN
9866.06,0.013260256499052,0.0692915857459108,73
9866.61,0.00287164933979511,0.0453816413258513,332
9867,NaN,NaN,NaN
9867.37,NaN,NaN,NaN
9867.84,NaN,NaN,NaN
9868.5,NaN,NaN,NaN
9869.06,NaN,NaN,NaN
9869.69,NaN,NaN,NaN
9870.15,NaN,NaN,NaN
9870.5,NaN,NaN,NaN
9871.06,NaN,NaN,NaN
9871.6,NaN,NaN,NaN
9872.16,NaN,NaN,NaN
9872.74,0.00797918811440468,0.0308021848710875,-4
9873.27,0.00217949412763119,0.0285112087925275,307
9873.73,0.00670986995100975,0.0333225486489634,319
9874.13,0.00425799190998077,0.0391151405250033,324
9874.44,0.00368931423872709,0.0308106054241459,72
9874.96,0.00116514321416616,0.0319754731220504,87
9875.58,NaN,NaN,NaN
9876.13,NaN,NaN,NaN
9876.68,NaN,NaN,NaN
9877.22,NaN,NaN,NaN
9877.72,0.00247384421527386,0.0266869013818602,314
9878.18,0.0112696290016174,0.0444350416461627,326
9878.61,0.00157217681407928,0.0278827046665053,3
9879.09,0.00280457548797131,0.041625275897483,42
9879.57,0.00336315482854843,0.0422117154424389,45
9880.1,0.0047107245773077,0.0486416366572181,359
9880.68,0.00199210271239281,0.0374401574954391,41
9881.26,0.00373481772840023,0.0379710386817654,34
9881.67,0.00416424870491028,0.0434996103867888,3
9882.09,0.158453337848186,0.220031128575404,-7
9882.57,0.00298945978283882,0.0433410142237941,2
9883.05,NaN,NaN,NaN
9883.55,0.00476964935660362,0.0499707919855913,75
9884.07,0.00439046882092953,0.0409550359472632,6
9884.57,0.00439205020666122,0.0439237489675482,254
9885.08,0.00353630632162094,0.0376695229982336,310
9885.67,NaN,NaN,NaN
9886.29,NaN,NaN,NaN
9886.7,0.00662055611610413,0.0461896350607276,331
9886.97,0.00551830232143402,0.0427193809300661,343
9887.5,0.00658401101827621,0.0503574963659048,61
9888.11,0.00494339317083359,0.042259922871987,252
9888.59,0.00309015996754169,0.0328331991719703,354
9889.08,0.00939154624938965,0.0418683799604575,314
9889.56,0.00851266458630562,0.0496316983674963,33
9890.05,0.00966542027890682,0.047022397009035,31
9890.52,0.00849088095128536,0.0437564278642337,50
9890.98,0.0335472337901592,0.0865716595823566,359
9891.46,0.00673443824052811,0.0423463735108574,114
9892,0.00550271198153496,0.0382711123675108,328
9892.53,0.0395762845873833,0.0924160865445932,48
9893.03,0.00312229618430138,0.0360968175033728,5
9893.51,0.00477376580238342,0.0410226862877607,0
9894.02,0.0170906614512205,0.0657086251303554,366
9894.57,0.00387207418680191,0.0401447024196386,332
9895.13,0.003934720531106,0.0409119290610154,314
9895.68,0.00269296020269394,0.0415564446399609,176
9896.06,NaN,NaN,NaN
9896.26,NaN,NaN,NaN
9896.88,NaN,NaN,NaN
9897.61,NaN,NaN,NaN
9898.12,NaN,NaN,NaN
9900.08,NaN,NaN,NaN
9900.55,NaN,NaN,NaN
9901,NaN,NaN,NaN
9901.59,NaN,NaN,NaN
9902.21,NaN,NaN,NaN
9907.5,0.0135589819401503,0.0575772806381186,8
9908.07,0.000944653525948524,0.0230645501675705,1
9908.75,0.003450115211308,0.0247708276535074,357
9945.5,0.00629267748445272,0.0234723472967744,274
9946.5,0.00461984518915415,0.0281452488464614,39
9947,0.0429660566151142,0.116700950389107,262
9948.29,0.00504853390157223,0.0368034780646364,64
9948.5,NaN,NaN,NaN
9949.01,0.00338082108646631,0.0250361575745046,283
9949.5,0.00227597914636135,0.0300208758562803,13
9949.94,0.0108171608299017,0.0409786797439059,323
9950.42,0.00370427966117859,0.0470496549581488,84
9951.04,0.00473137572407722,0.039199808302025,-5
9951.53,NaN,NaN,NaN
9951.96,NaN,NaN,NaN
9952.35,NaN,NaN,NaN
9952.89,NaN,NaN,NaN
9953.33,0.00915987975895405,0.0505753246446451,64
9953.74,0.00594976544380188,0.0449022318546971,323
9954.31,NaN,NaN,NaN
9954.77,NaN,NaN,NaN
9966.5,0.0146765373647213,0.0792451612651348,195
9967.5,NaN,NaN,NaN
9968.07,NaN,NaN,NaN
9969.14,NaN,NaN,NaN
9969.69,NaN,NaN,NaN
9970.33,NaN,NaN,NaN
9970.9,NaN,NaN,NaN
9973.5,0.00252262689173222,0.0341335178042452,89
9973.94,0.00776075385510921,0.0556027814745903,46
9974.6,0.00330989994108677,0.0416411276285847,17
9975.1,0.00242658518254757,0.0419810600578785,86
9975.5,NaN,NaN,NaN
9977.84,0.0143372677266598,0.076323996608456,95
9978.61,0.000857606530189514,0.0331895118579268,315
9979.39,NaN,NaN,NaN
9979.93,0.0153399668633938,0.0840978765239318,169
9989.56,NaN,NaN,NaN
9990.03,NaN,NaN,NaN
10030.5,NaN,NaN,NaN
10030.88,0.0622198060154915,0.12466444944342,324
10031.47,NaN,NaN,NaN
10032.05,0.00244772061705589,0.0386415977651874,342
10032.5,NaN,NaN,NaN
10080.89,NaN,NaN,NaN
10081.5,NaN,NaN,NaN
10081.95,NaN,NaN,NaN
10082.42,NaN,NaN,NaN
10082.87,0.0197897590696812,0.0971394963562489,294
10083.34,0.00818682089447975,0.0819743263224761,339
10083.8,0.00606875494122505,0.0761602502316236,311
10084.26,0.0161699056625366,0.0812665255119403,308
10084.73,0.0111541114747524,0.0985874887555838,286
10085.2,0.0141648463904858,0.102825382724404,17
10085.65,NaN,NaN,NaN
10088.72,NaN,NaN,NaN
10089.29,NaN,NaN,NaN
10089.82,NaN,NaN,NaN
10090.29,0.00415918417274952,0.0548604683329662,319
10090.79,NaN,NaN,NaN
10091.32,NaN,NaN,NaN
10091.8,0.00604884698987007,0.0756198614835739,316
10092.33,0.00696068070828915,0.0623236065730453,180
10092.77,0.00741869397461414,0.0647468091920018,347
10093.22,0.00609363988041878,0.064683976272742,6
10093.69,NaN,NaN,NaN
10094.12,NaN,NaN,NaN
10094.53,0.00602495670318604,0.0642015139261882,368
10095.08,0.00692571699619293,0.0717076510190964,-8
10095.57,NaN,NaN,NaN
10124.43,NaN,NaN,NaN
10123.91,0.020830437541008,0.0841767067710559,341
10123.5,NaN,NaN,NaN
10122.77,NaN,NaN,NaN
10138.88,0.00517079420387745,0.0605223461364706,332
10139.34,NaN,NaN,NaN
10174.79,0.0481894351541996,0.162277505422632,2
10175.31,0.00537796132266521,0.0418556829293569,36
10175.76,0.00845976546406746,0.0842035456250111,49
10176.26,0.0616833679378033,0.155192879339059,14
10176.79,0.0205897316336632,0.133654067292809,116
10177.3,0.0110238902270794,0.124073299889763,353
10177.76,0.00397702306509018,0.0799951509883006,70
10178.25,0.0123641826212406,0.100916085143884,296
10178.72,0.0263345539569855,0.161549518505732,0
10179.21,0.0127546787261963,0.0990318308273951,355
10179.67,0.102444909512997,0.200245325143139,49
10180.18,0.0842065364122391,0.210791769127051,44
10180.74,NaN,NaN,NaN
10181.26,NaN,NaN,NaN
10181.76,NaN,NaN,NaN
10182.31,NaN,NaN,NaN
10182.86,NaN,NaN,NaN
10183.12,0.00709812715649605,0.0704298038035631,79
10183.5,NaN,NaN,NaN
10183.94,NaN,NaN,NaN
10270.5,NaN,NaN,NaN
10271,0.0194502547383308,0.115060545504093,3
10271.5,NaN,NaN,NaN
10271.96,NaN,NaN,NaN
10272.48,NaN,NaN,NaN
10273.03,NaN,NaN,NaN
10273.53,NaN,NaN,NaN
10274.02,NaN,NaN,NaN
10274.48,NaN,NaN,NaN
10274.94,NaN,NaN,NaN
10275.44,NaN,NaN,NaN
10275.94,NaN,NaN,NaN
10276.46,NaN,NaN,NaN
10276.96,NaN,NaN,NaN
10277.46,NaN,NaN,NaN
10277.94,NaN,NaN,NaN
10278.43,NaN,NaN,NaN
10278.94,NaN,NaN,NaN
10279.45,NaN,NaN,NaN
10279.94,0.00348860770463943,0.0802414150287708,56
10280.43,NaN,NaN,NaN
10280.9,0.00189014989882708,0.0206381099609037,184
10281.44,NaN,NaN,NaN
10281.92,0.0038862694054842,0.047675896435976,337
10282.37,NaN,NaN,NaN
10282.83,0.00435339659452438,0.048493049107492,103
10283.39,0.0119408331811428,0.107871597632766,310
10283.93,0.00486571714282036,0.0725289372106393,331
10284.41,NaN,NaN,NaN
10284.9,0.0426789671182632,0.158305944254001,247
10285.41,NaN,NaN,NaN
10285.93,0.019311860203743,0.126793994878729,336
10286.41,NaN,NaN,NaN
10286.81,NaN,NaN,NaN
10287.28,0.0304652154445648,0.186576216171185,238
10287.76,0.0289779379963875,0.150356641660134,134
10288.29,NaN,NaN,NaN
10288.89,NaN,NaN,NaN
10289.32,NaN,NaN,NaN
10289.73,NaN,NaN,NaN
10290.24,NaN,NaN,NaN
10290.83,NaN,NaN,NaN
10291.42,0.055379968136549,0.153386901443203,164
10291.71,NaN,NaN,NaN
10292.13,NaN,NaN,NaN
10292.72,NaN,NaN,NaN
10293.39,NaN,NaN,NaN
10293.96,NaN,NaN,NaN
10294.19,NaN,NaN,NaN
10294.59,0.0166808366775513,0.175214721510808,2
10295.17,NaN,NaN,NaN
10295.67,NaN,NaN,NaN
10296.15,NaN,NaN,NaN
10296.66,NaN,NaN,NaN
10297.14,NaN,NaN,NaN
10297.66,NaN,NaN,NaN
10298.18,0.0275902822613716,0.18363602583607,235
10298.63,0.00873422995209694,0.0908548968533675,206
10299.24,NaN,NaN,NaN
10299.83,NaN,NaN,NaN
10300.18,0.0326359011232853,0.11832077242434,325
10300.56,0.0248136334121227,0.101752771064639,215
10301.05,0.00666835159063339,0.0850240389506022,6
10301.56,0.0261906422674656,0.0900737755000591,257
10302.07,0.0202123075723648,0.0880296807736158,253
10302.58,0.0397254824638367,0.143695656831066,141
10303.13,NaN,NaN,NaN
10303.58,0.0531752146780491,0.134152414277196,284
10303.94,0.0170051865279675,0.0896391781667868,250
10304.41,NaN,NaN,NaN
10305.02,NaN,NaN,NaN
10305.61,NaN,NaN,NaN
10306.05,0.0643779598176479,0.13483970426023,155
10306.45,NaN,NaN,NaN
10306.87,0.0262752957642078,0.102092017730077,242
10307.41,NaN,NaN,NaN
10307.97,0.00820831581950188,0.109627530599634,41
10308.46,NaN,NaN,NaN
10308.99,0.00912537425756454,0.10273631537954,87
10309.5,NaN,NaN,NaN
10310.01,0.0190296359360218,0.121799793715278,274
10310.48,NaN,NaN,NaN
10311.09,NaN,NaN,NaN
10311.7,NaN,NaN,NaN
10312.14,0.188217893242836,0.243327956646681,212
10312.5,0.0193552821874619,0.19354115302364,332
10312.81,NaN,NaN,NaN
10313.4,NaN,NaN,NaN
10313.99,0.0223040767014027,0.142731079831719,126
10314.49,NaN,NaN,NaN
10314.94,NaN,NaN,NaN
10315.42,NaN,NaN,NaN
10315.96,NaN,NaN,NaN
10316.49,NaN,NaN,NaN
10316.93,NaN,NaN,NaN
10317.42,NaN,NaN,NaN
10317.9,0.0215530022978783,0.183350041508675,188
10318.46,NaN,NaN,NaN
10319.1,0.00659161061048508,0.0864476971328259,20
10319.5,NaN,NaN,NaN
10320,0.0184951927512884,0.0719981174916029,191
10320.33,NaN,NaN,NaN
10320.96,NaN,NaN,NaN
10321.5,NaN,NaN,NaN
10321.91,NaN,NaN,NaN
10322.5,NaN,NaN,NaN
10322.98,NaN,NaN,NaN
10323.48,NaN,NaN,NaN
10323.94,0.0321159884333611,0.158795910576979,14
10324.45,NaN,NaN,NaN
10324.97,NaN,NaN,NaN
10355.07,0.00567455217242241,0.0757509438941876,92
10355.63,NaN,NaN,NaN
10356.24,0.0133005790412426,0.0814274735748768,195
10356.56,0.0101996585726738,0.0863630194216967,195
10356.85,0.022167831659317,0.183292073508104,121
10357.35,NaN,NaN,NaN
10357.83,NaN,NaN,NaN
10358.45,NaN,NaN,NaN
10359.13,NaN,NaN,NaN
10359.69,NaN,NaN,NaN
10360.15,0.016261775046587,0.0910772768159707,166
10360.49,0.0135629139840603,0.0952153063068787,243
10360.85,0.0175813734531403,0.119477852558096,349
10361.37,NaN,NaN,NaN
10361.94,0.0670781172811985,0.16188530686001,156
10362.5,NaN,NaN,NaN
10363.15,NaN,NaN,NaN
10363.47,0.00492936559021473,0.0567603595554829,190
10363.73,0.0089292861521244,0.0826256579409043,170
10364.19,0.0120833683758974,0.0634189189101259,169
10364.69,0.00577802956104279,0.0840899118532737,-4
10365.13,NaN,NaN,NaN
10365.56,NaN,NaN,NaN
10366.19,NaN,NaN,NaN
10366.84,NaN,NaN,NaN
10367.34,NaN,NaN,NaN
10367.84,NaN,NaN,NaN
10368.37,NaN,NaN,NaN
10368.88,0.00771287083625793,0.120028084143996,35
10369.38,0.0288456417620182,0.131504736219843,170
10369.9,0.00685263052582741,0.075400626907746,134
10370.38,0.007856085896492,0.0644363953421513,221
10370.66,0.0146023817360401,0.0989132430404425,172
10371.1,0.0250096097588539,0.163480520248413,124
10371.72,0.0173293426632881,0.103539186219374,45
10372.31,0.0135580375790596,0.14260970801115,201
10372.74,0.0159031376242638,0.103201722105344,154
10373.14,0.0499921888113022,0.150770130256812,259
10373.61,0.0183376111090183,0.0969891604036093,196
10374.09,0.0161052085459232,0.100122747942805,236
10374.6,0.0218075215816498,0.16161855061849,102
10375.09,NaN,NaN,NaN
10375.57,0.00682158023118973,0.105123935888211,106
10376.12,0.0249594785273075,0.135780395939946,264
10376.66,0.0557485371828079,0.20135289678971,36
10377.12,0.0113356448709965,0.116476276889443,331
10377.62,0.0135366097092628,0.145116201291482,168
10378.23,0.0183292478322983,0.179350608338912,337
10378.75,0.0163662116974592,0.0754199347769221,192
10379.08,0.0142030641436577,0.0934366198877494,372
10379.53,0.0096987672150135,0.113956399882833,73
10380.19,0.0383384823799133,0.186153573294481,124
10380.77,0.00265586376190186,0.0537821231409907,356
10381.29,0.0064745806157589,0.0656287201369802,175
10381.71,0.0117176882922649,0.106274482483665,83
10382.08,NaN,NaN,NaN
10382.62,NaN,NaN,NaN
10383.17,NaN,NaN,NaN
10383.54,NaN,NaN,NaN
10384.01,NaN,NaN,NaN
10384.54,NaN,NaN,NaN
10385.06,0.0286709666252136,0.1739198602736,31
10385.54,NaN,NaN,NaN
10386.09,0.021590568125248,0.158424854278564,97
10386.68,NaN,NaN,NaN
10387.24,NaN,NaN,NaN
10387.75,0.0140170380473137,0.16869167983532,79
10388.07,0.0174908116459846,0.100232348466913,167
10388.39,0.00413068756461143,0.0867855406055848,355
10388.89,0.0087510421872139,0.125404157365362,32
10389.45,0.0154886916279793,0.196731017281612,237
10390.01,0.0113210827112198,0.14709310233593,288
10390.55,0.00756945461034775,0.0887558460235596,34
10391,0.0111339800059795,0.0980308086921771,120
10391.39,0.0610208660364151,0.179022051393986,256
10391.85,NaN,NaN,NaN
10392.42,NaN,NaN,NaN
10393.02,NaN,NaN,NaN
10393.56,NaN,NaN,NaN
10394.1,0.0231891572475433,0.139197496076425,183
10394.46,NaN,NaN,NaN
10394.83,NaN,NaN,NaN
10395.4,NaN,NaN,NaN
10395.91,0.0222357846796513,0.141419233754277,247
10396.33,NaN,NaN,NaN
10396.69,NaN,NaN,NaN
10397.09,NaN,NaN,NaN
10408.68,NaN,NaN,NaN
10409.09,NaN,NaN,NaN
10409.33,0.0179222375154495,0.149213004857302,164
10409.74,NaN,NaN,NaN
10410.44,NaN,NaN,NaN
10410.99,NaN,NaN,NaN
10411.5,NaN,NaN,NaN
10411.88,0.013938169926405,0.0936396153022846,109
10452.5,NaN,NaN,NaN
10453.5,NaN,NaN,NaN
10453.69,NaN,NaN,NaN
10454.24,NaN,NaN,NaN
10454.82,NaN,NaN,NaN
10455.41,NaN,NaN,NaN
10455.98,0.0130473673343658,0.152000618477662,65
10456.5,NaN,NaN,NaN
10456.88,0.0278274342417717,0.146519593894482,284
10457.42,0.0117290019989014,0.0681083394835393,328
10458,0.00150135904550552,0.0402316547309359,296
10458.49,NaN,NaN,NaN
10459.5,NaN,NaN,NaN
10459.5,0.0156911313533783,0.0813621419171492,293
10460.14,0.00191386928781867,0.0156187260678659,179
10460.5,NaN,NaN,NaN
10461.44,NaN,NaN,NaN
10461.89,NaN,NaN,NaN
10462.5,NaN,NaN,NaN
10462.91,NaN,NaN,NaN
10463.46,NaN,NaN,NaN
10464.01,0.00774801895022392,0.0719690012435118,82
10464.5,NaN,NaN,NaN
10464.93,NaN,NaN,NaN
10465.5,0.00603931024670601,0.0557665415108204,21
10465.95,0.00453395769000053,0.0537288965036472,137
10466.44,0.00359559431672096,0.061472495396932,320
10466.94,0.00840096548199654,0.0669081152106325,70
10467.5,0.00846267305314541,0.0513756675645709,21
10468.02,0.00556307099759579,0.06103875550131,72
10468.5,0.00245096534490585,0.0636746808886528,42
10468.93,0.00644191354513168,0.0689396013816198,64
10469.42,0.00301622226834297,0.0663300311813752,328
10469.91,0.0187312848865986,0.086667778591315,248
10470.4,0.00886636227369308,0.0562546439468861,355
10470.88,0.0122727900743484,0.0995676424354315,41
10471.39,0.00476591847836971,0.0653722727050384,25
10471.98,0.00562561862170696,0.0450957712406913,80
10472.56,NaN,NaN,NaN
10473.04,NaN,NaN,NaN
10473.57,NaN,NaN,NaN
10474.11,NaN,NaN,NaN
10474.59,NaN,NaN,NaN
10475.36,NaN,NaN,NaN
10475.84,NaN,NaN,NaN
10476.35,NaN,NaN,NaN
10476.89,0.00639006681740284,0.0536977030957739,85
10477.44,0.018087025731802,0.106964540357391,26
10477.98,0.0059626754373312,0.0416441345587373,7
10478.49,NaN,NaN,NaN
10479.01,NaN,NaN,NaN
10479.59,NaN,NaN,NaN
10480.14,0.00407825782895088,0.0491551387434204,25
10480.58,0.00368866510689259,0.0530471410602331,12
10481.02,0.0106143206357956,0.067826089138786,254
10481.55,0.0117006506770849,0.0656308320661386,180
10482.06,0.0524701625108719,0.128034240876635,106
10482.54,0.00860201939940453,0.05181233646969,183
10483.1,0.0474227964878082,0.166082634280125,91
10483.64,0.0132409185171127,0.102706891174118,45
10484.12,0.0196469575166702,0.111050733675559,17
10484.6,0.0101322866976261,0.0687951066841682,195
10485.05,0.00806080922484398,0.0923338445524375,61
10485.54,0.0332112461328506,0.117375624676545,36
10486.17,0.0167320594191551,0.0914272405207157,328
10486.74,0.00774340704083443,0.0822491465757291,34
10487.2,0.0127237923443317,0.0764480400830507,278
10487.66,0.0103606022894382,0.0739264773825804,1
10488.15,0.00698018074035645,0.0448065244903167,102
10488.65,0.0041070356965065,0.0498129356031617,101
10489.12,0.00395773164927959,0.0479248619327943,294
10489.52,0.00833975151181221,0.0805800352245569,139
10490.11,0.0176361277699471,0.128004344801108,365
10490.85,0.0214244462549686,0.105329339702924,186
10491.55,NaN,NaN,NaN
10491.7,NaN,NaN,NaN
10491.74,0.0101061165332794,0.0826876250406106,35
10492.4,0.0124140158295631,0.0722863286112746,176
10493.04,0.00179248303174973,0.0726030481358369,31
10493.52,0.00649493560194969,0.0465132010479768,204
10493.93,0.0166532620787621,0.136964549000065,59
10494.39,0.0193937905132771,0.103697325413426,99
10495,0.0214025489985943,0.129665146271388,326
10495.62,NaN,NaN,NaN
10496.12,NaN,NaN,NaN
10496.65,NaN,NaN,NaN
10497.24,NaN,NaN,NaN
10503.9,0.0155448317527771,0.10790920505921,225
10504.44,NaN,NaN,NaN
10505.28,NaN,NaN,NaN
10505.36,NaN,NaN,NaN
10505.5,NaN,NaN,NaN
10506.13,0.00277895852923393,0.02897599277397,356
10506.75,0.0192472394555807,0.0573375985647241,315
10507.32,0.00495030358433723,0.0424671219661832,357
10507.83,0.00110136438161135,0.0273770273973544,37
10508.31,0.00283075496554375,0.0365305344263713,288
10508.78,NaN,NaN,NaN
10509.27,0.00322134979069233,0.0401798210417231,254
10509.75,0.00474341958761215,0.0393865540002783,245
10510.24,0.00947546400129795,0.0627838034803669,2
10510.72,NaN,NaN,NaN
10511.21,0.000660663470625877,0.0434173463533322,332
10511.7,0.00662398338317871,0.0625153826549649,137
10512.2,0.00510943308472633,0.0620194425185521,15
10512.69,0.00534610636532307,0.0491790203377604,104
10513.2,0.0030970498919487,0.0644120614354809,1
10513.7,0.0041002444922924,0.0562664226939281,360
10514.2,0.0101666264235973,0.0745312763998906,346
10514.69,0.00461527518928051,0.0629945605372389,225
10515.19,0.00639357231557369,0.0645936491588752,193
10515.69,0.00653257593512535,0.0565555617213249,368
10516.19,0.00349852070212364,0.0559736692036192,38
10516.68,0.0046730674803257,0.0467030806466937,220
10517.16,0.00464516505599022,0.0458177411928773,275
10517.64,0.00811971165239811,0.0551965618506074,110
10518.14,0.00785043649375439,0.060135578426222,56
10518.65,0.00454205088317394,0.0606079831098517,321
10519.16,0.0030529648065567,0.0449032432710131,5
10519.64,0.00634499080479145,0.0480272369459271,15
10520.13,0.0092322826385498,0.0453212236364683,116
10520.61,0.00488830916583538,0.0523875194291274,75
10521.11,0.0134010165929794,0.0745461645225684,301
10521.6,0.0048083271831274,0.0481803913911184,302
10522.12,0.0160156525671482,0.0617574738959471,225
10522.62,0.0168303139507771,0.0611303128922979,288
10523.12,0.0032318476587534,0.0489145570124189,94
10523.61,0.00357357040047646,0.0494512636214495,310
10524.1,0.00416439212858677,0.0448724338784814,337
10524.63,0.00269215181469917,0.041101748123765,333
10525.16,0.00833146832883358,0.0557827701171239,357
10525.63,0.00783457234501839,0.055662934978803,167
10526.11,NaN,NaN,NaN
10526.62,0.00391974113881588,0.0412475892032186,314
10527.15,0.00553347170352936,0.0422173136224349,288
10527.64,0.00532013922929764,0.0439366139471531,322
10528.14,0.0026859138160944,0.0344001700480779,128
10528.63,0.00425768829882145,0.0380469253286719,73
10529.13,0.00153945665806532,0.0220957946342727,172
10529.58,0.00637393444776535,0.0420401658241948,234
10529.99,0.0029579121619463,0.0280116520201166,223
10530.41,0.00598076637834311,0.0345817037547628,171
10530.85,0.0190027244389057,0.116981141890089,0
10531.28,0.0249696373939514,0.079761566594243,166
10569.42,NaN,NaN,NaN
10569.91,0.00427906960248947,0.0490898188824455,320
10570.43,0.00203174725174904,0.038965935818851,6
10570.93,0.012393731623888,0.0604605823755264,363
10571.43,0.00715216808021069,0.0384510410949588,160
10571.93,0.00260614790022373,0.0289140921086073,-9
10572.42,0.00699792616069317,0.0524686935047309,173
10572.84,0.0182284079492092,0.0782490937660138,341
10573.29,NaN,NaN,NaN
10573.85,0.020207941532135,0.0666282161449393,281
10574.39,0.00352170504629612,0.0365267917513847,338
10574.9,NaN,NaN,NaN
10575.43,NaN,NaN,NaN
10575.96,0.0129307024180889,0.0831047768394152,114
10576.46,NaN,NaN,NaN
10576.93,0.0159108098596334,0.0697291580339273,340
10577.45,0.00758073106408119,0.0691779920210441,337
10577.96,0.00537477433681488,0.0500032473355532,334
10578.46,0.0278654024004936,0.109783115486304,19
10578.93,0.0024230070412159,0.0418271313731869,10
10579.41,NaN,NaN,NaN
10579.9,0.00325348228216171,0.0780773162841797,350
10580.47,0.00230803899466991,0.0587371522560716,93
10581,0.00116020813584328,0.0436231391504407,39
10581.42,0.00226581655442715,0.0404179769878586,80
10581.8,0.00195726379752159,0.0532222036272287,60
10582.32,0.0177605021744967,0.0570874018594623,354
10582.9,0.0083396639674902,0.0583959178378185,227
10583.45,0.050903394818306,0.119640016928315,41
10583.94,0.0166552513837814,0.144745506346226,228
10584.39,NaN,NaN,NaN
10584.86,NaN,NaN,NaN
10585.38,NaN,NaN,NaN
10585.89,NaN,NaN,NaN
10586.39,0.0100872255861759,0.0556177881856759,203
10586.87,0.0071731936186552,0.0461404842014114,310
10587.38,NaN,NaN,NaN
10587.88,0.029363602399826,0.0788891740764181,70
10588.37,NaN,NaN,NaN
10588.85,0.142700262367725,0.151555733134349,16
10589.36,0.0151734538376331,0.0919103746612867,363
10589.85,0.00910701975226402,0.071131207048893,306
10590.34,0.000211809761822224,0.0120455305247257,61
10642.24,NaN,NaN,NaN
10642.74,NaN,NaN,NaN
10643.23,NaN,NaN,NaN
10643.71,NaN,NaN,NaN
10644.17,NaN,NaN,NaN
10644.63,NaN,NaN,NaN
10645.13,NaN,NaN,NaN
10645.62,NaN,NaN,NaN
10646.09,0.0255728773772717,0.110401346658667,191
10646.54,NaN,NaN,NaN
10647.04,NaN,NaN,NaN
10647.54,NaN,NaN,NaN
10648.07,NaN,NaN,NaN
10648.58,NaN,NaN,NaN
10649.1,NaN,NaN,NaN
10649.62,NaN,NaN,NaN
10650.17,NaN,NaN,NaN
10650.7,NaN,NaN,NaN
10651.2,NaN,NaN,NaN
10651.66,NaN,NaN,NaN
10652.13,0.000807899981737137,0.0234937073352436,48
10652.6,NaN,NaN,NaN
10653.11,0.000627705827355385,0.0174127475668987,82
10653.61,NaN,NaN,NaN
10654.14,0.0020065400749445,0.0286312039631108,81
10654.64,0.00117741338908672,0.0278907061244051,321
10655.14,0.000608073547482491,0.0154177034273744,266
10655.61,0.000329398550093174,0.01374907962357,352
10656.02,0.00301782693713903,0.0304181654937565,263
10656.46,0.00770818069577217,0.0447182410086195,167
10657.03,0.00234501529484987,0.0305502672369281,19
10657.61,0.00166477914899588,0.0310363536700606,322
10658.12,0.0014280853793025,0.020785171383371,222
10658.62,0.00385139510035515,0.035871049699684,-8
10659.11,0.00281349197030067,0.0285885989045103,303
10659.6,0.00313802622258663,0.0260143190001448,328
10660.09,0.00547759793698788,0.0582653554156423,76
10660.58,0.00316756870597601,0.0286232093349099,77
10661.07,0.0101950000971556,0.0624019351477424,176
10661.54,0.00562497228384018,0.0469521485889951,36
10662.05,0.00467897392809391,0.0372734830404321,309
10662.55,0.00162702146917582,0.0303532912706335,72
10663.06,0.00374165736138821,0.0406556741024057,81
10663.57,0.000501432456076145,0.0143739978472392,73
10664.08,0.002982497215271,0.0446815959488352,371
10664.58,0.00440354645252228,0.0416495672737559,215
10665.06,0.0134462099522352,0.0718616011242072,308
10665.53,0.00666916184127331,0.0561696675916513,330
10666.03,0.00518976524472237,0.0597079529737433,3
10666.53,0.00958672538399696,0.0526940189301968,21
10667.03,0.0112045630812645,0.0924491100013256,74
10667.53,0.00674517825245857,0.0572860492393374,76
10668.05,0.00330640189349651,0.0406713957587878,-6
10668.56,0.00490937754511833,0.0465510552749038,56
10669.07,0.00795588456094265,0.0602691471576691,348
10669.56,0.000944552943110466,0.0324423188964526,25
10670.04,0.00808712095022202,0.0490576963250836,347
10670.5,0.0050517376512289,0.0434535366172592,321
10670.97,0.00215328391641378,0.0311089601988594,74
10671.47,0.00210741069167852,0.0210889194471141,258
10671.97,0.00289904605597258,0.0284975515678525,286
10672.48,0.00270461104810238,0.0397942500809828,337
10672.97,0.000590246170759201,0.0211471933871508,23
10673.47,NaN,NaN,NaN
10673.97,0.00289923511445522,0.0535861138875286,61
10674.5,NaN,NaN,NaN
10675.04,0.0010040458291769,0.0359123007704814,-14
10675.57,NaN,NaN,NaN
10676.07,0.00283281877636909,0.02208198995019,41
10676.54,NaN,NaN,NaN
10677.04,0.00271506607532501,0.0412958109130462,26
10677.54,0.00244545005261898,0.0379761895164847,337
10678.05,0.000828471034765244,0.0225374922156334,51
10678.53,NaN,NaN,NaN
10678.95,NaN,NaN,NaN
10679.39,NaN,NaN,NaN
10679.89,NaN,NaN,NaN
10680.49,NaN,NaN,NaN
10681.05,NaN,NaN,NaN
10681.5,NaN,NaN,NaN
10681.98,NaN,NaN,NaN
10684.93,NaN,NaN,NaN
10685.46,NaN,NaN,NaN
10686.03,NaN,NaN,NaN
10686.59,NaN,NaN,NaN
10687.14,NaN,NaN,NaN
10687.65,NaN,NaN,NaN
10688.09,NaN,NaN,NaN
10688.53,NaN,NaN,NaN
10688.95,NaN,NaN,NaN
10689.39,NaN,NaN,NaN
10689.88,NaN,NaN,NaN
10690.34,NaN,NaN,NaN
10690.79,NaN,NaN,NaN
10691.38,NaN,NaN,NaN
10691.84,NaN,NaN,NaN
10692.28,NaN,NaN,NaN
10692.76,NaN,NaN,NaN
10693.21,NaN,NaN,NaN
10693.77,NaN,NaN,NaN
10694.34,NaN,NaN,NaN
10694.85,0.00306516885757446,0.0380956151833137,325
10695.36,0.00157018564641476,0.0358478156849742,66
10695.75,0.00182078871876001,0.0193980550393462,125
10696.2,NaN,NaN,NaN
10696.78,NaN,NaN,NaN
10697.26,0.00219450145959854,0.0257690620298187,44
10697.72,NaN,NaN,NaN
10698.23,NaN,NaN,NaN
10698.85,NaN,NaN,NaN
10699.37,0.00850591994822025,0.0553931159277757,87
10699.77,0.0017318120226264,0.0270424092498918,240
10700.29,0.000960573554039001,0.0405313769976298,41
10700.8,0.00193789787590504,0.0363178815071781,3
10701.31,0.00097309984266758,0.0342286707212528,40
10701.8,0.00304043758660555,0.0314230265406271,320
10702.28,0.00400137342512608,0.0410518357530236,136
10702.75,0.00296015851199627,0.0394510536765059,69
10703.25,0.00146697741001844,0.0324847257385651,262
10703.74,0.00344612821936607,0.0350068012873332,341
10704.26,0.00373568385839462,0.0352015125875672,363
10704.78,0.00205105170607567,0.0366355562582612,33
10705.3,0.00412310101091862,0.0382998396332065,330
10705.8,0.00648982636630535,0.0550953062872092,314
10706.3,0.00451996363699436,0.0575599667305748,357
10706.72,0.00361918471753597,0.0336099526224037,245
10707.13,0.00181090738624334,0.0299590947106481,87
10707.59,NaN,NaN,NaN
10708.11,0.00157145317643881,0.0235949439617495,129
10708.69,0.00768260657787323,0.039796852817138,342
10709.27,0.00274744722992182,0.0308903260156512,308
10709.78,0.00550787337124348,0.0387203687181075,360
10710.29,0.0025353180244565,0.0326964617706835,72
10710.79,0.00168007798492908,0.0363469092796246,43
10711.28,0.0049776416271925,0.0349108586087823,36
10711.77,0.00591358076781034,0.035943028361847,56
10712.25,0.00159312598407269,0.0281102506754299,54
10712.71,0.0026762168854475,0.0404496295377612,357
10713.2,0.0040009580552578,0.0332008224601547,353
10713.69,0.00397077947854996,0.0464987894520164,365
10714.2,0.00304232910275459,0.0403411832327644,154
10714.69,0.0121762827038765,0.0459438214699427,127
10715.21,0.00650710891932249,0.03796999854967,1
10715.71,0.0039165336638689,0.0481088484326998,323
10716.21,0.0146343670785427,0.0509961470961571,367
10716.7,0.00262891873717308,0.0350487483665347,46
10717.2,0.00197714567184448,0.0316907539963722,330
10717.69,0.00390641018748283,0.0387159256885449,194
10718.21,0.00254717469215393,0.0290008643642068,67
10718.72,0.00210234709084034,0.0324360371256868,6
10719.24,0.0072214026004076,0.0453131378938754,340
10719.75,0.00479910150170326,0.0385032494862874,305
10720.26,0.00179374404251575,0.0342192466681202,69
10720.75,0.000934767536818981,0.0171973680456479,309
10721.24,0.000955010764300823,0.0219402581763764,81
10721.72,0.00422200933098793,0.0370255159214139,360
10722.22,0.000533279962837696,0.0284570235138138,75
10722.71,0.00225711613893509,0.0342024080455303,40
10723.22,0.00511753931641579,0.0342399668879807,-2
10723.73,0.00301925931125879,0.0288414416524271,118
10724.24,0.00247308611869812,0.0317556533652047,368
10724.73,0.00132133532315493,0.0250677148190637,36
10725.24,NaN,NaN,NaN
10725.74,0.00545466411858797,0.0335284834727645,125
10726.25,0.0032466184347868,0.0367276187365254,68
10726.75,0.0120144486427307,0.0662646464382609,325
10727.27,0.00299018528312445,0.0307921414884428,313
10727.78,0.00257531180977821,0.0360452824582656,338
10728.29,0.00386776681989431,0.0302891484461725,362
10728.78,0.00304798223078251,0.0259477195019523,-6
10729.29,0.00286563485860825,0.0291486824862659,66
10729.79,0.00148762296885252,0.0255513039107124,40
10730.28,0.00263868924230337,0.0314015758534273,35
10730.75,0.000565336085855961,0.0247910185717046,356
10731.25,0.00139010511338711,0.0216664425097406,96
10731.74,0.00293572247028351,0.0413173673053583,32
10732.24,0.00441293232142925,0.0330304570185641,363
10732.74,0.00098598375916481,0.0224076866482695,338
10733.25,0.0032377177849412,0.0284789800643921,139
10733.76,0.00764210149645805,0.0524635538458824,2
10734.28,NaN,NaN,NaN
10734.78,0.00244392361491919,0.0202618879266083,-1
10735.28,0.0176564268767834,0.048796657162408,325
10735.76,0.000783917494118214,0.0305361351929605,43
10736.26,0.000775536522269249,0.0237484488946696,332
10736.79,0.00320896971970797,0.0251697859105964,4
10737.33,NaN,NaN,NaN
10737.82,0.00449991226196289,0.0369031649703781,144
10738.31,0.00252829119563103,0.025072789285332,163
10738.8,0.00391998235136271,0.0282342505330841,42
10739.3,0.00261991191655397,0.0315490555949509,297
10739.79,0.00471879169344902,0.0352131174877286,326
10740.27,0.00292521342635155,0.040466799090306,310
10740.7,0.00182112213224173,0.0255366950295866,71
10741.17,0.00212136469781399,0.022417099835972,234
10741.66,NaN,NaN,NaN
10742.16,NaN,NaN,NaN
10742.66,NaN,NaN,NaN
10743.21,NaN,NaN,NaN
10743.76,NaN,NaN,NaN
10744.28,NaN,NaN,NaN
10744.78,NaN,NaN,NaN
10745.29,NaN,NaN,NaN
10745.78,NaN,NaN,NaN
10746.31,NaN,NaN,NaN
10746.83,NaN,NaN,NaN
10747.34,NaN,NaN,NaN
10747.83,NaN,NaN,NaN
10748.32,NaN,NaN,NaN
10748.82,NaN,NaN,NaN
10749.32,NaN,NaN,NaN
10749.81,0.00260098185390234,0.0235990211367607,323
10750.3,NaN,NaN,NaN
10750.78,0.00359505787491798,0.0311702815815806,32
10751.27,0.00248084217309952,0.0293966550379992,320
10751.77,0.0014798492193222,0.02632881126677,320
10752.28,0.000664562918245792,0.0221047226029138,25
10752.75,0.00239338632673025,0.0287854848429561,33
10753.22,0.00306813977658749,0.0203860920543472,74
10753.67,0.00187977775931358,0.0415209143732985,32
10754.13,0.00323608424514532,0.0325173440699776,10
10754.59,0.00170563906431198,0.0322519297090669,61
10755.04,0.00345215201377869,0.0224380862588684,247
10755.5,0.00328326318413019,0.0290697982224325,128
10755.97,0.00217086169868708,0.0241230977699161,51
10756.5,0.000885976012796164,0.0163255045190454,216
10772,0.0025062058120966,0.0338609227910638,26
10772.47,0.00195876229554415,0.0224677647153536,35
10772.92,0.00310359802097082,0.0296111757246157,14
10773.43,0.00155143532902002,0.0191281355607013,70
10774.08,0.003431411460042,0.0289703410429259,313
10774.5,0.0025381138548255,0.0206659057488044,255
10775.12,0.00256092101335526,0.0306948418729007,14
10775.5,0.00405299384146929,0.0288137298387786,77
10776.08,0.000374051742255688,0.0203556171618402,351
10776.5,0.000498008914291859,0.0170083614066243,66
10777.02,0.00162761937826872,0.0206491127610207,83
10777.47,NaN,NaN,NaN
10777.94,0.00340994074940681,0.0377696013698975,-4
10778.42,NaN,NaN,NaN
10778.91,0.00113028194755316,0.029030771770825,95
10779.41,NaN,NaN,NaN
10779.91,0.00494244880974293,0.0456999617939194,320
10780.39,0.0020561795681715,0.0308407065458596,337
10780.86,0.00391054339706898,0.0385934092725317,362
10781.39,0.00219409167766571,0.0274672394928833,271
10781.9,0.00179530400782824,0.0281848985080918,80
10782.41,0.00247989408671856,0.0373559910804033,55
10782.89,0.00500374659895897,0.0398116015518705,316
10783.37,NaN,NaN,NaN
10783.85,0.00196008943021297,0.033762928408881,284
10784.34,0.0015668161213398,0.0341796188925703,364
10784.85,0.00263497605919838,0.0285977738288542,42
10785.38,0.00323279201984406,0.0384328387056788,10
10785.88,0.00215285737067461,0.0269551407545805,54
10786.39,0.00507703144103289,0.0313727287575603,26
10786.88,0.00569358095526695,0.0583249566455682,-5
10787.37,0.00342665426433086,0.0429816435401638,116
10787.86,0.000976167619228363,0.0297679795573155,-11
10788.37,0.00284584239125252,0.0373170947035154,319
10788.87,0.00359374284744263,0.0393828560287754,8
10789.39,0.00690933875739574,0.0504487001647552,250
10789.89,0.00596418231725693,0.0480337161570787,318
10790.39,0.00549650937318802,0.0360277388244867,331
10790.86,0.00206642504781485,0.0291760947244863,280
10791.35,0.00282067526131868,0.0317182228900492,128
10791.85,0.00207068677991629,0.0260417484678328,41
10792.38,NaN,NaN,NaN
10792.9,0.00177806802093983,0.0367282166456183,337
10793.45,NaN,NaN,NaN
10793.95,0.00356789119541645,0.0360283209010959,366
10794.44,NaN,NaN,NaN
10794.93,0.000970958732068539,0.0243449878568451,81
10795.42,NaN,NaN,NaN
10795.91,0.00395362265408039,0.0363808255642653,351
10796.41,0.00354589894413948,0.0423438337941964,1
10796.9,0.0027388259768486,0.0269291182048619,346
10797.39,NaN,NaN,NaN
10797.89,0.00318802520632744,0.0431239393850168,319
10798.39,NaN,NaN,NaN
10798.9,0.00687016546726227,0.0441658891116579,3
10799.42,NaN,NaN,NaN
10799.92,0.00310025829821825,0.0282344830532869,90
10800.43,NaN,NaN,NaN
10800.92,0.00259493943303823,0.0328604670551916,1
10801.42,NaN,NaN,NaN
10801.91,0.00283233821392059,0.0355694998676578,26
10802.42,0.00122384913265705,0.0293989895532529,-11
10802.93,0.00399015471339226,0.0335482208368679,32
10803.45,0.00728320516645908,0.0391278645644585,122
10803.94,0.00421846751123667,0.0325955209943155,92
10804.45,0.00179418548941612,0.0308078539868196,317
10804.93,0.00221178401261568,0.0311199319548905,281
10805.42,0.00212299916893244,0.0336546163695554,45
10805.91,0.00478608347475529,0.0388175109401345,251
10806.4,0.00601767562329769,0.0441642872368296,77
10806.89,0.00183367542922497,0.0471255347753564,367
10807.38,0.00414071418344975,0.0381435904030999,35
10807.88,0.00375544652342796,0.0531153989334901,8
10808.39,0.00266440212726593,0.0445842597012719,342
10808.9,0.00113883055746555,0.0185130412379901,22
10809.41,0.00153651833534241,0.0321099494273464,14
10809.91,0.00213637016713619,0.0321685977590581,93
10810.42,0.00164399482309818,0.0368040936688582,90
10810.92,0.00465299561619759,0.0327416172561546,4
10811.44,0.00328577496111393,0.0395307159051299,29
10811.94,0.00721114873886108,0.059354979544878,334
10812.44,0.00166852958500385,0.0304197704729935,70
10812.92,0.00306077487766743,0.0350030496095618,10
10813.41,0.00150615442544222,0.0302718011662364,84
10813.91,0.00752405077219009,0.0402916424597303,4
10814.42,0.00568753387778997,0.0359124867245555,80
10814.93,0.00319109484553337,0.0354975126683712,42
10815.42,0.0022023618221283,0.0380124114453793,359
10815.89,0.00222794245928526,0.0254579616400103,362
10816.38,0.01128807105124,0.0448948238044977,285
10816.87,0.00300470180809498,0.0279052592813969,340
10817.37,0.00179142784327269,0.0294582488325735,34
10817.88,0.00404515862464905,0.0349857717131575,220
10818.39,0.00554773397743702,0.0290035915871461,243
10818.88,0.00330555252730846,0.0359691983709733,15
10819.41,0.00274685304611921,0.0326906037516892,327
10819.93,0.00371102709323168,0.0332500340106587,288
10820.43,0.00130791310220957,0.0273273329560955,357
10820.92,0.00435792282223701,0.0416367454454303,15
10821.43,0.00202196929603815,0.0263039208948612,18
10821.93,0.00244366750121117,0.0348387127742171,257
10822.44,0.00548934005200863,0.0344086039500932,26
10822.94,0.00221123360097408,0.0389728577186664,337
10823.45,0.00159608758985996,0.0295117267717918,102
10823.93,0.00305481720715761,0.0304008473952611,184
10824.43,0.00317923910915852,0.0338935817902287,325
10824.92,0.0183954890817404,0.0405710854878028,11
10825.42,0.00491693615913391,0.0325758396647871,32
10825.92,0.00539662130177021,0.0305192270316184,297
10826.43,0.00468076579272747,0.0318793222929041,302
10826.92,0.00270499847829342,0.0299175445300837,25
10827.43,0.00397476181387901,0.0436197426170111,72
10827.91,0.00245846249163151,0.0303072547540069,18
10828.4,0.00228797364979982,0.0326433790226777,363
10828.88,0.00216123647987843,0.0337456995621324,349
10829.38,0.0101533494889736,0.0410010203098257,374
10829.88,0.00404204986989498,0.0367639884352684,-6
10830.39,0.00348433572798967,0.0326259694993496,349
10830.9,0.00119614508002996,0.0274848599607746,8
10831.42,0.00141613371670246,0.0291423349020382,318
10831.9,0.00180160533636808,0.0293879954454799,325
10832.39,0.00167913362383842,0.0344366837913791,375
10832.87,0.00319715030491352,0.0282028511477013,221
10833.37,0.00629422999918461,0.0367389908060431,295
10833.87,0.00291816238313913,0.0309524380912383,260
10834.39,0.00192887522280216,0.0377540482829014,349
10834.89,0.00131393875926733,0.029530913879474,297
10835.4,0.0019256453961134,0.021163034097602,-9
10835.89,0.0029416773468256,0.0351061032464107,355
10836.39,0.00251063704490662,0.0235054333073397,4
10836.89,0.00370058137923479,0.0336285612235467,23
10837.42,0.00102389045059681,0.0383256546532114,40
10837.94,0.00111914053559303,0.0267946789972484,33
10838.44,0.00441907159984112,0.0348173892125487,253
10838.93,0.00180209521204233,0.0254493289006253,267
10839.43,0.00324505846947432,0.0306406153055529,372
10839.92,0.00375040620565414,0.0357641416291396,202
10840.43,0.00202760752290487,0.0281993147606651,329
10840.91,0.00146878510713577,0.0291555913475653,31
10841.39,0.00203652400523424,0.0304691426766415,304
10841.87,0.00225429516285658,0.0264919533704718,282
10842.33,0.00168966595083475,0.0256071714684367,346
10842.82,0.00251723267138004,0.0382878417149186,87
10843.35,NaN,NaN,NaN
10843.9,NaN,NaN,NaN
10844.5,NaN,NaN,NaN
10844.97,0.00264494493603706,0.028816739252458,300
10845.47,NaN,NaN,NaN
10845.94,0.00144749134778976,0.0339624000092347,69
10846.42,NaN,NaN,NaN
10846.93,0.00512420758605003,0.0375526854768395,64
10847.45,NaN,NaN,NaN
10847.94,0.0045347036793828,0.0345484774249295,15
10848.45,NaN,NaN,NaN
10848.94,0.000599151477217674,0.0323583673064907,324
10849.44,NaN,NaN,NaN
10849.93,0.00169096607714891,0.0307460135469834,317
10850.43,NaN,NaN,NaN
10850.92,0.00297518726438284,0.0309294632946451,168
10851.42,NaN,NaN,NaN
10851.91,0.00129908695816994,0.0273397193911175,341
10852.42,NaN,NaN,NaN
10852.9,0.00115349516272545,0.0215739210446676,43
10853.4,NaN,NaN,NaN
10853.89,0.00278487056493759,0.0308005937064687,325
10854.39,NaN,NaN,NaN
10854.89,0.00240688305348158,0.0249164973696073,237
10855.39,NaN,NaN,NaN
10855.88,0.00252318475395441,0.0326010673306882,133
10856.39,NaN,NaN,NaN
10856.89,NaN,NaN,NaN
10857.4,NaN,NaN,NaN
10857.9,NaN,NaN,NaN
10858.42,NaN,NaN,NaN
10858.91,0.00539596937596798,0.0398257961496711,50
10859.4,NaN,NaN,NaN
10859.89,NaN,NaN,NaN
10860.39,NaN,NaN,NaN
10860.88,0.00928293913602829,0.0585501830404003,-12
10861.39,NaN,NaN,NaN
10861.88,0.00365790072828531,0.0337254654926558,2
10862.37,NaN,NaN,NaN
10862.85,0.00408913940191269,0.0318022579886019,10
10863.33,0.00301117263734341,0.0353641634186109,126
10863.82,NaN,NaN,NaN
10864.33,NaN,NaN,NaN
10864.84,NaN,NaN,NaN
10865.36,NaN,NaN,NaN
10865.86,NaN,NaN,NaN
10866.36,NaN,NaN,NaN
10866.85,NaN,NaN,NaN
10867.37,NaN,NaN,NaN
10867.88,NaN,NaN,NaN
10868.38,NaN,NaN,NaN
10868.87,0.0046852370724082,0.0329795020322005,50
10869.36,NaN,NaN,NaN
10869.84,0.00135672278702259,0.031426592109104,38
10870.33,NaN,NaN,NaN
10870.81,NaN,NaN,NaN
10871.29,NaN,NaN,NaN
10871.77,NaN,NaN,NaN
10872.28,NaN,NaN,NaN
10872.8,NaN,NaN,NaN
10873.31,NaN,NaN,NaN
10873.81,NaN,NaN,NaN
10874.31,NaN,NaN,NaN
10874.81,NaN,NaN,NaN
10875.32,NaN,NaN,NaN
10875.82,NaN,NaN,NaN
10876.34,NaN,NaN,NaN
10876.83,NaN,NaN,NaN
10877.33,NaN,NaN,NaN
10877.81,NaN,NaN,NaN
10878.31,NaN,NaN,NaN
10878.81,NaN,NaN,NaN
10879.32,NaN,NaN,NaN
10879.82,NaN,NaN,NaN
10880.33,NaN,NaN,NaN
10880.83,0.00363626144826412,0.0294467189038793,141
10881.33,0.00380539800971746,0.0256928591988981,20
10881.83,0.00602005235850811,0.0319983153603971,254
10882.35,0.00600007176399231,0.0339972086561223,70
10882.84,0.00396882649511099,0.0322140137044092,63
10883.33,0.00237024668604136,0.0290034982996682,321
10883.82,0.00186560675501823,0.0241415053606033,222
10884.31,0.000957813113927841,0.0259076791505019,314
10884.81,0.00120015908032656,0.0272986902855337,31
10885.32,0.00169653538614511,0.0280727587329845,90
10885.82,0.00297581776976585,0.0307568771143754,40
10886.32,0.00713772978633642,0.0280389554488162,311
10886.81,0.00466230511665344,0.0273399958387017,323
10887.27,0.00354500394314528,0.0253441737343868,234
10887.71,0.000704934820532799,0.0202664071694016,14
10888.21,0.00252921506762505,0.0233260483170549,-1
10888.69,0.00129453279078007,0.0186467270056407,328
10889.19,0.00106808450073004,0.0206980891525745,138
10889.72,0.00337658170610666,0.02556764613837,319
10890.25,0.000397463329136372,0.017658488980184,65
10890.74,0.00175073649734259,0.0184613211701314,298
10891.24,0.000768258236348629,0.0214220390965541,37
10891.74,0.00171579420566559,0.026677617803216,41
10892.25,0.00688752252608538,0.0333733914109568,117
10892.74,0.00929689407348633,0.0433041034266353,44
10893.23,0.00260628946125507,0.0244665689145525,40
10893.68,NaN,NaN,NaN
10894.16,NaN,NaN,NaN
10894.63,NaN,NaN,NaN
10895.06,NaN,NaN,NaN
10895.49,NaN,NaN,NaN
10895.94,NaN,NaN,NaN
10896.39,NaN,NaN,NaN
10896.85,NaN,NaN,NaN
10900.62,NaN,NaN,NaN
10901.06,NaN,NaN,NaN
10901.48,NaN,NaN,NaN
10901.87,NaN,NaN,NaN
10902.34,NaN,NaN,NaN
10903.11,NaN,NaN,NaN
10903.5,NaN,NaN,NaN
10903.59,NaN,NaN,NaN
10903.88,NaN,NaN,NaN
10904.31,NaN,NaN,NaN
10904.85,NaN,NaN,NaN
10905.45,NaN,NaN,NaN
10905.98,NaN,NaN,NaN
10906.5,NaN,NaN,NaN
10907.02,0.00196397677063942,0.0230381255969405,74
10907.5,0.00160447228699923,0.0227560102939606,310
10908.01,0.00139518082141876,0.0216803103685379,239
10908.5,0.000627509318292141,0.0124144682195038,31
10908.98,0.000382699072360992,0.018688623017321,1
10909.49,0.00320817157626152,0.0259945107003053,15
10909.98,0.00093056820333004,0.021396090897421,363
10910.48,0.00021883100271225,0.0107726778369397,112
10910.97,0.00119536370038986,0.0229975633944074,44
10911.46,0.00131391547620296,0.0216180491261184,348
10911.95,0.00157400127500296,0.0190059179440141,99
10912.45,0.000672796741127968,0.0176390702836215,68
10912.95,0.00153552461415529,0.0220402997607986,100
10913.45,0.00280505605041981,0.0232751260822018,50
10913.96,0.00325732864439487,0.0347635115807255,71
10914.48,0.00431156530976295,0.026743674185127,362
10914.99,0.00256832409650087,0.0205243855404357,40
10915.5,0.000205082353204489,0.0103700990633418,333
10915.96,0.000614889897406101,0.0186017740828296,357
10916.43,NaN,NaN,NaN
10916.92,0.000330185983330011,0.0152811572576563,7
10917.47,0.0015751151368022,0.0211548016717037,328
10918.01,0.000724924728274345,0.0233957536208133,58
10918.51,0.000419129151850939,0.0155109156233569,27
10919,0.00271690264344215,0.0226200187268356,26
10919.5,0.00101215206086636,0.0210789954289794,28
10920,0.00135079957544804,0.0231755509351691,363
10920.51,0.00156441889703274,0.0276037851969401,43
10921.01,0.00141671486198902,0.0192523128353059,93
10921.41,0.00178970582783222,0.025789830678453,60
10921.81,0.00478705391287804,0.0384576957051953,34
10922.31,0.00182010140269995,0.0216509322635829,281
10922.86,0.000595506280660629,0.022594562266022,91
10923.43,0.00230857636779547,0.0225567465337614,-10
10923.94,0.000816666055470705,0.0154495939301948,43
10924.46,0.00155253615230322,0.0221484356249372,79
10925.04,0.000458201393485069,0.0148330950178206,354
10925.61,0.00214720517396927,0.0261301680778464,19
10926.13,0.00111900176852942,0.0202537168127795,370
10926.57,0.000913514290004969,0.0160223317022125,36
10926.93,0.00108322501182556,0.0248713083565235,347
10927.26,NaN,NaN,NaN
10927.81,NaN,NaN,NaN
10928.53,NaN,NaN,NaN
10928.98,NaN,NaN,NaN
10929.37,NaN,NaN,NaN
10954.5,0.0037966463714838,0.0348399579524994,88
10962.62,0.0058372225612402,0.0581908250848452,21
10963.03,0.00327363982796669,0.0582349641869465,29
10963.5,0.00509684346616268,0.0502778338268399,289
10964.07,NaN,NaN,NaN
10964.74,NaN,NaN,NaN
10965.45,NaN,NaN,NaN
10965.96,NaN,NaN,NaN
10967.5,NaN,NaN,NaN
10967.52,NaN,NaN,NaN
10968.32,NaN,NaN,NaN
10969.08,0.0261006429791451,0.166418417046467,3
10969.5,NaN,NaN,NaN
10970.5,NaN,NaN,NaN
11032.52,NaN,NaN,NaN
11033.5,0.00133355986326933,0.0273973058598737,89
11033.98,0.00238378345966339,0.0359969915201267,354
11034.52,0.00180506519973278,0.0188050746607284,329
11035.1,0.000721040647476912,0.011158694823583,78
11035.64,0.00172575889155269,0.0142256540711969,361
11036.15,0.00232432410120964,0.0306994398124516,86
11036.62,0.00156912114471197,0.0255137102988859,91
11037.09,0.00395316071808338,0.0324470866471529,352
11037.6,0.00117435306310654,0.0268696191099783,52
11038.12,0.00101581588387489,0.0324988008166353,372
11038.52,0.00109133962541819,0.0210640616714954,358
11038.95,0.000661479309201241,0.0123014588219424,365
11039.5,NaN,NaN,NaN
11039.83,NaN,NaN,NaN
11040.5,NaN,NaN,NaN
11041.5,NaN,NaN,NaN
11041.5,0.00773129053413868,0.0669569637005528,350
11041.96,0.00359097961336374,0.0293547438147167,36
11042.5,NaN,NaN,NaN
11043.06,0.0256182290613651,0.0924056364844243,173
11043.7,NaN,NaN,NaN
11044.28,NaN,NaN,NaN
11044.81,0.576948747038841,-0.0863218990465005,247
11045.3,NaN,NaN,NaN
11045.83,NaN,NaN,NaN
11046.39,NaN,NaN,NaN
11046.87,0.0176218003034592,0.0881989678988854,236
11047.41,NaN,NaN,NaN
11047.94,0.0534124672412872,0.14814550926288,39
11048.42,0.0220333375036716,0.116312254220247,359
11048.9,0.0129557810723782,0.0869362776478132,94
11049.36,0.00912079215049744,0.0829061263551315,130
11049.81,NaN,NaN,NaN
11050.31,0.00594968721270561,0.0473855175077915,79
11050.8,NaN,NaN,NaN
11051.3,0.015352800488472,0.0922019779682159,118
11051.79,0.00741182826459408,0.0706665382410089,313
11052.31,0.00370795279741287,0.0693739627798398,318
11052.81,0.0109433718025684,0.0799091029912233,58
11053.31,0.00200856849551201,0.0268992022611201,247
11053.78,0.0131423361599445,0.0657571147506436,240
11054.27,0.00357207283377647,0.063417578736941,45
11054.76,0.00734369829297066,0.0892512059460084,43
11055.25,0.00379372760653496,0.0939229844758908,43
11055.75,0.0424378849565983,0.159847242757678,87
11056.27,0.0247358903288841,0.163600075989962,364
11056.79,0.0307574868202209,0.149114814897378,283
11057.3,0.0107022672891617,0.0891890643785397,324
11057.79,0.00722509622573853,0.0645841093113025,237
11058.26,0.00493316352367401,0.0708214038362106,55
11058.72,0.00514261797070503,0.101771822820107,-1
11059.22,0.0535779558122158,0.124480730543534,313
11059.7,0.0142714977264404,0.0763221215456724,333
11060.21,0.00653997808694839,0.0823456669847171,173
11060.73,0.00822339579463005,0.0807813120385011,337
11061.25,0.00637743249535561,0.070060582831502,328
11061.71,0.00146315805613995,0.0522443195804954,30
11062.18,0.00609274208545685,0.069193048402667,19
11062.67,0.0150699988007545,0.0722565054893494,19
11063.19,0.00295885279774666,0.0542295910418034,365
11063.7,0.00672135874629021,0.0531007191166282,44
11064.19,0.0123384017497301,0.0687334031487505,40
11064.69,0.0047431904822588,0.0600228787710269,90
11065.24,0.00171993859112263,0.0456669290239612,318
11065.79,0.00973615795373917,0.0844454461087783,319
11066.32,0.00239316374063492,0.0418399451300502,42
11066.8,0.00982384011149406,0.075251379981637,58
11067.27,0.011913426220417,0.0696032270789146,191
11067.76,0.00084034726023674,0.0484642206380765,3
11068.28,0.00226251035928726,0.0478588904564579,355
11068.79,0.00769538059830666,0.0607640718420347,361
11069.29,NaN,NaN,NaN
11069.79,NaN,NaN,NaN
11070.28,NaN,NaN,NaN
11070.76,0.00446651503443718,0.0738347222407659,12
11071.26,NaN,NaN,NaN
11071.73,0.111566472798586,0.183816835905115,256
11072.18,0.0460474118590355,0.17965338130792,90
11072.64,NaN,NaN,NaN
11073.13,NaN,NaN,NaN
11073.63,NaN,NaN,NaN
11074.13,NaN,NaN,NaN
11074.59,NaN,NaN,NaN
11075.07,NaN,NaN,NaN
11075.57,NaN,NaN,NaN
11076.1,NaN,NaN,NaN
11076.62,NaN,NaN,NaN
11077.13,NaN,NaN,NaN
11081.33,NaN,NaN,NaN
11081.81,0.00534136034548283,0.0644783300037185,127
11082.29,0.0097164511680603,0.0755710732191801,354
11082.79,NaN,NaN,NaN
11083.31,0.00946398451924324,0.0645864723871152,72
11083.8,0.00720103830099106,0.0598868321006497,196
11084.3,0.00442237593233585,0.0377293281878034,194
11084.78,0.0078012365847826,0.0605619223788381,83
11085.25,0.0375089608132839,0.0982811891784271,114
11085.71,0.00709231197834015,0.0618777216101686,189
11086.18,0.0189944542944431,0.085512101650238,205
11086.62,0.00957854092121124,0.0766355041414499,87
11087.06,0.00357794761657715,0.0522156919663151,44
11091.5,NaN,NaN,NaN
11091.95,0.00421846844255924,0.0475925362358491,55
11092.5,NaN,NaN,NaN
11093.1,NaN,NaN,NaN
11093.62,NaN,NaN,NaN
11094.1,0.00202782638370991,0.0532797425985336,77
11094.53,NaN,NaN,NaN
11095.03,0.00225411728024483,0.0449653090909123,75
11095.52,NaN,NaN,NaN
11096.02,NaN,NaN,NaN
11096.53,0.00413360074162483,0.0544985045368473,336
11097.07,0.00712598115205765,0.0683817925552527,357
11097.58,0.00801049917936325,0.0841210459669431,295
11098.02,0.0358507633209229,0.168987323840459,7
11098.43,0.00546506978571415,0.0618955660611391,267
11098.96,0.0122979544103146,0.0907886791974306,315
11099.5,0.00746764615178108,0.0816820903370778,-7
11100,0.0112654455006123,0.108388660475612,7
11100.39,0.00805766880512238,0.103269884362817,128
11100.84,0.0164757780730724,0.089116503794988,317
11101.47,0.00364970602095127,0.0551034004117052,-4
11102,0.0128643549978733,0.105086612825592,349
11102.43,0.0247294940054417,0.137381879612803,45
11102.83,0.0443825386464596,0.144575270513693,258
11103.32,NaN,NaN,NaN
11103.8,0.020896278321743,0.167714357376099,352
11104.29,0.107879895716906,0.179591429109375,230
11104.78,0.0110198631882668,0.0755302316198746,71
11105.28,0.00760036334395409,0.086305287356178,71
11105.75,0.0215862318873405,0.188681832204262,1
11106.23,0.00624801777303219,0.0553581491112709,344
11106.72,NaN,NaN,NaN
11107.5,NaN,NaN,NaN
11108.84,0.00480526499450207,0.054375655328234,42
11109.57,0.00345848128199577,0.0606017895042896,5
11110.17,0.0202237069606781,0.0858970445891221,368
11110.68,0.0136307291686535,0.125895980745554,250
11111.17,0.00371001288294792,0.0543160646532973,31
11111.63,0.00602180510759354,0.0749112013727427,81
11112.12,0.00377033837139606,0.0469808615744114,343
11112.62,0.00693189725279808,0.0604644824440281,324
11113.14,0.0103291645646095,0.0895626277973254,353
11113.63,0.017192754894495,0.102546985571583,345
11114.11,NaN,NaN,NaN
11114.59,0.00703229382634163,0.0865019652992487,23
11115.1,0.0196905322372913,0.114190271124244,237
11115.6,0.00555917806923389,0.0625088612238566,-5
11116.11,0.0119740776717663,0.0917927244057258,37
11116.56,0.0169467031955719,0.143379848450422,74
11117.03,0.00847237184643745,0.100233317663272,333
11117.55,0.00860745087265968,0.0636916471024354,334
11118.09,NaN,NaN,NaN
11118.65,0.0523043349385262,0.143549297004938,352
11119.15,0.112599611282349,0.199176471059521,316
11119.57,NaN,NaN,NaN
11120.19,0.010100495070219,0.0608562286943197,200
11120.58,0.014366390183568,0.0645373842368523,123
11120.96,NaN,NaN,NaN
11121.6,NaN,NaN,NaN
11122.05,0.0292413979768753,0.127921112502615,18
11122.5,NaN,NaN,NaN
11123,NaN,NaN,NaN
11124.25,NaN,NaN,NaN
11124.74,NaN,NaN,NaN
11125.29,0.0259348675608635,0.122563218697906,360
11125.8,0.0325690843164921,0.0976647132386764,337
11126.28,0.00725258141756058,0.0636492908621828,42
11126.82,0.00446086004376411,0.0716698088993629,36
11127.41,0.00440680980682373,0.0477313259616494,27
11127.94,0.00376852601766586,0.0545348127683004,348
11128.38,0.0139961205422878,0.08448794670403,340
11128.78,0.00890825316309929,0.0755672119557858,32
11129.3,0.010121788829565,0.0681282350172599,27
11129.82,0.0040068868547678,0.0594987419123451,2
11130.31,0.00451144576072693,0.0476336240147551,34
11130.77,0.00350315682590008,0.0459796544164419,175
11131.28,0.0342457965016365,0.141348949323098,329
11131.83,0.0111774280667305,0.0699490687499444,37
11132.38,0.005883714184165,0.0576116088777781,111
11132.88,0.010439570993185,0.0735918202747901,20
11133.38,0.0105188861489296,0.0734852788348993,359
11133.91,0.0111420881003141,0.0562552160893877,13
11134.43,0.0139084439724684,0.0667114310587446,31
11134.85,0.00338598340749741,0.0398933136214813,97
11135.23,0.00325730070471764,0.0466675649707516,54
11135.69,0.0015224888920784,0.0363179370760918,87
11136.31,0.01608045399189,0.0856062279393276,326
11136.88,0.00404362753033638,0.0489866401379307,69
11137.21,NaN,NaN,NaN
11137.59,0.00477431155741215,0.0497182322045167,21
11138.18,0.00862861052155495,0.0606361500297984,0
11138.68,0.00832558795809746,0.0631331137071053,17
11139.12,0.0100821778178215,0.0499105583876371,321
11139.6,0.00475616939365864,0.0633322938034932,87
11140.2,NaN,NaN,NaN
11141.5,NaN,NaN,NaN
11142.01,0.00359760224819183,0.0501507588972648,361
11142.5,0.00257277861237526,0.0498962700366974,-4
11143.01,0.00320839323103428,0.0406564523776372,321
11143.51,0.0080002024769783,0.081237289433678,26
11144.04,0.00211730785667896,0.0437730724612872,54
11144.64,0.00202158838510513,0.0478274617344141,370
11145.09,0.00127452239394188,0.0344562564666073,76
11145.5,0.00527221523225307,0.0442350419859091,49
11145.91,0.0051875151693821,0.0599804054945707,124
11146.4,0.00236224755644798,0.0490924740831057,42
11146.89,0.00304117240011692,0.0466273597752055,334
11147.47,0.00517227500677109,0.0624059240023295,161
11148.05,0.00396249070763588,0.0432009743526578,167
11148.53,0.00629344768822193,0.0651049272467693,350
11148.99,0.017664585262537,0.0669877252851923,339
11149.48,0.0042562261223793,0.0581267541274428,91
11149.97,NaN,NaN,NaN
11150.48,0.00369467213749886,0.0354576970761021,38
11150.95,0.00511392019689083,0.0563490906109413,-5
11151.43,0.00916153192520142,0.0597828570753336,72
11151.94,0.00548462755978107,0.0573714971542358,4
11152.42,0.00639966689050198,0.0594652127474546,10
11152.9,0.034606970846653,0.115591241667668,321
11153.45,0.0124097391963005,0.109512119243542,3
11153.94,0.00814009085297585,0.0472008275489012,361
11154.44,0.00165470689535141,0.0357130486518145,8
11154.99,0.00161263253539801,0.028350634034723,301
11155.47,0.00184995215386152,0.0301813671054939,31
11155.89,0.011592511087656,0.0969582808514436,73
11156.44,0.00349964015185833,0.0478032867734631,70
11156.93,0.00672144815325737,0.055596640954415,120
11157.46,0.00556289590895176,0.0582888411978881,352
11157.92,0.00240222737193108,0.0560735690717896,41
11158.36,0.00436685979366302,0.0596745194246372,345
11158.87,0.0123385693877935,0.0704386318102479,204
11159.37,0.00463346764445305,0.0303424734932681,-11
11159.89,0.00143780745565891,0.0370701346546412,76
11160.43,0.00281438417732716,0.0453861638282736,320
11160.89,0.0241958871483803,0.080110440030694,289
11161.32,0.00708420947194099,0.07805720406274,52
11161.83,0.0299786664545536,0.103273722653588,292
11162.38,0.00262068584561348,0.0335024191687504,287
11162.86,0.00311366096138954,0.0421709738050898,2
11163.29,0.00938345678150654,0.0577090714747707,19
11163.74,0.00186388846486807,0.0309557289195557,36
11164.28,0.00369357876479626,0.049472383223474,82
11164.86,NaN,NaN,NaN
11165.37,0.0293972939252853,0.113109273215135,47
11165.83,0.00487532466650009,0.0507262482618292,333
11166.35,0.00303767994046211,0.0355009442816178,190
11166.87,0.00221280939877033,0.0526337384556731,310
11167.39,0.0433598905801773,0.0878684418275952,356
11167.85,0.00499162822961807,0.0432551127548019,334
11168.3,0.00678569450974464,0.0727133266627789,279
11168.77,0.00346229784190655,0.057231114556392,59
11169.27,0.216545831412077,0.209204104418556,13
11169.77,0.0116580314934254,0.0730258692055941,228
11170.26,0.0107949525117874,0.0780936318139235,306
11170.76,0.0254496820271015,0.115318284059564,90
11171.27,0.00416748225688934,0.0721242701013883,88
11171.77,0.00827787630259991,0.0690283449366689,152
11172.31,0.0207218043506145,0.115342787156502,3
11172.83,0.00569664500653744,0.0502035394310951,71
11173.33,0.00240831077098846,0.0363321822757522,358
11173.8,0.0110740810632706,0.0664774958665172,231
11174.27,0.00424783676862717,0.053217677709957,54
11174.77,0.00311061553657055,0.0386582187687357,354
11175.3,NaN,NaN,NaN
11175.81,0.0362568646669388,0.135541203742226,176
11176.33,0.0137060582637787,0.0878956398616235,35
11176.84,0.0579689405858517,0.130149412900209,315
11177.32,0.00559093058109283,0.0703989596416553,330
11177.78,0.00495170056819916,0.0669193298866351,325
11178.28,0.00515282340347767,0.053598754418393,306
11178.77,0.00519901141524315,0.0574780764679114,313
11179.26,0.00500430911779404,0.0625739535316825,81
11179.77,0.0127450972795486,0.0867247811208169,377
11180.28,0.0048560444265604,0.0664217708011468,50
11180.77,0.0373947825282812,0.0910869895791014,97
11181.26,0.00963717512786388,0.0548334202418725,66
11181.73,0.0065219197422266,0.0544714812810222,332
11182.22,0.00421888753771782,0.0710487216711044,46
11182.71,0.00902657955884933,0.0750715217242638,321
11183.22,0.00857608392834663,0.0623164664333065,112
11183.71,0.00366321764886379,0.0544059413174788,75
11184.22,0.00661816075444221,0.060032373915116,82
11184.72,0.0189180485904217,0.108341875175635,114
11185.24,0.0735666528344154,0.176385344316562,372
11185.74,0.0103070344775915,0.061206408465902,73
11186.24,0.0036873072385788,0.0583597452690204,342
11186.7,0.00545984879136086,0.0560350886856516,-12
11187.13,0.0119299665093422,0.0787543753782908,43
11187.62,0.0147391557693481,0.0923506213972966,364
11188.19,0.00832514464855194,0.0733453674862782,77
11188.71,0.00662371516227722,0.0725699750085672,213
11189.15,0.00652347505092621,0.0676774463305871,21
11189.6,0.00710652768611908,0.0710799756149451,66
11190.11,0.00537240505218506,0.0760839271048705,359
11190.61,0.00515753962099552,0.0624622305234273,348
11191.11,0.0134110078215599,0.0546724144369364,50
11191.61,0.0105087757110596,0.0966328456997871,354
11192.1,0.00528346188366413,0.0492628406112393,237
11192.59,NaN,NaN,NaN
11193.12,NaN,NaN,NaN
11193.64,0.0131373424082994,0.0682920950154463,343
11194.14,0.020325118675828,0.0677358930309613,352
11194.62,0.00272169709205627,0.0461835584913691,-2
11195.11,0.0255803875625134,0.120642273997267,355
11195.59,0.0286329798400402,0.12882686406374,325
11196.1,0.0258992984890938,0.144577736655871,0
11196.61,0.00212486088275909,0.0606915249178807,41
11197.12,0.00218922644853592,0.0464030063400666,11
11197.61,0.0169680453836918,0.0864201628913482,315
11198.08,0.00340268015861511,0.0524846613407135,308
11198.55,0.00120298843830824,0.0260290910179416,93
11199.05,0.0106913335621357,0.0729999293883642,61
11199.56,0.0102977827191353,0.0490408952658375,76
11200.08,0.00355019047856331,0.0612409015496572,64
11200.58,0.0121890176087618,0.0529965277140339,353
11201.1,0.00838822312653065,0.0598678784444928,358
11201.61,0.00126109272241592,0.0342269856482744,109
11202.12,0.0367670096457005,0.139406825105349,78
11202.62,0.00103064719587564,0.0249617495574057,339
11203.09,0.00106948520988226,0.0219360920600593,89
11203.55,0.00437616743147373,0.037991074534754,110
11204.08,NaN,NaN,NaN
11204.61,0.013783298432827,0.078785960872968,69
11205.11,0.000666540116071701,0.0238105848742028,46
11205.57,NaN,NaN,NaN
11206.05,0.000431487336754799,0.0129909971728921,51
11206.56,0.000709698535501957,0.017963754478842,44
11207.09,0.00053798733279109,0.0145755022143324,329
11207.61,NaN,NaN,NaN
11208.16,0.00101530132815242,0.0113815954731156,290
11208.69,0.000779034569859505,0.0210001360004147,57
11209.21,0.00289677642285824,0.0242017625520627,45
11209.71,0.00169149786233902,0.0227924970289071,303
11210.16,0.00620929338037968,0.0424849300955733,272
11210.54,0.000919065438210964,0.0213173672867318,352
11211.02,0.00469721388071775,0.0298681802426775,317
11211.5,1.07474625110626e-06,0.000508403958519921,52
11212.03,NaN,NaN,NaN
11212.56,0.00162380188703537,0.020657300328215,93
11213.13,NaN,NaN,NaN
11214.35,NaN,NaN,NaN
11214.87,0.00994235649704933,0.0876949398467938,58
11215.45,0.00221728906035423,0.0385883882020911,-5
11216.03,0.00300325639545918,0.0374248527611295,368
11216.56,0.00415531359612942,0.0368565522755186,356
11217.11,0.00131859816610813,0.0373177252088984,81
11217.65,0.00285278633236885,0.034496248078843,370
11218.09,0.00180085841566324,0.0299910116009414,314
11218.38,0.00496321823447943,0.0275290037194888,186
11218.79,0.00059924554079771,0.0175379132851958,357
11219.35,0.000266220420598984,0.00863089823784927,321
11219.89,NaN,NaN,NaN
11220.5,0.000308526679873466,0.00820413379309078,365
11221.03,NaN,NaN,NaN
11221.5,0.00124967843294144,0.0145527233059208,40
11222.02,9.06838977243751e-08,0.000109633569688109,34
11222.5,0.143646312877536,0.125288646668196,14
11222.97,NaN,NaN,NaN
11223.46,0.000421612057834864,0.00955926859751344,37
11223.91,0.001139463391155,0.0157570578934004,39
11224.4,NaN,NaN,NaN
11224.93,NaN,NaN,NaN
11225.46,NaN,NaN,NaN
11258.27,NaN,NaN,NaN
11258.84,0.00338222458958626,0.0414930128802856,120
11259.34,0.00465612299740314,0.0445499351869027,232
11259.84,0.025029007345438,0.086217404032747,43
11260.33,0.00104187242686749,0.0210580773030718,28
11260.81,0.0102202463895082,0.0626222196345528,234
11261.29,0.00598781928420067,0.0395571887493134,40
11261.75,0.00292307883501053,0.0347660665089885,357
11262.2,0.00276396423578262,0.0282540381886065,320
11262.65,NaN,NaN,NaN
11263.15,0.00163132697343826,0.0353156564136346,67
11263.66,NaN,NaN,NaN
11264.24,NaN,NaN,NaN
11264.76,NaN,NaN,NaN
11265.28,NaN,NaN,NaN
11265.77,0.00124561414122581,0.0247621110950907,57
11266.28,0.00400950387120247,0.0392984555413326,109
11266.77,0.00045553594827652,0.0103892975797256,52
11267.22,0.000101829180493951,0.00719540321733803,79
11267.68,NaN,NaN,NaN
11268.15,0.000529014971107244,0.00937369108820955,362
11268.64,0.00340333394706249,0.0306978098427256,276
11269.18,0.00083018047735095,0.011929377913475,97
11269.67,3.28685855492949e-05,0.00218401496143391,51
11304.11,0.00331389717757702,0.0365239906435212,26
11305.63,0.00174673646688461,0.0523171735306581,335
11306.54,0.00340083986520767,0.0836924618730942,11
11307.08,0.00630633905529976,0.0771238654851913,4
11307.5,NaN,NaN,NaN
11308.04,0.00432438403367996,0.075139569118619,363
11308.52,NaN,NaN,NaN
11309.01,NaN,NaN,NaN
11309.53,NaN,NaN,NaN
11310.11,NaN,NaN,NaN
11310.64,NaN,NaN,NaN
11311.09,NaN,NaN,NaN
11373.5,NaN,NaN,NaN
11373.96,NaN,NaN,NaN
11374.74,NaN,NaN,NaN
11375.25,0.000992018729448318,0.0524741467088461,25
11375.69,NaN,NaN,NaN
11376.13,0.00938600301742554,0.0807691806306442,160
11376.5,NaN,NaN,NaN
11377.13,NaN,NaN,NaN
11377.59,NaN,NaN,NaN
11378.04,0.000854672864079475,0.0225234519069393,287
11378.5,NaN,NaN,NaN
11380.5,NaN,NaN,NaN
11380.97,0.00196827948093414,0.0329734149078528,372
11381.47,0.00189824216067791,0.0370579066996773,77
11382.02,0.00239810347557068,0.0379675741617878,0
11382.57,0.00256389752030373,0.0435354976604382,350
11383.08,0.00638694129884243,0.0491516611849268,243
11383.5,0.0033206045627594,0.0358647285029292,162
11383.95,0.002120615914464,0.0325196511112154,-7
11384.37,0.00458196923136711,0.0379299512133002,244
11384.87,0.00371051579713821,0.0385175102079908,225
11385.38,0.00191461853682995,0.0399066172540188,10
11385.88,0.00137330405414104,0.0377578440432747,330
11386.39,0.00120011903345585,0.0265868296846747,93
11386.89,0.00163229554891586,0.0385453381265203,363
11387.43,0.00652597099542618,0.0428456828619043,274
11387.93,0.00128245539963245,0.0295871888908247,327
11388.46,0.00184720009565353,0.0295998021028936,343
11388.96,0.00179668515920639,0.0374727531646689,42
11389.42,0.000546234659850597,0.0243731488784154,23
11389.87,0.00197544880211353,0.0326848686672747,18
11390.36,0.00261175725609064,0.0334092142681281,169
11390.87,0.000997535884380341,0.0244335549262663,46
11391.39,0.00330545194447041,0.0291527619895836,60
11391.89,0.00435069762170315,0.0301158869018157,303
11392.39,0.00113070104271173,0.0277835840048889,89
11392.88,0.00117740221321583,0.0329741503422459,159
11393.37,0.00240493565797806,0.0220805161322157,214
11393.86,0.000889191403985023,0.0221694706318279,69
11394.36,0.00129185803234577,0.0240800719087323,315
11394.82,0.000587038695812225,0.0244841311747829,15
11395.29,0.00079688336700201,0.021333526664724,-6
11395.77,0.00235629733651876,0.0282565662637353,81
11396.27,0.00230761617422104,0.0326097733341157,78
11396.74,0.0024236673489213,0.0276362205234667,308
11397.2,0.00115705747157335,0.0254083370479445,26
11397.65,0.000846713781356812,0.0174424954069157,274
11398.12,0.000727288424968719,0.0198477332790693,350
11398.63,0.00034006405621767,0.0204626880586147,314
11399.16,0.000427226535975933,0.0205922797322273,48
11399.65,0.00103231891989708,0.022845295102646,303
11400.14,0.00036411639302969,0.0219810283742845,10
11400.6,0.000345121137797832,0.0188327894235651,61
11401.06,0.00147819984704256,0.0253759978028635,-6
11401.51,0.00263972207903862,0.0288803793179492,184
11402.04,0.00103812012821436,0.0253169632827242,362
11402.61,0.00146345887333155,0.0214249853355189,66
11403.17,0.000775075517594814,0.0200612327704827,70
11403.71,0.00122569315135479,0.0219165983920296,181
11404.27,0.000524836592376232,0.0203536635575195,129
11404.81,0.000366517342627048,0.0213039613639315,36
11405.37,0.000854369718581438,0.0160697272513062,123
11405.91,0.000465285964310169,0.0161074960293869,37
11406.42,NaN,NaN,NaN
11406.91,NaN,NaN,NaN
11467.99,NaN,NaN,NaN
11468.45,NaN,NaN,NaN
11468.91,0.00232859142124653,0.0406878193219503,-10
11469.38,0.0014373566955328,0.0381570675720771,309
11469.92,0.00201705563813448,0.0318270954303443,319
11470.49,0.00183017365634441,0.0384917187814911,21
11470.97,0.0029650991782546,0.0311898334572713,314
11471.43,0.00390870682895184,0.0511850357676546,331
11471.95,0.00332008861005306,0.0371191628898183,252
11472.49,0.00423400104045868,0.040096590295434,338
11472.95,0.00149117037653923,0.0330032194033265,93
11473.41,0.00116715021431446,0.0366193496932586,328
11473.9,0.000783610157668591,0.0284936693497002,43
11474.41,NaN,NaN,NaN
11474.9,0.00274554826319218,0.0468864391247431,41
11475.39,NaN,NaN,NaN
11475.88,0.002532709389925,0.0500686001032591,88
11476.41,NaN,NaN,NaN
11476.94,0.00141081027686596,0.0374357601006826,336
11477.44,NaN,NaN,NaN
11477.95,0.00423206202685833,0.0500997379422188,104
11478.46,NaN,NaN,NaN
11478.9,0.00353626161813736,0.0466801688695947,126
11479.35,0.00303668528795242,0.0373035982872049,165
11479.84,0.00229675136506557,0.0478444456433256,377
11480.38,NaN,NaN,NaN
11480.92,0.00176860950887203,0.0569775781283776,5
11481.44,NaN,NaN,NaN
11481.91,0.00901426747441292,0.0841188735018174,158
11482.4,0.00326045230031013,0.0550650482376417,348
11482.89,0.00492733344435692,0.0745642054826021,11
11483.39,0.00656635314226151,0.0810256240268548,323
11483.88,0.00763467326760292,0.0552582759410143,243
11484.38,0.00517679378390312,0.0576148036246498,86
11484.88,0.00443770363926888,0.0622778649752339,367
11485.39,0.00460253655910492,0.0678022944678863,359
11485.89,0.00377914309501648,0.0705037613709768,325
11486.4,0.002500269562006,0.07214665474991,22
11486.89,0.0104860179126263,0.0874643791466951,109
11487.39,0.00434507429599762,0.0858522361765305,-5
11487.88,0.00429341942071915,0.0706961291531722,166
11488.4,0.00284567289054394,0.049919756129384,101
11488.89,0.00278891250491142,0.0570528845613201,37
11489.39,0.00537285953760147,0.0717298543701569,322
11489.89,0.00465488061308861,0.0772848464548588,345
11490.38,0.00369919091463089,0.0667224737505118,39
11490.86,0.00316277518868446,0.0611180442695816,51
11491.36,0.00442920252680779,0.0674614192297061,52
11491.85,0.00889299437403679,0.0680612294624249,339
11492.34,0.00387968495488167,0.0703822914510965,3
11492.83,NaN,NaN,NaN
11493.34,NaN,NaN,NaN
11493.81,NaN,NaN,NaN
11494.3,NaN,NaN,NaN
11495.55,NaN,NaN,NaN
11496.05,NaN,NaN,NaN
11496.54,NaN,NaN,NaN
11497.04,NaN,NaN,NaN
11497.54,0.0037635900080204,0.053401166262726,135
11498.06,0.00278707779943943,0.0528210631261269,-9
11498.56,0.00790656916797161,0.0655966044093172,169
11499.06,0.00313467904925346,0.0604642011846105,78
11499.55,0.00324258394539356,0.0499516952161988,8
11500.05,0.00283699482679367,0.0533429781595866,78
11500.54,0.0025902297347784,0.0583222381149729,77
11501.03,0.00483794324100018,0.0576023291796446,298
11501.51,0.00291219726204872,0.0544056746487816,34
11502,0.00325323268771172,0.0556358617419998,13
11502.49,0.00701262056827545,0.0616897804041704,191
11502.99,NaN,NaN,NaN
11503.49,0.00388607382774353,0.0641749358425538,327
11503.98,0.00266717560589314,0.0595298657814662,21
11504.5,0.0029141828417778,0.0630727261304855,-1
11505,0.00774962268769741,0.0648930150394638,227
11505.49,0.00281614437699318,0.0435803445676963,79
11505.98,0.00309168919920921,0.0610107605655988,321
11506.48,0.00383041240274906,0.0578692269821962,14
11506.98,0.00251306407153606,0.0498634617154797,254
11507.48,0.0021921768784523,0.0552831605697672,330
11507.98,0.00269529595971107,0.0659986318399509,374
11508.48,0.00438956916332245,0.0607341711098949,348
11508.96,0.00223763845860958,0.0571241096282999,3
11509.46,0.00895083881914616,0.059921002946794,147
11509.95,0.00149555131793022,0.0559132741764188,69
11510.46,0.00817185640335083,0.0716465407361587,54
11510.94,0.00436324253678322,0.0542174832274516,81
11511.45,0.00356702506542206,0.0504515040665865,29
11511.95,0.00393864326179028,0.0524173891171813,162
11512.46,0.00608356483280659,0.0571274956067403,339
11512.95,0.00213403813540936,0.0475689781208833,319
11513.45,0.00562066771090031,0.0562153325105707,330
11513.93,0.00262074917554855,0.0675249149401983,71
11514.43,0.00671324692666531,0.0535782513519128,141
11514.92,0.00306025892496109,0.0535134989768267,12
11515.43,0.00613184459507465,0.0527999696011345,7
11515.93,0.00442703627049923,0.050613516010344,219
11516.44,0.00614678300917149,0.0460583800449967,196
11516.93,0.00316674262285233,0.0483326263104876,39
11517.42,0.00199432298541069,0.0500374129042029,25
11517.92,NaN,NaN,NaN
11518.42,0.00309808179736137,0.048294966109097,20
11518.93,0.00427773781120777,0.0491186892613769,117
11519.43,0.0044663492590189,0.0645127100870013,237
11519.92,0.00299255922436714,0.0453716181218624,293
11520.42,0.00360559113323689,0.0598368061085542,114
11520.9,0.00223887898027897,0.044114309673508,76
11521.37,0.00247446447610855,0.0423752078786492,6
11521.83,0.00263655930757523,0.0474562160670757,173
11522.33,0.00157079473137856,0.0399736072868109,92
11522.82,0.00507142581045628,0.0472573330625892,209
11523.35,0.00202043727040291,0.0559845687821507,69
11523.89,0.00444922223687172,0.0584913737451037,-13
11524.4,0.0101579297333956,0.0657731300840775,27
11524.88,0.00141044333577156,0.0442462402085463,3
11525.37,0.00412309542298317,0.0487932479009032,48
11525.86,0.00845835916697979,0.0518261576071382,76
11526.35,0.00750831514596939,0.0630003515010079,137
11526.85,0.0080068577080965,0.0516307071472208,88
11527.35,0.00229595974087715,0.0397891784086823,23
11527.83,0.00288988463580608,0.0518315186103185,55
11528.32,0.00897733867168427,0.0645183104400833,240
11528.81,0.00153381563723087,0.0448103118687868,73
11529.3,0.00158688426017761,0.0396744242558877,76
11529.8,0.00611905381083488,0.0573017525797089,34
11530.34,0.00256573781371117,0.0490813904131452,316
11530.85,0.00295690074563026,0.0406250894690553,81
11531.35,0.00160434655845165,0.0484274125968417,-3
11531.83,0.0034045148640871,0.0515883055826028,36
11532.32,0.00128234922885895,0.0558241130784154,84
11532.79,0.00439361296594143,0.0494559056436022,287
11533.28,0.00324710085988045,0.0514699881896377,37
11533.8,0.00348843261599541,0.0583738756055633,94
11534.35,0.00478201173245907,0.0501525495201349,150
11534.84,0.00209107436239719,0.054802693426609,20
11535.31,0.00174985453486443,0.0526535945634047,48
11535.8,0.00231761112809181,0.0451863228032986,91
11536.26,0.00134173408150673,0.0548745443423589,367
11536.71,0.00287622585892677,0.0509527170409759,76
11537.26,0.00200208462774754,0.0511072340110938,43
11537.81,0.00675137527287006,0.0572198315834006,112
11538.31,0.00461867451667786,0.0639557105799516,195
11538.79,0.00284687615931034,0.0545234745368361,50
11539.27,0.00216873735189438,0.0536464089527726,79
11539.72,0.00393165647983551,0.0523584779972831,30
11540.19,0.00465720146894455,0.0576292611658573,175
11540.68,0.00336918048560619,0.0434903365870317,83
11541.18,0.00909214094281197,0.0520823032905658,231
11541.75,0.00592928938567638,0.0584606851140658,150
11542.34,0.00379994511604309,0.0475280890241265,84
11542.83,0.00517745688557625,0.0577707085758448,86
11543.26,0.00313348136842251,0.0524243755886952,72
11543.66,0.00695699825882912,0.0491960995520155,260
11544.15,0.00101674534380436,0.0425693659732739,42
11544.66,0.00861277431249619,0.0617109580586354,334
11545.13,0.00256913714110851,0.0495473683501283,8
11545.6,0.00214735977351665,0.0461759014676015,343
11546.1,0.00201000273227692,0.0414050988232096,318
11546.61,0.00529142282903194,0.0583379973346988,365
11547.16,0.00363893061876297,0.0528726056218147,3
11547.68,0.00216468796133995,0.054000045483311,319
11548.17,0.00349777564406395,0.0526050062229236,261
11548.65,0.00266805477440357,0.0357734129453699,294
11549.19,0.00148172862827778,0.0410426116238038,-10
11549.71,0.00259308703243732,0.0449609865124027,29
11550.21,NaN,NaN,NaN
11550.47,NaN,NaN,NaN
11550.9,NaN,NaN,NaN
11551.37,NaN,NaN,NaN
11551.96,NaN,NaN,NaN
11552.51,NaN,NaN,NaN
11552.83,NaN,NaN,NaN
11553.12,NaN,NaN,NaN
11553.59,NaN,NaN,NaN
11554.17,NaN,NaN,NaN
11554.77,NaN,NaN,NaN
11555.28,NaN,NaN,NaN
11555.68,NaN,NaN,NaN
11556.11,NaN,NaN,NaN
11556.6,NaN,NaN,NaN
11557.16,NaN,NaN,NaN
11557.71,NaN,NaN,NaN
11558.14,NaN,NaN,NaN
11558.54,NaN,NaN,NaN
11558.96,NaN,NaN,NaN
11559.5,NaN,NaN,NaN
11559.9,NaN,NaN,NaN
11560.5,NaN,NaN,NaN
11562.5,0.0149592235684395,0.12846077606082,78
11563.5,0.0047316811978817,0.0858031436800957,368
11564.26,0.00887511670589447,0.10366151543955,146
11565.35,0.00771690905094147,0.075942438095808,73
11565.88,0.00155364349484444,0.0340842986479402,346
11569.93,0.00787327066063881,0.0501006149376432,186
11570.4,0.00189864635467529,0.041122963031133,64
11570.86,0.00308208353817463,0.0442684364194671,-14
11571.33,0.00297905039042234,0.032600752543658,227
11571.83,0.00398142449557781,0.0444956061740716,282
11572.39,0.00459759123623371,0.0463465390106042,348
11572.91,0.00174662657082081,0.0413067989672224,66
11573.39,0.00342554412782192,0.0505501401300232,267
11573.85,0.00619753077626228,0.0618310164039334,370
11574.34,0.00322111137211323,0.0499318735674024,-11
11574.82,0.00143685936927795,0.0498338177179297,357
11575.34,0.00238337181508541,0.0530565309648712,-1
11575.86,0.00388789921998978,0.0496629637976488,371
11576.36,0.00279149413108826,0.0448918389156461,317
11576.85,0.00250248610973358,0.0501300472145279,79
11577.36,0.00117992982268333,0.0413067089393735,44
11577.87,0.00511540099978447,0.0574407676855723,40
11578.37,0.0034746415913105,0.0681911086042722,38
11578.86,0.00597806833684444,0.0477428175508976,32
11579.35,0.00267531350255013,0.0390532550712427,225
11579.81,0.00423417799174786,0.0439619061847528,8
11580.28,0.00184197723865509,0.0405080647518237,80
11580.76,0.00233796797692776,0.0546815457443396,47
11581.26,0.0016186386346817,0.0376643827185035,76
11581.75,0.00234079733490944,0.0435451433683435,71
11582.27,NaN,NaN,NaN
11582.77,NaN,NaN,NaN
11583.26,NaN,NaN,NaN
11583.73,0.00127361714839935,0.0406614349534114,70
11584.21,NaN,NaN,NaN
11584.71,0.00187565572559834,0.0460513007516662,21
11585.21,0.00156230293214321,0.0404902976006269,55
11585.65,0.000872492790222168,0.0380184842894475,10
11586.11,0.00252131000161171,0.0421268983433644,65
11586.67,0.00369727611541748,0.0544572360813618,30
11587.29,0.002364132553339,0.0514361414437493,95
11588.93,0.0051758885383606,0.0889640022069216,346
11589.5,NaN,NaN,NaN
11589.88,0.00204521417617798,0.0560872281591097,291
11590.45,NaN,NaN,NaN
11590.94,0.00771698355674744,0.0918129812926054,212
11591.47,NaN,NaN,NaN
11591.98,0.00738083571195602,0.0895058419555426,249
11592.47,NaN,NaN,NaN
11592.98,0.0119954887777567,0.0671841331447164,194
NaN,NaN,NaN,NaN
